CRITICAL - 2026-01-30 00:12:24 --> The action you requested is not allowed.
in SYSTEMPATH/Security/Security.php on line 286.
 1 SYSTEMPATH/Security/Security.php(286): CodeIgniter\Security\Exceptions\SecurityException::forDisallowedAction()
 2 SYSTEMPATH/Filters/CSRF.php(54): CodeIgniter\Security\Security->verify()
 3 SYSTEMPATH/Filters/Filters.php(173): CodeIgniter\Filters\CSRF->before()
 4 SYSTEMPATH/CodeIgniter.php(442): CodeIgniter\Filters\Filters->run()
 5 SYSTEMPATH/CodeIgniter.php(351): CodeIgniter\CodeIgniter->handleRequest()
 6 FCPATH/index.php(84): CodeIgniter\CodeIgniter->run()
CRITICAL - 2026-01-30 02:09:04 --> The action you requested is not allowed.
in SYSTEMPATH/Security/Security.php on line 286.
 1 SYSTEMPATH/Security/Security.php(286): CodeIgniter\Security\Exceptions\SecurityException::forDisallowedAction()
 2 SYSTEMPATH/Filters/CSRF.php(54): CodeIgniter\Security\Security->verify()
 3 SYSTEMPATH/Filters/Filters.php(173): CodeIgniter\Filters\CSRF->before()
 4 SYSTEMPATH/CodeIgniter.php(442): CodeIgniter\Filters\Filters->run()
 5 SYSTEMPATH/CodeIgniter.php(351): CodeIgniter\CodeIgniter->handleRequest()
 6 FCPATH/index.php(84): CodeIgniter\CodeIgniter->run()
ERROR - 2026-01-30 03:15:24 --> 
              SELECT SQL_CALC_FOUND_ROWS pur_rq_code, requester, department, request_date, project, rise_pur_request.status, rise_pur_request.id ,rise_pur_request.id,pur_rq_code,rise_team.title as department_title,first_name,last_name,rise_projects.title as project
              FROM rise_pur_request
              LEFT JOIN rise_team ON rise_team.id = rise_pur_request.department LEFT JOIN rise_users ON rise_users.id = rise_pur_request.requester LEFT JOIN rise_projects ON rise_projects.id = rise_pur_request.project
              
              
              
              ORDER BY pur_rq_code DESC
              LIMIT 0, 25
              
CRITICAL - 2026-01-30 03:15:24 --> Array
(
    [0] => Array
        (
            [pur_rq_code] => #-00449-2026
            [requester] => 15
            [department] => 2
            [request_date] => 2026-01-29 06:02:23
            [project] => RS2-2511-1033_HMM TS_Helium Leak Testing Quick Coupler
            [status] => 2
            [id] => 449
            [department_title] => Mechanical Team
            [first_name] => Ravi
            [last_name] => Saini
        )

    [1] => Array
        (
            [pur_rq_code] => #-00448-2026
            [requester] => 15
            [department] => 2
            [request_date] => 2026-01-29 05:44:14
            [project] => RS2-2511-1039_HMM TS_Door Assy Checking Poka-Yoka Fixture
            [status] => 2
            [id] => 448
            [department_title] => Mechanical Team
            [first_name] => Ravi
            [last_name] => Saini
        )

    [2] => Array
        (
            [pur_rq_code] => #-00447-2026
            [requester] => 55
            [department] => 2
            [request_date] => 2026-01-29 03:06:58
            [project] => RS2526-SPARE-E
            [status] => 2
            [id] => 447
            [department_title] => Mechanical Team
            [first_name] => Sahil
            [last_name] => Dhaka
        )

    [3] => Array
        (
            [pur_rq_code] => #-00446-2026
            [requester] => 14
            [department] => 2
            [request_date] => 2026-01-29 00:55:59
            [project] => RS1-2508-1081 Prospira Bond Test Machine
            [status] => 2
            [id] => 446
            [department_title] => Mechanical Team
            [first_name] => Sanish 
            [last_name] => Dhariwal
        )

    [4] => Array
        (
            [pur_rq_code] => #-00445-2026
            [requester] => 14
            [department] => 2
            [request_date] => 2026-01-29 00:29:40
            [project] => RS1-2508-1081 Prospira Bond Test Machine
            [status] => 1
            [id] => 445
            [department_title] => Mechanical Team
            [first_name] => Sanish 
            [last_name] => Dhariwal
        )

    [5] => Array
        (
            [pur_rq_code] => #-00444-2026
            [requester] => 55
            [department] => 2
            [request_date] => 2026-01-28 01:27:25
            [project] => RS1-2508-1081 Prospira Bond Test Machine
            [status] => 2
            [id] => 444
            [department_title] => Mechanical Team
            [first_name] => Sahil
            [last_name] => Dhaka
        )

    [6] => Array
        (
            [pur_rq_code] => #-00443-2026
            [requester] => 15
            [department] => 2
            [request_date] => 2026-01-28 00:28:22
            [project] => RS2-2511-1034_HMM TS_Main Line Fixture
            [status] => 2
            [id] => 443
            [department_title] => Mechanical Team
            [first_name] => Ravi
            [last_name] => Saini
        )

    [7] => Array
        (
            [pur_rq_code] => #-00442-2026
            [requester] => 15
            [department] => 2
            [request_date] => 2026-01-23 23:35:25
            [project] => RS2-2511-1033_HMM TS_Helium Leak Testing Quick Coupler
            [status] => 2
            [id] => 442
            [department_title] => Mechanical Team
            [first_name] => Ravi
            [last_name] => Saini
        )

    [8] => Array
        (
            [pur_rq_code] => #-00441-2026
            [requester] => 15
            [department] => 2
            [request_date] => 2026-01-23 23:21:13
            [project] => RS2-2511-1034_HMM TS_Main Line Fixture
            [status] => 2
            [id] => 441
            [department_title] => Mechanical Team
            [first_name] => Ravi
            [last_name] => Saini
        )

    [9] => Array
        (
            [pur_rq_code] => #-00440-2026
            [requester] => 9
            [department] => 2
            [request_date] => 2026-01-21 22:46:05
            [project] => RS2526-FIX-SS
            [status] => 2
            [id] => 440
            [department_title] => Mechanical Team
            [first_name] => Anand
            [last_name] => Dhariwal
        )

    [10] => Array
        (
            [pur_rq_code] => #-00439-2026
            [requester] => 11
            [department] => 1
            [request_date] => 2026-01-21 03:11:05
            [project] => RS2526-SHIN
            [status] => 2
            [id] => 439
            [department_title] => AUTOMATION
            [first_name] => Komal
            [last_name] => Yadav
        )

    [11] => Array
        (
            [pur_rq_code] => #-00438-2026
            [requester] => 11
            [department] => 1
            [request_date] => 2026-01-20 23:46:20
            [project] => RS2526-SHIN
            [status] => 2
            [id] => 438
            [department_title] => AUTOMATION
            [first_name] => Komal
            [last_name] => Yadav
        )

    [12] => Array
        (
            [pur_rq_code] => #-00437-2026
            [requester] => 55
            [department] => 2
            [request_date] => 2026-01-20 06:30:20
            [project] => RS2502-5174-1 Punch Forming, Finger Forming and Pipe Cutting  Machin
            [status] => 2
            [id] => 437
            [department_title] => Mechanical Team
            [first_name] => Sahil
            [last_name] => Dhaka
        )

    [13] => Array
        (
            [pur_rq_code] => #-00436-2026
            [requester] => 8
            [department] => 1
            [request_date] => 2026-01-20 05:23:42
            [project] => RS1-2508-1081 Prospira Bond Test Machine
            [status] => 2
            [id] => 436
            [department_title] => AUTOMATION
            [first_name] => Tikam
            [last_name] => Singh
        )

    [14] => Array
        (
            [pur_rq_code] => #-00435-2026
            [requester] => 21
            [department] => 2
            [request_date] => 2026-01-20 01:24:02
            [project] => RS3-2512-3008-HMCMM-TFR INSERTION
            [status] => 2
            [id] => 435
            [department_title] => Mechanical Team
            [first_name] => Parvesh
            [last_name] => Beniwal
        )

    [15] => Array
        (
            [pur_rq_code] => #-00434-2026
            [requester] => 21
            [department] => 0
            [request_date] => 2026-01-20 00:05:52
            [project] => RS3-2512-3008-HMCMM-TFR INSERTION
            [status] => 2
            [id] => 434
            [department_title] => 
            [first_name] => Parvesh
            [last_name] => Beniwal
        )

    [16] => Array
        (
            [pur_rq_code] => #-00433-2026
            [requester] => 21
            [department] => 2
            [request_date] => 2026-01-19 23:42:10
            [project] => RS2-2510-5324_Seat Testing Fixture
            [status] => 2
            [id] => 433
            [department_title] => Mechanical Team
            [first_name] => Parvesh
            [last_name] => Beniwal
        )

    [17] => Array
        (
            [pur_rq_code] => #-00432-2026
            [requester] => 14
            [department] => 2
            [request_date] => 2026-01-17 05:51:05
            [project] => RS2502-5174-1 Punch Forming, Finger Forming and Pipe Cutting  Machin
            [status] => 2
            [id] => 432
            [department_title] => Mechanical Team
            [first_name] => Sanish 
            [last_name] => Dhariwal
        )

    [18] => Array
        (
            [pur_rq_code] => #-00431-2026
            [requester] => 11
            [department] => 2
            [request_date] => 2026-01-17 04:47:03
            [project] => RS2526-SPARE-E
            [status] => 2
            [id] => 431
            [department_title] => Mechanical Team
            [first_name] => Komal
            [last_name] => Yadav
        )

    [19] => Array
        (
            [pur_rq_code] => #-00430-2026
            [requester] => 14
            [department] => 2
            [request_date] => 2026-01-17 04:43:11
            [project] => RS2502-5174-1 Punch Forming, Finger Forming and Pipe Cutting  Machin
            [status] => 2
            [id] => 430
            [department_title] => Mechanical Team
            [first_name] => Sanish 
            [last_name] => Dhariwal
        )

    [20] => Array
        (
            [pur_rq_code] => #-00429-2026
            [requester] => 21
            [department] => 0
            [request_date] => 2026-01-17 04:40:13
            [project] => RS2504-5253-02 Elevator for Mixer
            [status] => 2
            [id] => 429
            [department_title] => 
            [first_name] => Parvesh
            [last_name] => Beniwal
        )

    [21] => Array
        (
            [pur_rq_code] => #-00428-2026
            [requester] => 21
            [department] => 2
            [request_date] => 2026-01-17 04:32:57
            [project] => RS2504-5253-02 Elevator for Mixer
            [status] => 2
            [id] => 428
            [department_title] => Mechanical Team
            [first_name] => Parvesh
            [last_name] => Beniwal
        )

    [22] => Array
        (
            [pur_rq_code] => #-00426-2026
            [requester] => 11
            [department] => 2
            [request_date] => 2026-01-16 05:24:00
            [project] => RS2526-SHIN
            [status] => 2
            [id] => 426
            [department_title] => Mechanical Team
            [first_name] => Komal
            [last_name] => Yadav
        )

    [23] => Array
        (
            [pur_rq_code] => #-00425-2026
            [requester] => 31
            [department] => 2
            [request_date] => 2026-01-16 02:40:35
            [project] => RS2526-FIX-SS
            [status] => 2
            [id] => 425
            [department_title] => Mechanical Team
            [first_name] => Sudesh
            [last_name] => Kumar
        )

    [24] => Array
        (
            [pur_rq_code] => #-00424-2026
            [requester] => 11
            [department] => 1
            [request_date] => 2026-01-16 02:30:44
            [project] => RS2526-SHIN
            [status] => 2
            [id] => 424
            [department_title] => AUTOMATION
            [first_name] => Komal
            [last_name] => Yadav
        )

)

ERROR - 2026-01-30 03:27:09 --> 
              SELECT SQL_CALC_FOUND_ROWS pur_rq_code, requester, department, request_date, project, rise_pur_request.status, rise_pur_request.id ,rise_pur_request.id,pur_rq_code,rise_team.title as department_title,first_name,last_name,rise_projects.title as project
              FROM rise_pur_request
              LEFT JOIN rise_team ON rise_team.id = rise_pur_request.department LEFT JOIN rise_users ON rise_users.id = rise_pur_request.requester LEFT JOIN rise_projects ON rise_projects.id = rise_pur_request.project
              
              
              
              ORDER BY pur_rq_code DESC
              LIMIT 0, 25
              
CRITICAL - 2026-01-30 03:27:09 --> Array
(
    [0] => Array
        (
            [pur_rq_code] => #-00449-2026
            [requester] => 15
            [department] => 2
            [request_date] => 2026-01-29 06:02:23
            [project] => RS2-2511-1033_HMM TS_Helium Leak Testing Quick Coupler
            [status] => 2
            [id] => 449
            [department_title] => Mechanical Team
            [first_name] => Ravi
            [last_name] => Saini
        )

    [1] => Array
        (
            [pur_rq_code] => #-00448-2026
            [requester] => 15
            [department] => 2
            [request_date] => 2026-01-29 05:44:14
            [project] => RS2-2511-1039_HMM TS_Door Assy Checking Poka-Yoka Fixture
            [status] => 2
            [id] => 448
            [department_title] => Mechanical Team
            [first_name] => Ravi
            [last_name] => Saini
        )

    [2] => Array
        (
            [pur_rq_code] => #-00447-2026
            [requester] => 55
            [department] => 2
            [request_date] => 2026-01-29 03:06:58
            [project] => RS2526-SPARE-E
            [status] => 2
            [id] => 447
            [department_title] => Mechanical Team
            [first_name] => Sahil
            [last_name] => Dhaka
        )

    [3] => Array
        (
            [pur_rq_code] => #-00446-2026
            [requester] => 14
            [department] => 2
            [request_date] => 2026-01-29 00:55:59
            [project] => RS1-2508-1081 Prospira Bond Test Machine
            [status] => 2
            [id] => 446
            [department_title] => Mechanical Team
            [first_name] => Sanish 
            [last_name] => Dhariwal
        )

    [4] => Array
        (
            [pur_rq_code] => #-00445-2026
            [requester] => 14
            [department] => 2
            [request_date] => 2026-01-29 00:29:40
            [project] => RS1-2508-1081 Prospira Bond Test Machine
            [status] => 1
            [id] => 445
            [department_title] => Mechanical Team
            [first_name] => Sanish 
            [last_name] => Dhariwal
        )

    [5] => Array
        (
            [pur_rq_code] => #-00444-2026
            [requester] => 55
            [department] => 2
            [request_date] => 2026-01-28 01:27:25
            [project] => RS1-2508-1081 Prospira Bond Test Machine
            [status] => 2
            [id] => 444
            [department_title] => Mechanical Team
            [first_name] => Sahil
            [last_name] => Dhaka
        )

    [6] => Array
        (
            [pur_rq_code] => #-00443-2026
            [requester] => 15
            [department] => 2
            [request_date] => 2026-01-28 00:28:22
            [project] => RS2-2511-1034_HMM TS_Main Line Fixture
            [status] => 2
            [id] => 443
            [department_title] => Mechanical Team
            [first_name] => Ravi
            [last_name] => Saini
        )

    [7] => Array
        (
            [pur_rq_code] => #-00442-2026
            [requester] => 15
            [department] => 2
            [request_date] => 2026-01-23 23:35:25
            [project] => RS2-2511-1033_HMM TS_Helium Leak Testing Quick Coupler
            [status] => 2
            [id] => 442
            [department_title] => Mechanical Team
            [first_name] => Ravi
            [last_name] => Saini
        )

    [8] => Array
        (
            [pur_rq_code] => #-00441-2026
            [requester] => 15
            [department] => 2
            [request_date] => 2026-01-23 23:21:13
            [project] => RS2-2511-1034_HMM TS_Main Line Fixture
            [status] => 2
            [id] => 441
            [department_title] => Mechanical Team
            [first_name] => Ravi
            [last_name] => Saini
        )

    [9] => Array
        (
            [pur_rq_code] => #-00440-2026
            [requester] => 9
            [department] => 2
            [request_date] => 2026-01-21 22:46:05
            [project] => RS2526-FIX-SS
            [status] => 2
            [id] => 440
            [department_title] => Mechanical Team
            [first_name] => Anand
            [last_name] => Dhariwal
        )

    [10] => Array
        (
            [pur_rq_code] => #-00439-2026
            [requester] => 11
            [department] => 1
            [request_date] => 2026-01-21 03:11:05
            [project] => RS2526-SHIN
            [status] => 2
            [id] => 439
            [department_title] => AUTOMATION
            [first_name] => Komal
            [last_name] => Yadav
        )

    [11] => Array
        (
            [pur_rq_code] => #-00438-2026
            [requester] => 11
            [department] => 1
            [request_date] => 2026-01-20 23:46:20
            [project] => RS2526-SHIN
            [status] => 2
            [id] => 438
            [department_title] => AUTOMATION
            [first_name] => Komal
            [last_name] => Yadav
        )

    [12] => Array
        (
            [pur_rq_code] => #-00437-2026
            [requester] => 55
            [department] => 2
            [request_date] => 2026-01-20 06:30:20
            [project] => RS2502-5174-1 Punch Forming, Finger Forming and Pipe Cutting  Machin
            [status] => 2
            [id] => 437
            [department_title] => Mechanical Team
            [first_name] => Sahil
            [last_name] => Dhaka
        )

    [13] => Array
        (
            [pur_rq_code] => #-00436-2026
            [requester] => 8
            [department] => 1
            [request_date] => 2026-01-20 05:23:42
            [project] => RS1-2508-1081 Prospira Bond Test Machine
            [status] => 2
            [id] => 436
            [department_title] => AUTOMATION
            [first_name] => Tikam
            [last_name] => Singh
        )

    [14] => Array
        (
            [pur_rq_code] => #-00435-2026
            [requester] => 21
            [department] => 2
            [request_date] => 2026-01-20 01:24:02
            [project] => RS3-2512-3008-HMCMM-TFR INSERTION
            [status] => 2
            [id] => 435
            [department_title] => Mechanical Team
            [first_name] => Parvesh
            [last_name] => Beniwal
        )

    [15] => Array
        (
            [pur_rq_code] => #-00434-2026
            [requester] => 21
            [department] => 0
            [request_date] => 2026-01-20 00:05:52
            [project] => RS3-2512-3008-HMCMM-TFR INSERTION
            [status] => 2
            [id] => 434
            [department_title] => 
            [first_name] => Parvesh
            [last_name] => Beniwal
        )

    [16] => Array
        (
            [pur_rq_code] => #-00433-2026
            [requester] => 21
            [department] => 2
            [request_date] => 2026-01-19 23:42:10
            [project] => RS2-2510-5324_Seat Testing Fixture
            [status] => 2
            [id] => 433
            [department_title] => Mechanical Team
            [first_name] => Parvesh
            [last_name] => Beniwal
        )

    [17] => Array
        (
            [pur_rq_code] => #-00432-2026
            [requester] => 14
            [department] => 2
            [request_date] => 2026-01-17 05:51:05
            [project] => RS2502-5174-1 Punch Forming, Finger Forming and Pipe Cutting  Machin
            [status] => 2
            [id] => 432
            [department_title] => Mechanical Team
            [first_name] => Sanish 
            [last_name] => Dhariwal
        )

    [18] => Array
        (
            [pur_rq_code] => #-00431-2026
            [requester] => 11
            [department] => 2
            [request_date] => 2026-01-17 04:47:03
            [project] => RS2526-SPARE-E
            [status] => 2
            [id] => 431
            [department_title] => Mechanical Team
            [first_name] => Komal
            [last_name] => Yadav
        )

    [19] => Array
        (
            [pur_rq_code] => #-00430-2026
            [requester] => 14
            [department] => 2
            [request_date] => 2026-01-17 04:43:11
            [project] => RS2502-5174-1 Punch Forming, Finger Forming and Pipe Cutting  Machin
            [status] => 2
            [id] => 430
            [department_title] => Mechanical Team
            [first_name] => Sanish 
            [last_name] => Dhariwal
        )

    [20] => Array
        (
            [pur_rq_code] => #-00429-2026
            [requester] => 21
            [department] => 0
            [request_date] => 2026-01-17 04:40:13
            [project] => RS2504-5253-02 Elevator for Mixer
            [status] => 2
            [id] => 429
            [department_title] => 
            [first_name] => Parvesh
            [last_name] => Beniwal
        )

    [21] => Array
        (
            [pur_rq_code] => #-00428-2026
            [requester] => 21
            [department] => 2
            [request_date] => 2026-01-17 04:32:57
            [project] => RS2504-5253-02 Elevator for Mixer
            [status] => 2
            [id] => 428
            [department_title] => Mechanical Team
            [first_name] => Parvesh
            [last_name] => Beniwal
        )

    [22] => Array
        (
            [pur_rq_code] => #-00426-2026
            [requester] => 11
            [department] => 2
            [request_date] => 2026-01-16 05:24:00
            [project] => RS2526-SHIN
            [status] => 2
            [id] => 426
            [department_title] => Mechanical Team
            [first_name] => Komal
            [last_name] => Yadav
        )

    [23] => Array
        (
            [pur_rq_code] => #-00425-2026
            [requester] => 31
            [department] => 2
            [request_date] => 2026-01-16 02:40:35
            [project] => RS2526-FIX-SS
            [status] => 2
            [id] => 425
            [department_title] => Mechanical Team
            [first_name] => Sudesh
            [last_name] => Kumar
        )

    [24] => Array
        (
            [pur_rq_code] => #-00424-2026
            [requester] => 11
            [department] => 1
            [request_date] => 2026-01-16 02:30:44
            [project] => RS2526-SHIN
            [status] => 2
            [id] => 424
            [department_title] => AUTOMATION
            [first_name] => Komal
            [last_name] => Yadav
        )

)

ERROR - 2026-01-30 05:04:06 --> 
              SELECT SQL_CALC_FOUND_ROWS pur_rq_code, requester, department, request_date, project, rise_pur_request.status, rise_pur_request.id ,rise_pur_request.id,pur_rq_code,rise_team.title as department_title,first_name,last_name,rise_projects.title as project
              FROM rise_pur_request
              LEFT JOIN rise_team ON rise_team.id = rise_pur_request.department LEFT JOIN rise_users ON rise_users.id = rise_pur_request.requester LEFT JOIN rise_projects ON rise_projects.id = rise_pur_request.project
              
              
              
              ORDER BY pur_rq_code DESC
              LIMIT 0, 25
              
CRITICAL - 2026-01-30 05:04:06 --> Array
(
    [0] => Array
        (
            [pur_rq_code] => #-00449-2026
            [requester] => 15
            [department] => 2
            [request_date] => 2026-01-29 06:02:23
            [project] => RS2-2511-1033_HMM TS_Helium Leak Testing Quick Coupler
            [status] => 2
            [id] => 449
            [department_title] => Mechanical Team
            [first_name] => Ravi
            [last_name] => Saini
        )

    [1] => Array
        (
            [pur_rq_code] => #-00448-2026
            [requester] => 15
            [department] => 2
            [request_date] => 2026-01-29 05:44:14
            [project] => RS2-2511-1039_HMM TS_Door Assy Checking Poka-Yoka Fixture
            [status] => 2
            [id] => 448
            [department_title] => Mechanical Team
            [first_name] => Ravi
            [last_name] => Saini
        )

    [2] => Array
        (
            [pur_rq_code] => #-00447-2026
            [requester] => 55
            [department] => 2
            [request_date] => 2026-01-29 03:06:58
            [project] => RS2526-SPARE-E
            [status] => 2
            [id] => 447
            [department_title] => Mechanical Team
            [first_name] => Sahil
            [last_name] => Dhaka
        )

    [3] => Array
        (
            [pur_rq_code] => #-00446-2026
            [requester] => 14
            [department] => 2
            [request_date] => 2026-01-29 00:55:59
            [project] => RS1-2508-1081 Prospira Bond Test Machine
            [status] => 2
            [id] => 446
            [department_title] => Mechanical Team
            [first_name] => Sanish 
            [last_name] => Dhariwal
        )

    [4] => Array
        (
            [pur_rq_code] => #-00445-2026
            [requester] => 14
            [department] => 2
            [request_date] => 2026-01-29 00:29:40
            [project] => RS1-2508-1081 Prospira Bond Test Machine
            [status] => 1
            [id] => 445
            [department_title] => Mechanical Team
            [first_name] => Sanish 
            [last_name] => Dhariwal
        )

    [5] => Array
        (
            [pur_rq_code] => #-00444-2026
            [requester] => 55
            [department] => 2
            [request_date] => 2026-01-28 01:27:25
            [project] => RS1-2508-1081 Prospira Bond Test Machine
            [status] => 2
            [id] => 444
            [department_title] => Mechanical Team
            [first_name] => Sahil
            [last_name] => Dhaka
        )

    [6] => Array
        (
            [pur_rq_code] => #-00443-2026
            [requester] => 15
            [department] => 2
            [request_date] => 2026-01-28 00:28:22
            [project] => RS2-2511-1034_HMM TS_Main Line Fixture
            [status] => 2
            [id] => 443
            [department_title] => Mechanical Team
            [first_name] => Ravi
            [last_name] => Saini
        )

    [7] => Array
        (
            [pur_rq_code] => #-00442-2026
            [requester] => 15
            [department] => 2
            [request_date] => 2026-01-23 23:35:25
            [project] => RS2-2511-1033_HMM TS_Helium Leak Testing Quick Coupler
            [status] => 2
            [id] => 442
            [department_title] => Mechanical Team
            [first_name] => Ravi
            [last_name] => Saini
        )

    [8] => Array
        (
            [pur_rq_code] => #-00441-2026
            [requester] => 15
            [department] => 2
            [request_date] => 2026-01-23 23:21:13
            [project] => RS2-2511-1034_HMM TS_Main Line Fixture
            [status] => 2
            [id] => 441
            [department_title] => Mechanical Team
            [first_name] => Ravi
            [last_name] => Saini
        )

    [9] => Array
        (
            [pur_rq_code] => #-00440-2026
            [requester] => 9
            [department] => 2
            [request_date] => 2026-01-21 22:46:05
            [project] => RS2526-FIX-SS
            [status] => 2
            [id] => 440
            [department_title] => Mechanical Team
            [first_name] => Anand
            [last_name] => Dhariwal
        )

    [10] => Array
        (
            [pur_rq_code] => #-00439-2026
            [requester] => 11
            [department] => 1
            [request_date] => 2026-01-21 03:11:05
            [project] => RS2526-SHIN
            [status] => 2
            [id] => 439
            [department_title] => AUTOMATION
            [first_name] => Komal
            [last_name] => Yadav
        )

    [11] => Array
        (
            [pur_rq_code] => #-00438-2026
            [requester] => 11
            [department] => 1
            [request_date] => 2026-01-20 23:46:20
            [project] => RS2526-SHIN
            [status] => 2
            [id] => 438
            [department_title] => AUTOMATION
            [first_name] => Komal
            [last_name] => Yadav
        )

    [12] => Array
        (
            [pur_rq_code] => #-00437-2026
            [requester] => 55
            [department] => 2
            [request_date] => 2026-01-20 06:30:20
            [project] => RS2502-5174-1 Punch Forming, Finger Forming and Pipe Cutting  Machin
            [status] => 2
            [id] => 437
            [department_title] => Mechanical Team
            [first_name] => Sahil
            [last_name] => Dhaka
        )

    [13] => Array
        (
            [pur_rq_code] => #-00436-2026
            [requester] => 8
            [department] => 1
            [request_date] => 2026-01-20 05:23:42
            [project] => RS1-2508-1081 Prospira Bond Test Machine
            [status] => 2
            [id] => 436
            [department_title] => AUTOMATION
            [first_name] => Tikam
            [last_name] => Singh
        )

    [14] => Array
        (
            [pur_rq_code] => #-00435-2026
            [requester] => 21
            [department] => 2
            [request_date] => 2026-01-20 01:24:02
            [project] => RS3-2512-3008-HMCMM-TFR INSERTION
            [status] => 2
            [id] => 435
            [department_title] => Mechanical Team
            [first_name] => Parvesh
            [last_name] => Beniwal
        )

    [15] => Array
        (
            [pur_rq_code] => #-00434-2026
            [requester] => 21
            [department] => 0
            [request_date] => 2026-01-20 00:05:52
            [project] => RS3-2512-3008-HMCMM-TFR INSERTION
            [status] => 2
            [id] => 434
            [department_title] => 
            [first_name] => Parvesh
            [last_name] => Beniwal
        )

    [16] => Array
        (
            [pur_rq_code] => #-00433-2026
            [requester] => 21
            [department] => 2
            [request_date] => 2026-01-19 23:42:10
            [project] => RS2-2510-5324_Seat Testing Fixture
            [status] => 2
            [id] => 433
            [department_title] => Mechanical Team
            [first_name] => Parvesh
            [last_name] => Beniwal
        )

    [17] => Array
        (
            [pur_rq_code] => #-00432-2026
            [requester] => 14
            [department] => 2
            [request_date] => 2026-01-17 05:51:05
            [project] => RS2502-5174-1 Punch Forming, Finger Forming and Pipe Cutting  Machin
            [status] => 2
            [id] => 432
            [department_title] => Mechanical Team
            [first_name] => Sanish 
            [last_name] => Dhariwal
        )

    [18] => Array
        (
            [pur_rq_code] => #-00431-2026
            [requester] => 11
            [department] => 2
            [request_date] => 2026-01-17 04:47:03
            [project] => RS2526-SPARE-E
            [status] => 2
            [id] => 431
            [department_title] => Mechanical Team
            [first_name] => Komal
            [last_name] => Yadav
        )

    [19] => Array
        (
            [pur_rq_code] => #-00430-2026
            [requester] => 14
            [department] => 2
            [request_date] => 2026-01-17 04:43:11
            [project] => RS2502-5174-1 Punch Forming, Finger Forming and Pipe Cutting  Machin
            [status] => 2
            [id] => 430
            [department_title] => Mechanical Team
            [first_name] => Sanish 
            [last_name] => Dhariwal
        )

    [20] => Array
        (
            [pur_rq_code] => #-00429-2026
            [requester] => 21
            [department] => 0
            [request_date] => 2026-01-17 04:40:13
            [project] => RS2504-5253-02 Elevator for Mixer
            [status] => 2
            [id] => 429
            [department_title] => 
            [first_name] => Parvesh
            [last_name] => Beniwal
        )

    [21] => Array
        (
            [pur_rq_code] => #-00428-2026
            [requester] => 21
            [department] => 2
            [request_date] => 2026-01-17 04:32:57
            [project] => RS2504-5253-02 Elevator for Mixer
            [status] => 2
            [id] => 428
            [department_title] => Mechanical Team
            [first_name] => Parvesh
            [last_name] => Beniwal
        )

    [22] => Array
        (
            [pur_rq_code] => #-00426-2026
            [requester] => 11
            [department] => 2
            [request_date] => 2026-01-16 05:24:00
            [project] => RS2526-SHIN
            [status] => 2
            [id] => 426
            [department_title] => Mechanical Team
            [first_name] => Komal
            [last_name] => Yadav
        )

    [23] => Array
        (
            [pur_rq_code] => #-00425-2026
            [requester] => 31
            [department] => 2
            [request_date] => 2026-01-16 02:40:35
            [project] => RS2526-FIX-SS
            [status] => 2
            [id] => 425
            [department_title] => Mechanical Team
            [first_name] => Sudesh
            [last_name] => Kumar
        )

    [24] => Array
        (
            [pur_rq_code] => #-00424-2026
            [requester] => 11
            [department] => 1
            [request_date] => 2026-01-16 02:30:44
            [project] => RS2526-SHIN
            [status] => 2
            [id] => 424
            [department_title] => AUTOMATION
            [first_name] => Komal
            [last_name] => Yadav
        )

)

CRITICAL - 2026-01-30 05:15:28 --> The action you requested is not allowed.
in SYSTEMPATH/Security/Security.php on line 286.
 1 SYSTEMPATH/Security/Security.php(286): CodeIgniter\Security\Exceptions\SecurityException::forDisallowedAction()
 2 SYSTEMPATH/Filters/CSRF.php(54): CodeIgniter\Security\Security->verify()
 3 SYSTEMPATH/Filters/Filters.php(173): CodeIgniter\Filters\CSRF->before()
 4 SYSTEMPATH/CodeIgniter.php(442): CodeIgniter\Filters\Filters->run()
 5 SYSTEMPATH/CodeIgniter.php(351): CodeIgniter\CodeIgniter->handleRequest()
 6 FCPATH/index.php(84): CodeIgniter\CodeIgniter->run()
ERROR - 2026-01-30 05:36:26 --> 
              SELECT SQL_CALC_FOUND_ROWS pur_order_number, vendor, order_date, project, department, total, approve_status, delivery_date, delivery_status, number, expense_convert ,rise_pur_orders.id as id,company,pur_order_number,expense_convert,rise_projects.title as project_name,rise_team.title as department_name,currency
              FROM rise_pur_orders
              LEFT JOIN rise_pur_vendor ON rise_pur_vendor.userid = rise_pur_orders.vendor LEFT JOIN rise_team ON rise_team.id = rise_pur_orders.department LEFT JOIN rise_projects ON rise_projects.id = rise_pur_orders.project
              
              
              
              ORDER BY order_date DESC
              LIMIT 0, 25
              
CRITICAL - 2026-01-30 05:36:26 --> Array
(
    [0] => Array
        (
            [pur_order_number] => WTB-00620-Jan-2026-#045
            [vendor] => 45
            [order_date] => 2026-01-29
            [project] => 22
            [department] => 0
            [total] => 1386.82
            [approve_status] => 1
            [delivery_date] => 
            [delivery_status] => 1
            [number] => 620
            [expense_convert] => 0
            [id] => 577
            [company] => SMC Corporation (India) Pvt. Ltd.
            [project_name] => RS2502-5174-1 Punch Forming, Finger Forming and Pipe Cutting  Machin
            [department_name] => 
            [currency] => INR
        )

    [1] => Array
        (
            [pur_order_number] => WTB-00618-Jan-2026-#084
            [vendor] => 84
            [order_date] => 2026-01-29
            [project] => 18
            [department] => 0
            [total] => 42000.00
            [approve_status] => 1
            [delivery_date] => 
            [delivery_status] => 1
            [number] => 618
            [expense_convert] => 0
            [id] => 575
            [company] => Om Engineering Works
            [project_name] => RS2504-5253-02 Elevator for Mixer
            [department_name] => 
            [currency] => INR
        )

    [2] => Array
        (
            [pur_order_number] => WTB-00613-Jan-2026-022
            [vendor] => 22
            [order_date] => 2026-01-26
            [project] => 43
            [department] => 1
            [total] => 920.00
            [approve_status] => 2
            [delivery_date] => 
            [delivery_status] => 1
            [number] => 613
            [expense_convert] => 0
            [id] => 570
            [company] => BKN ELECTRICALS
            [project_name] => RS1-2508-1081 Prospira Bond Test Machine
            [department_name] => AUTOMATION
            [currency] => INR
        )

    [3] => Array
        (
            [pur_order_number] => WTB-00605-Jan-2026-177
            [vendor] => 177
            [order_date] => 2026-01-22
            [project] => 12
            [department] => 1
            [total] => 67500.00
            [approve_status] => 1
            [delivery_date] => 
            [delivery_status] => 1
            [number] => 605
            [expense_convert] => 0
            [id] => 562
            [company] => RETRO AUTOMATION PRIVATE LIMITED 
            [project_name] => RS2526-SHIN
            [department_name] => AUTOMATION
            [currency] => INR
        )

    [4] => Array
        (
            [pur_order_number] => WTB-00606-Jan-2026-#110
            [vendor] => 110
            [order_date] => 2026-01-22
            [project] => 11
            [department] => 2
            [total] => 76347.00
            [approve_status] => 1
            [delivery_date] => 
            [delivery_status] => 1
            [number] => 606
            [expense_convert] => 0
            [id] => 563
            [company] => RAJASTHAN HARDWARE
            [project_name] => RS2526-FIX-SS
            [department_name] => Mechanical Team
            [currency] => INR
        )

    [5] => Array
        (
            [pur_order_number] => WTB-00607-Jan-2026-#110
            [vendor] => 110
            [order_date] => 2026-01-22
            [project] => 11
            [department] => 2
            [total] => 77830.00
            [approve_status] => 1
            [delivery_date] => 
            [delivery_status] => 1
            [number] => 607
            [expense_convert] => 0
            [id] => 564
            [company] => RAJASTHAN HARDWARE
            [project_name] => RS2526-FIX-SS
            [department_name] => Mechanical Team
            [currency] => INR
        )

    [6] => Array
        (
            [pur_order_number] => WTB-00608-Jan-2026-#110
            [vendor] => 110
            [order_date] => 2026-01-22
            [project] => 11
            [department] => 2
            [total] => 48775.00
            [approve_status] => 1
            [delivery_date] => 
            [delivery_status] => 1
            [number] => 608
            [expense_convert] => 0
            [id] => 565
            [company] => RAJASTHAN HARDWARE
            [project_name] => RS2526-FIX-SS
            [department_name] => Mechanical Team
            [currency] => INR
        )

    [7] => Array
        (
            [pur_order_number] => WTB-00609-Jan-2026-#180
            [vendor] => 180
            [order_date] => 2026-01-22
            [project] => 22
            [department] => 2
            [total] => 600.00
            [approve_status] => 1
            [delivery_date] => 
            [delivery_status] => 1
            [number] => 609
            [expense_convert] => 0
            [id] => 566
            [company] => KHAZANI HYDRAULICS PRIVATED LIMITED 
            [project_name] => RS2502-5174-1 Punch Forming, Finger Forming and Pipe Cutting  Machin
            [department_name] => Mechanical Team
            [currency] => INR
        )

    [8] => Array
        (
            [pur_order_number] => WTB-00610-Jan-2026-#075
            [vendor] => 75
            [order_date] => 2026-01-22
            [project] => 12
            [department] => 1
            [total] => 320660.28
            [approve_status] => 1
            [delivery_date] => 
            [delivery_status] => 1
            [number] => 610
            [expense_convert] => 0
            [id] => 567
            [company] => Jindal Electric & Hardware
            [project_name] => RS2526-SHIN
            [department_name] => AUTOMATION
            [currency] => INR
        )

    [9] => Array
        (
            [pur_order_number] => WTB-00611-Jan-2026-003
            [vendor] => 13
            [order_date] => 2026-01-22
            [project] => 58
            [department] => 2
            [total] => 721.60
            [approve_status] => 2
            [delivery_date] => 
            [delivery_status] => 1
            [number] => 611
            [expense_convert] => 0
            [id] => 568
            [company] => Misumi India Pvt Ltd.
            [project_name] => RS3-2512-3008-HMCMM-TFR INSERTION
            [department_name] => Mechanical Team
            [currency] => INR
        )

    [10] => Array
        (
            [pur_order_number] => WTB-00612-Jan-2026-032
            [vendor] => 32
            [order_date] => 2026-01-22
            [project] => 58
            [department] => 2
            [total] => 200.00
            [approve_status] => 2
            [delivery_date] => 
            [delivery_status] => 1
            [number] => 612
            [expense_convert] => 0
            [id] => 569
            [company] => Manglam Sales
            [project_name] => RS3-2512-3008-HMCMM-TFR INSERTION
            [department_name] => Mechanical Team
            [currency] => INR
        )

    [11] => Array
        (
            [pur_order_number] => WTB-00603-Jan-2026-#50 
            [vendor] => 50
            [order_date] => 2026-01-21
            [project] => 38
            [department] => 1
            [total] => 2638.10
            [approve_status] => 1
            [delivery_date] => 
            [delivery_status] => 1
            [number] => 603
            [expense_convert] => 0
            [id] => 560
            [company] => Sunrise Industrial Products
            [project_name] => RS2526-SPARE-E
            [department_name] => AUTOMATION
            [currency] => INR
        )

    [12] => Array
        (
            [pur_order_number] => WTB-00604-Jan-2026-008
            [vendor] => 18
            [order_date] => 2026-01-21
            [project] => 22
            [department] => 0
            [total] => 970700.00
            [approve_status] => 1
            [delivery_date] => 
            [delivery_status] => 1
            [number] => 604
            [expense_convert] => 0
            [id] => 561
            [company] => Yamazen Machinery & Tools India Private Limited
            [project_name] => RS2502-5174-1 Punch Forming, Finger Forming and Pipe Cutting  Machin
            [department_name] => 
            [currency] => INR
        )

    [13] => Array
        (
            [pur_order_number] => WTB-00602-Jan-2026-#045
            [vendor] => 45
            [order_date] => 2026-01-18
            [project] => 12
            [department] => 1
            [total] => 65527.70
            [approve_status] => 1
            [delivery_date] => 
            [delivery_status] => 1
            [number] => 602
            [expense_convert] => 0
            [id] => 559
            [company] => SMC Corporation (India) Pvt. Ltd.
            [project_name] => RS2526-SHIN
            [department_name] => AUTOMATION
            [currency] => INR
        )

    [14] => Array
        (
            [pur_order_number] => WTB-00596-Jan-2026-#096
            [vendor] => 96
            [order_date] => 2026-01-17
            [project] => 18
            [department] => 2
            [total] => 1257.00
            [approve_status] => 2
            [delivery_date] => 
            [delivery_status] => 1
            [number] => 596
            [expense_convert] => 0
            [id] => 553
            [company] => Tara Hardware And Electrical
            [project_name] => RS2504-5253-02 Elevator for Mixer
            [department_name] => Mechanical Team
            [currency] => INR
        )

    [15] => Array
        (
            [pur_order_number] => WTB-00597-Jan-2026-#096
            [vendor] => 96
            [order_date] => 2026-01-17
            [project] => 18
            [department] => 2
            [total] => 1755.08
            [approve_status] => 2
            [delivery_date] => 
            [delivery_status] => 1
            [number] => 597
            [expense_convert] => 0
            [id] => 554
            [company] => Tara Hardware And Electrical
            [project_name] => RS2504-5253-02 Elevator for Mixer
            [department_name] => Mechanical Team
            [currency] => INR
        )

    [16] => Array
        (
            [pur_order_number] => WTB-00598-Jan-2026-#096
            [vendor] => 96
            [order_date] => 2026-01-17
            [project] => 18
            [department] => 2
            [total] => 803.55
            [approve_status] => 2
            [delivery_date] => 
            [delivery_status] => 1
            [number] => 598
            [expense_convert] => 0
            [id] => 555
            [company] => Tara Hardware And Electrical
            [project_name] => RS2504-5253-02 Elevator for Mixer
            [department_name] => Mechanical Team
            [currency] => INR
        )

    [17] => Array
        (
            [pur_order_number] => WTB-00599-Jan-2026-#096
            [vendor] => 96
            [order_date] => 2026-01-17
            [project] => 18
            [department] => 2
            [total] => 1030.00
            [approve_status] => 2
            [delivery_date] => 
            [delivery_status] => 1
            [number] => 599
            [expense_convert] => 0
            [id] => 556
            [company] => Tara Hardware And Electrical
            [project_name] => RS2504-5253-02 Elevator for Mixer
            [department_name] => Mechanical Team
            [currency] => INR
        )

    [18] => Array
        (
            [pur_order_number] => WTB-00600-Jan-2026-#172
            [vendor] => 172
            [order_date] => 2026-01-17
            [project] => 18
            [department] => 2
            [total] => 3033.82
            [approve_status] => 2
            [delivery_date] => 
            [delivery_status] => 1
            [number] => 600
            [expense_convert] => 0
            [id] => 557
            [company] => SHYAM HARDWARE STORE 
            [project_name] => RS2504-5253-02 Elevator for Mixer
            [department_name] => Mechanical Team
            [currency] => INR
        )

    [19] => Array
        (
            [pur_order_number] => WTB-00601-Jan-2026-#180
            [vendor] => 180
            [order_date] => 2026-01-17
            [project] => 22
            [department] => 2
            [total] => 3200.00
            [approve_status] => 1
            [delivery_date] => 
            [delivery_status] => 1
            [number] => 601
            [expense_convert] => 0
            [id] => 558
            [company] => KHAZANI HYDRAULICS PRIVATED LIMITED 
            [project_name] => RS2502-5174-1 Punch Forming, Finger Forming and Pipe Cutting  Machin
            [department_name] => Mechanical Team
            [currency] => INR
        )

    [20] => Array
        (
            [pur_order_number] => WTB-00592-Jan-2026-005
            [vendor] => 15
            [order_date] => 2026-01-16
            [project] => 12
            [department] => 1
            [total] => 29000.00
            [approve_status] => 2
            [delivery_date] => 
            [delivery_status] => 1
            [number] => 592
            [expense_convert] => 0
            [id] => 549
            [company] => Factory Automation Private Limited
            [project_name] => RS2526-SHIN
            [department_name] => AUTOMATION
            [currency] => INR
        )

    [21] => Array
        (
            [pur_order_number] => WTB-00593-Jan-2026-179
            [vendor] => 179
            [order_date] => 2026-01-16
            [project] => 11
            [department] => 2
            [total] => 5212.00
            [approve_status] => 2
            [delivery_date] => 
            [delivery_status] => 1
            [number] => 593
            [expense_convert] => 0
            [id] => 550
            [company] => RAJA MOTORS
            [project_name] => RS2526-FIX-SS
            [department_name] => Mechanical Team
            [currency] => INR
        )

    [22] => Array
        (
            [pur_order_number] => WTB-00594-Jan-2026-#040
            [vendor] => 40
            [order_date] => 2026-01-16
            [project] => 12
            [department] => 1
            [total] => 43166.00
            [approve_status] => 2
            [delivery_date] => 
            [delivery_status] => 1
            [number] => 594
            [expense_convert] => 0
            [id] => 551
            [company] => Vashi Integrated Solutions Limited
            [project_name] => RS2526-SHIN
            [department_name] => AUTOMATION
            [currency] => INR
        )

    [23] => Array
        (
            [pur_order_number] => WTB-00595-Jan-2026-#040
            [vendor] => 40
            [order_date] => 2026-01-16
            [project] => 12
            [department] => 1
            [total] => 224119.40
            [approve_status] => 2
            [delivery_date] => 
            [delivery_status] => 1
            [number] => 595
            [expense_convert] => 0
            [id] => 552
            [company] => Vashi Integrated Solutions Limited
            [project_name] => RS2526-SHIN
            [department_name] => AUTOMATION
            [currency] => INR
        )

    [24] => Array
        (
            [pur_order_number] => WTB-00591-Jan-2026-#045
            [vendor] => 45
            [order_date] => 2026-01-15
            [project] => 12
            [department] => 2
            [total] => 2804.70
            [approve_status] => 2
            [delivery_date] => 
            [delivery_status] => 1
            [number] => 591
            [expense_convert] => 0
            [id] => 548
            [company] => SMC Corporation (India) Pvt. Ltd.
            [project_name] => RS2526-SHIN
            [department_name] => Mechanical Team
            [currency] => INR
        )

)

CRITICAL - 2026-01-30 05:36:26 --> Array
(
    [0] => Array
        (
            [pur_order_number] => WTB-00620-Jan-2026-#045
            [vendor] => 45
            [order_date] => 2026-01-29
            [project] => 22
            [department] => 0
            [total] => 1386.82
            [approve_status] => 1
            [delivery_date] => 
            [delivery_status] => 1
            [number] => 620
            [expense_convert] => 0
            [id] => 577
            [company] => SMC Corporation (India) Pvt. Ltd.
            [project_name] => RS2502-5174-1 Punch Forming, Finger Forming and Pipe Cutting  Machin
            [department_name] => 
            [currency] => INR
            [items] => Array
                (
                )

        )

    [1] => Array
        (
            [pur_order_number] => WTB-00618-Jan-2026-#084
            [vendor] => 84
            [order_date] => 2026-01-29
            [project] => 18
            [department] => 0
            [total] => 42000.00
            [approve_status] => 1
            [delivery_date] => 
            [delivery_status] => 1
            [number] => 618
            [expense_convert] => 0
            [id] => 575
            [company] => Om Engineering Works
            [project_name] => RS2504-5253-02 Elevator for Mixer
            [department_name] => 
            [currency] => INR
            [items] => Array
                (
                )

        )

    [2] => Array
        (
            [pur_order_number] => WTB-00613-Jan-2026-022
            [vendor] => 22
            [order_date] => 2026-01-26
            [project] => 43
            [department] => 1
            [total] => 920.00
            [approve_status] => 2
            [delivery_date] => 
            [delivery_status] => 1
            [number] => 613
            [expense_convert] => 0
            [id] => 570
            [company] => BKN ELECTRICALS
            [project_name] => RS1-2508-1081 Prospira Bond Test Machine
            [department_name] => AUTOMATION
            [currency] => INR
            [items] => Array
                (
                )

        )

    [3] => Array
        (
            [pur_order_number] => WTB-00605-Jan-2026-177
            [vendor] => 177
            [order_date] => 2026-01-22
            [project] => 12
            [department] => 1
            [total] => 67500.00
            [approve_status] => 1
            [delivery_date] => 
            [delivery_status] => 1
            [number] => 605
            [expense_convert] => 0
            [id] => 562
            [company] => RETRO AUTOMATION PRIVATE LIMITED 
            [project_name] => RS2526-SHIN
            [department_name] => AUTOMATION
            [currency] => INR
            [items] => Array
                (
                )

        )

    [4] => Array
        (
            [pur_order_number] => WTB-00606-Jan-2026-#110
            [vendor] => 110
            [order_date] => 2026-01-22
            [project] => 11
            [department] => 2
            [total] => 76347.00
            [approve_status] => 1
            [delivery_date] => 
            [delivery_status] => 1
            [number] => 606
            [expense_convert] => 0
            [id] => 563
            [company] => RAJASTHAN HARDWARE
            [project_name] => RS2526-FIX-SS
            [department_name] => Mechanical Team
            [currency] => INR
            [items] => Array
                (
                )

        )

    [5] => Array
        (
            [pur_order_number] => WTB-00607-Jan-2026-#110
            [vendor] => 110
            [order_date] => 2026-01-22
            [project] => 11
            [department] => 2
            [total] => 77830.00
            [approve_status] => 1
            [delivery_date] => 
            [delivery_status] => 1
            [number] => 607
            [expense_convert] => 0
            [id] => 564
            [company] => RAJASTHAN HARDWARE
            [project_name] => RS2526-FIX-SS
            [department_name] => Mechanical Team
            [currency] => INR
            [items] => Array
                (
                )

        )

    [6] => Array
        (
            [pur_order_number] => WTB-00608-Jan-2026-#110
            [vendor] => 110
            [order_date] => 2026-01-22
            [project] => 11
            [department] => 2
            [total] => 48775.00
            [approve_status] => 1
            [delivery_date] => 
            [delivery_status] => 1
            [number] => 608
            [expense_convert] => 0
            [id] => 565
            [company] => RAJASTHAN HARDWARE
            [project_name] => RS2526-FIX-SS
            [department_name] => Mechanical Team
            [currency] => INR
            [items] => Array
                (
                )

        )

    [7] => Array
        (
            [pur_order_number] => WTB-00609-Jan-2026-#180
            [vendor] => 180
            [order_date] => 2026-01-22
            [project] => 22
            [department] => 2
            [total] => 600.00
            [approve_status] => 1
            [delivery_date] => 
            [delivery_status] => 1
            [number] => 609
            [expense_convert] => 0
            [id] => 566
            [company] => KHAZANI HYDRAULICS PRIVATED LIMITED 
            [project_name] => RS2502-5174-1 Punch Forming, Finger Forming and Pipe Cutting  Machin
            [department_name] => Mechanical Team
            [currency] => INR
            [items] => Array
                (
                )

        )

    [8] => Array
        (
            [pur_order_number] => WTB-00610-Jan-2026-#075
            [vendor] => 75
            [order_date] => 2026-01-22
            [project] => 12
            [department] => 1
            [total] => 320660.28
            [approve_status] => 1
            [delivery_date] => 
            [delivery_status] => 1
            [number] => 610
            [expense_convert] => 0
            [id] => 567
            [company] => Jindal Electric & Hardware
            [project_name] => RS2526-SHIN
            [department_name] => AUTOMATION
            [currency] => INR
            [items] => Array
                (
                )

        )

    [9] => Array
        (
            [pur_order_number] => WTB-00611-Jan-2026-003
            [vendor] => 13
            [order_date] => 2026-01-22
            [project] => 58
            [department] => 2
            [total] => 721.60
            [approve_status] => 2
            [delivery_date] => 
            [delivery_status] => 1
            [number] => 611
            [expense_convert] => 0
            [id] => 568
            [company] => Misumi India Pvt Ltd.
            [project_name] => RS3-2512-3008-HMCMM-TFR INSERTION
            [department_name] => Mechanical Team
            [currency] => INR
            [items] => Array
                (
                )

        )

    [10] => Array
        (
            [pur_order_number] => WTB-00612-Jan-2026-032
            [vendor] => 32
            [order_date] => 2026-01-22
            [project] => 58
            [department] => 2
            [total] => 200.00
            [approve_status] => 2
            [delivery_date] => 
            [delivery_status] => 1
            [number] => 612
            [expense_convert] => 0
            [id] => 569
            [company] => Manglam Sales
            [project_name] => RS3-2512-3008-HMCMM-TFR INSERTION
            [department_name] => Mechanical Team
            [currency] => INR
            [items] => Array
                (
                )

        )

    [11] => Array
        (
            [pur_order_number] => WTB-00603-Jan-2026-#50 
            [vendor] => 50
            [order_date] => 2026-01-21
            [project] => 38
            [department] => 1
            [total] => 2638.10
            [approve_status] => 1
            [delivery_date] => 
            [delivery_status] => 1
            [number] => 603
            [expense_convert] => 0
            [id] => 560
            [company] => Sunrise Industrial Products
            [project_name] => RS2526-SPARE-E
            [department_name] => AUTOMATION
            [currency] => INR
            [items] => Array
                (
                )

        )

    [12] => Array
        (
            [pur_order_number] => WTB-00604-Jan-2026-008
            [vendor] => 18
            [order_date] => 2026-01-21
            [project] => 22
            [department] => 0
            [total] => 970700.00
            [approve_status] => 1
            [delivery_date] => 
            [delivery_status] => 1
            [number] => 604
            [expense_convert] => 0
            [id] => 561
            [company] => Yamazen Machinery & Tools India Private Limited
            [project_name] => RS2502-5174-1 Punch Forming, Finger Forming and Pipe Cutting  Machin
            [department_name] => 
            [currency] => INR
            [items] => Array
                (
                )

        )

    [13] => Array
        (
            [pur_order_number] => WTB-00602-Jan-2026-#045
            [vendor] => 45
            [order_date] => 2026-01-18
            [project] => 12
            [department] => 1
            [total] => 65527.70
            [approve_status] => 1
            [delivery_date] => 
            [delivery_status] => 1
            [number] => 602
            [expense_convert] => 0
            [id] => 559
            [company] => SMC Corporation (India) Pvt. Ltd.
            [project_name] => RS2526-SHIN
            [department_name] => AUTOMATION
            [currency] => INR
            [items] => Array
                (
                )

        )

    [14] => Array
        (
            [pur_order_number] => WTB-00596-Jan-2026-#096
            [vendor] => 96
            [order_date] => 2026-01-17
            [project] => 18
            [department] => 2
            [total] => 1257.00
            [approve_status] => 2
            [delivery_date] => 
            [delivery_status] => 1
            [number] => 596
            [expense_convert] => 0
            [id] => 553
            [company] => Tara Hardware And Electrical
            [project_name] => RS2504-5253-02 Elevator for Mixer
            [department_name] => Mechanical Team
            [currency] => INR
            [items] => Array
                (
                )

        )

    [15] => Array
        (
            [pur_order_number] => WTB-00597-Jan-2026-#096
            [vendor] => 96
            [order_date] => 2026-01-17
            [project] => 18
            [department] => 2
            [total] => 1755.08
            [approve_status] => 2
            [delivery_date] => 
            [delivery_status] => 1
            [number] => 597
            [expense_convert] => 0
            [id] => 554
            [company] => Tara Hardware And Electrical
            [project_name] => RS2504-5253-02 Elevator for Mixer
            [department_name] => Mechanical Team
            [currency] => INR
            [items] => Array
                (
                )

        )

    [16] => Array
        (
            [pur_order_number] => WTB-00598-Jan-2026-#096
            [vendor] => 96
            [order_date] => 2026-01-17
            [project] => 18
            [department] => 2
            [total] => 803.55
            [approve_status] => 2
            [delivery_date] => 
            [delivery_status] => 1
            [number] => 598
            [expense_convert] => 0
            [id] => 555
            [company] => Tara Hardware And Electrical
            [project_name] => RS2504-5253-02 Elevator for Mixer
            [department_name] => Mechanical Team
            [currency] => INR
            [items] => Array
                (
                )

        )

    [17] => Array
        (
            [pur_order_number] => WTB-00599-Jan-2026-#096
            [vendor] => 96
            [order_date] => 2026-01-17
            [project] => 18
            [department] => 2
            [total] => 1030.00
            [approve_status] => 2
            [delivery_date] => 
            [delivery_status] => 1
            [number] => 599
            [expense_convert] => 0
            [id] => 556
            [company] => Tara Hardware And Electrical
            [project_name] => RS2504-5253-02 Elevator for Mixer
            [department_name] => Mechanical Team
            [currency] => INR
            [items] => Array
                (
                )

        )

    [18] => Array
        (
            [pur_order_number] => WTB-00600-Jan-2026-#172
            [vendor] => 172
            [order_date] => 2026-01-17
            [project] => 18
            [department] => 2
            [total] => 3033.82
            [approve_status] => 2
            [delivery_date] => 
            [delivery_status] => 1
            [number] => 600
            [expense_convert] => 0
            [id] => 557
            [company] => SHYAM HARDWARE STORE 
            [project_name] => RS2504-5253-02 Elevator for Mixer
            [department_name] => Mechanical Team
            [currency] => INR
            [items] => Array
                (
                )

        )

    [19] => Array
        (
            [pur_order_number] => WTB-00601-Jan-2026-#180
            [vendor] => 180
            [order_date] => 2026-01-17
            [project] => 22
            [department] => 2
            [total] => 3200.00
            [approve_status] => 1
            [delivery_date] => 
            [delivery_status] => 1
            [number] => 601
            [expense_convert] => 0
            [id] => 558
            [company] => KHAZANI HYDRAULICS PRIVATED LIMITED 
            [project_name] => RS2502-5174-1 Punch Forming, Finger Forming and Pipe Cutting  Machin
            [department_name] => Mechanical Team
            [currency] => INR
            [items] => Array
                (
                )

        )

    [20] => Array
        (
            [pur_order_number] => WTB-00592-Jan-2026-005
            [vendor] => 15
            [order_date] => 2026-01-16
            [project] => 12
            [department] => 1
            [total] => 29000.00
            [approve_status] => 2
            [delivery_date] => 
            [delivery_status] => 1
            [number] => 592
            [expense_convert] => 0
            [id] => 549
            [company] => Factory Automation Private Limited
            [project_name] => RS2526-SHIN
            [department_name] => AUTOMATION
            [currency] => INR
            [items] => Array
                (
                )

        )

    [21] => Array
        (
            [pur_order_number] => WTB-00593-Jan-2026-179
            [vendor] => 179
            [order_date] => 2026-01-16
            [project] => 11
            [department] => 2
            [total] => 5212.00
            [approve_status] => 2
            [delivery_date] => 
            [delivery_status] => 1
            [number] => 593
            [expense_convert] => 0
            [id] => 550
            [company] => RAJA MOTORS
            [project_name] => RS2526-FIX-SS
            [department_name] => Mechanical Team
            [currency] => INR
            [items] => Array
                (
                )

        )

    [22] => Array
        (
            [pur_order_number] => WTB-00594-Jan-2026-#040
            [vendor] => 40
            [order_date] => 2026-01-16
            [project] => 12
            [department] => 1
            [total] => 43166.00
            [approve_status] => 2
            [delivery_date] => 
            [delivery_status] => 1
            [number] => 594
            [expense_convert] => 0
            [id] => 551
            [company] => Vashi Integrated Solutions Limited
            [project_name] => RS2526-SHIN
            [department_name] => AUTOMATION
            [currency] => INR
            [items] => Array
                (
                )

        )

    [23] => Array
        (
            [pur_order_number] => WTB-00595-Jan-2026-#040
            [vendor] => 40
            [order_date] => 2026-01-16
            [project] => 12
            [department] => 1
            [total] => 224119.40
            [approve_status] => 2
            [delivery_date] => 
            [delivery_status] => 1
            [number] => 595
            [expense_convert] => 0
            [id] => 552
            [company] => Vashi Integrated Solutions Limited
            [project_name] => RS2526-SHIN
            [department_name] => AUTOMATION
            [currency] => INR
            [items] => Array
                (
                )

        )

    [24] => Array
        (
            [pur_order_number] => WTB-00591-Jan-2026-#045
            [vendor] => 45
            [order_date] => 2026-01-15
            [project] => 12
            [department] => 2
            [total] => 2804.70
            [approve_status] => 2
            [delivery_date] => 
            [delivery_status] => 1
            [number] => 591
            [expense_convert] => 0
            [id] => 548
            [company] => SMC Corporation (India) Pvt. Ltd.
            [project_name] => RS2526-SHIN
            [department_name] => Mechanical Team
            [currency] => INR
            [items] => Array
                (
                )

        )

)

ERROR - 2026-01-30 05:39:28 --> 
              SELECT SQL_CALC_FOUND_ROWS pur_order_number, vendor, order_date, project, department, total, approve_status, delivery_date, delivery_status, number, expense_convert ,rise_pur_orders.id as id,company,pur_order_number,expense_convert,rise_projects.title as project_name,rise_team.title as department_name,currency
              FROM rise_pur_orders
              LEFT JOIN rise_pur_vendor ON rise_pur_vendor.userid = rise_pur_orders.vendor LEFT JOIN rise_team ON rise_team.id = rise_pur_orders.department LEFT JOIN rise_projects ON rise_projects.id = rise_pur_orders.project
              
              
              
              ORDER BY order_date DESC
              LIMIT 0, 25
              
CRITICAL - 2026-01-30 05:39:28 --> Array
(
    [0] => Array
        (
            [pur_order_number] => WTB-00620-Jan-2026-#045
            [vendor] => 45
            [order_date] => 2026-01-29
            [project] => 22
            [department] => 0
            [total] => 1386.82
            [approve_status] => 1
            [delivery_date] => 
            [delivery_status] => 1
            [number] => 620
            [expense_convert] => 0
            [id] => 577
            [company] => SMC Corporation (India) Pvt. Ltd.
            [project_name] => RS2502-5174-1 Punch Forming, Finger Forming and Pipe Cutting  Machin
            [department_name] => 
            [currency] => INR
        )

    [1] => Array
        (
            [pur_order_number] => WTB-00618-Jan-2026-#084
            [vendor] => 84
            [order_date] => 2026-01-29
            [project] => 18
            [department] => 0
            [total] => 42000.00
            [approve_status] => 1
            [delivery_date] => 
            [delivery_status] => 1
            [number] => 618
            [expense_convert] => 0
            [id] => 575
            [company] => Om Engineering Works
            [project_name] => RS2504-5253-02 Elevator for Mixer
            [department_name] => 
            [currency] => INR
        )

    [2] => Array
        (
            [pur_order_number] => WTB-00613-Jan-2026-022
            [vendor] => 22
            [order_date] => 2026-01-26
            [project] => 43
            [department] => 1
            [total] => 920.00
            [approve_status] => 2
            [delivery_date] => 
            [delivery_status] => 1
            [number] => 613
            [expense_convert] => 0
            [id] => 570
            [company] => BKN ELECTRICALS
            [project_name] => RS1-2508-1081 Prospira Bond Test Machine
            [department_name] => AUTOMATION
            [currency] => INR
        )

    [3] => Array
        (
            [pur_order_number] => WTB-00605-Jan-2026-177
            [vendor] => 177
            [order_date] => 2026-01-22
            [project] => 12
            [department] => 1
            [total] => 67500.00
            [approve_status] => 1
            [delivery_date] => 
            [delivery_status] => 1
            [number] => 605
            [expense_convert] => 0
            [id] => 562
            [company] => RETRO AUTOMATION PRIVATE LIMITED 
            [project_name] => RS2526-SHIN
            [department_name] => AUTOMATION
            [currency] => INR
        )

    [4] => Array
        (
            [pur_order_number] => WTB-00606-Jan-2026-#110
            [vendor] => 110
            [order_date] => 2026-01-22
            [project] => 11
            [department] => 2
            [total] => 76347.00
            [approve_status] => 1
            [delivery_date] => 
            [delivery_status] => 1
            [number] => 606
            [expense_convert] => 0
            [id] => 563
            [company] => RAJASTHAN HARDWARE
            [project_name] => RS2526-FIX-SS
            [department_name] => Mechanical Team
            [currency] => INR
        )

    [5] => Array
        (
            [pur_order_number] => WTB-00607-Jan-2026-#110
            [vendor] => 110
            [order_date] => 2026-01-22
            [project] => 11
            [department] => 2
            [total] => 77830.00
            [approve_status] => 1
            [delivery_date] => 
            [delivery_status] => 1
            [number] => 607
            [expense_convert] => 0
            [id] => 564
            [company] => RAJASTHAN HARDWARE
            [project_name] => RS2526-FIX-SS
            [department_name] => Mechanical Team
            [currency] => INR
        )

    [6] => Array
        (
            [pur_order_number] => WTB-00608-Jan-2026-#110
            [vendor] => 110
            [order_date] => 2026-01-22
            [project] => 11
            [department] => 2
            [total] => 48775.00
            [approve_status] => 1
            [delivery_date] => 
            [delivery_status] => 1
            [number] => 608
            [expense_convert] => 0
            [id] => 565
            [company] => RAJASTHAN HARDWARE
            [project_name] => RS2526-FIX-SS
            [department_name] => Mechanical Team
            [currency] => INR
        )

    [7] => Array
        (
            [pur_order_number] => WTB-00609-Jan-2026-#180
            [vendor] => 180
            [order_date] => 2026-01-22
            [project] => 22
            [department] => 2
            [total] => 600.00
            [approve_status] => 1
            [delivery_date] => 
            [delivery_status] => 1
            [number] => 609
            [expense_convert] => 0
            [id] => 566
            [company] => KHAZANI HYDRAULICS PRIVATED LIMITED 
            [project_name] => RS2502-5174-1 Punch Forming, Finger Forming and Pipe Cutting  Machin
            [department_name] => Mechanical Team
            [currency] => INR
        )

    [8] => Array
        (
            [pur_order_number] => WTB-00610-Jan-2026-#075
            [vendor] => 75
            [order_date] => 2026-01-22
            [project] => 12
            [department] => 1
            [total] => 320660.28
            [approve_status] => 1
            [delivery_date] => 
            [delivery_status] => 1
            [number] => 610
            [expense_convert] => 0
            [id] => 567
            [company] => Jindal Electric & Hardware
            [project_name] => RS2526-SHIN
            [department_name] => AUTOMATION
            [currency] => INR
        )

    [9] => Array
        (
            [pur_order_number] => WTB-00611-Jan-2026-003
            [vendor] => 13
            [order_date] => 2026-01-22
            [project] => 58
            [department] => 2
            [total] => 721.60
            [approve_status] => 2
            [delivery_date] => 
            [delivery_status] => 1
            [number] => 611
            [expense_convert] => 0
            [id] => 568
            [company] => Misumi India Pvt Ltd.
            [project_name] => RS3-2512-3008-HMCMM-TFR INSERTION
            [department_name] => Mechanical Team
            [currency] => INR
        )

    [10] => Array
        (
            [pur_order_number] => WTB-00612-Jan-2026-032
            [vendor] => 32
            [order_date] => 2026-01-22
            [project] => 58
            [department] => 2
            [total] => 200.00
            [approve_status] => 2
            [delivery_date] => 
            [delivery_status] => 1
            [number] => 612
            [expense_convert] => 0
            [id] => 569
            [company] => Manglam Sales
            [project_name] => RS3-2512-3008-HMCMM-TFR INSERTION
            [department_name] => Mechanical Team
            [currency] => INR
        )

    [11] => Array
        (
            [pur_order_number] => WTB-00603-Jan-2026-#50 
            [vendor] => 50
            [order_date] => 2026-01-21
            [project] => 38
            [department] => 1
            [total] => 2638.10
            [approve_status] => 1
            [delivery_date] => 
            [delivery_status] => 1
            [number] => 603
            [expense_convert] => 0
            [id] => 560
            [company] => Sunrise Industrial Products
            [project_name] => RS2526-SPARE-E
            [department_name] => AUTOMATION
            [currency] => INR
        )

    [12] => Array
        (
            [pur_order_number] => WTB-00604-Jan-2026-008
            [vendor] => 18
            [order_date] => 2026-01-21
            [project] => 22
            [department] => 0
            [total] => 970700.00
            [approve_status] => 1
            [delivery_date] => 
            [delivery_status] => 1
            [number] => 604
            [expense_convert] => 0
            [id] => 561
            [company] => Yamazen Machinery & Tools India Private Limited
            [project_name] => RS2502-5174-1 Punch Forming, Finger Forming and Pipe Cutting  Machin
            [department_name] => 
            [currency] => INR
        )

    [13] => Array
        (
            [pur_order_number] => WTB-00602-Jan-2026-#045
            [vendor] => 45
            [order_date] => 2026-01-18
            [project] => 12
            [department] => 1
            [total] => 65527.70
            [approve_status] => 1
            [delivery_date] => 
            [delivery_status] => 1
            [number] => 602
            [expense_convert] => 0
            [id] => 559
            [company] => SMC Corporation (India) Pvt. Ltd.
            [project_name] => RS2526-SHIN
            [department_name] => AUTOMATION
            [currency] => INR
        )

    [14] => Array
        (
            [pur_order_number] => WTB-00596-Jan-2026-#096
            [vendor] => 96
            [order_date] => 2026-01-17
            [project] => 18
            [department] => 2
            [total] => 1257.00
            [approve_status] => 2
            [delivery_date] => 
            [delivery_status] => 1
            [number] => 596
            [expense_convert] => 0
            [id] => 553
            [company] => Tara Hardware And Electrical
            [project_name] => RS2504-5253-02 Elevator for Mixer
            [department_name] => Mechanical Team
            [currency] => INR
        )

    [15] => Array
        (
            [pur_order_number] => WTB-00597-Jan-2026-#096
            [vendor] => 96
            [order_date] => 2026-01-17
            [project] => 18
            [department] => 2
            [total] => 1755.08
            [approve_status] => 2
            [delivery_date] => 
            [delivery_status] => 1
            [number] => 597
            [expense_convert] => 0
            [id] => 554
            [company] => Tara Hardware And Electrical
            [project_name] => RS2504-5253-02 Elevator for Mixer
            [department_name] => Mechanical Team
            [currency] => INR
        )

    [16] => Array
        (
            [pur_order_number] => WTB-00598-Jan-2026-#096
            [vendor] => 96
            [order_date] => 2026-01-17
            [project] => 18
            [department] => 2
            [total] => 803.55
            [approve_status] => 2
            [delivery_date] => 
            [delivery_status] => 1
            [number] => 598
            [expense_convert] => 0
            [id] => 555
            [company] => Tara Hardware And Electrical
            [project_name] => RS2504-5253-02 Elevator for Mixer
            [department_name] => Mechanical Team
            [currency] => INR
        )

    [17] => Array
        (
            [pur_order_number] => WTB-00599-Jan-2026-#096
            [vendor] => 96
            [order_date] => 2026-01-17
            [project] => 18
            [department] => 2
            [total] => 1030.00
            [approve_status] => 2
            [delivery_date] => 
            [delivery_status] => 1
            [number] => 599
            [expense_convert] => 0
            [id] => 556
            [company] => Tara Hardware And Electrical
            [project_name] => RS2504-5253-02 Elevator for Mixer
            [department_name] => Mechanical Team
            [currency] => INR
        )

    [18] => Array
        (
            [pur_order_number] => WTB-00600-Jan-2026-#172
            [vendor] => 172
            [order_date] => 2026-01-17
            [project] => 18
            [department] => 2
            [total] => 3033.82
            [approve_status] => 2
            [delivery_date] => 
            [delivery_status] => 1
            [number] => 600
            [expense_convert] => 0
            [id] => 557
            [company] => SHYAM HARDWARE STORE 
            [project_name] => RS2504-5253-02 Elevator for Mixer
            [department_name] => Mechanical Team
            [currency] => INR
        )

    [19] => Array
        (
            [pur_order_number] => WTB-00601-Jan-2026-#180
            [vendor] => 180
            [order_date] => 2026-01-17
            [project] => 22
            [department] => 2
            [total] => 3200.00
            [approve_status] => 1
            [delivery_date] => 
            [delivery_status] => 1
            [number] => 601
            [expense_convert] => 0
            [id] => 558
            [company] => KHAZANI HYDRAULICS PRIVATED LIMITED 
            [project_name] => RS2502-5174-1 Punch Forming, Finger Forming and Pipe Cutting  Machin
            [department_name] => Mechanical Team
            [currency] => INR
        )

    [20] => Array
        (
            [pur_order_number] => WTB-00592-Jan-2026-005
            [vendor] => 15
            [order_date] => 2026-01-16
            [project] => 12
            [department] => 1
            [total] => 29000.00
            [approve_status] => 2
            [delivery_date] => 
            [delivery_status] => 1
            [number] => 592
            [expense_convert] => 0
            [id] => 549
            [company] => Factory Automation Private Limited
            [project_name] => RS2526-SHIN
            [department_name] => AUTOMATION
            [currency] => INR
        )

    [21] => Array
        (
            [pur_order_number] => WTB-00593-Jan-2026-179
            [vendor] => 179
            [order_date] => 2026-01-16
            [project] => 11
            [department] => 2
            [total] => 5212.00
            [approve_status] => 2
            [delivery_date] => 
            [delivery_status] => 1
            [number] => 593
            [expense_convert] => 0
            [id] => 550
            [company] => RAJA MOTORS
            [project_name] => RS2526-FIX-SS
            [department_name] => Mechanical Team
            [currency] => INR
        )

    [22] => Array
        (
            [pur_order_number] => WTB-00594-Jan-2026-#040
            [vendor] => 40
            [order_date] => 2026-01-16
            [project] => 12
            [department] => 1
            [total] => 43166.00
            [approve_status] => 2
            [delivery_date] => 
            [delivery_status] => 1
            [number] => 594
            [expense_convert] => 0
            [id] => 551
            [company] => Vashi Integrated Solutions Limited
            [project_name] => RS2526-SHIN
            [department_name] => AUTOMATION
            [currency] => INR
        )

    [23] => Array
        (
            [pur_order_number] => WTB-00595-Jan-2026-#040
            [vendor] => 40
            [order_date] => 2026-01-16
            [project] => 12
            [department] => 1
            [total] => 224119.40
            [approve_status] => 2
            [delivery_date] => 
            [delivery_status] => 1
            [number] => 595
            [expense_convert] => 0
            [id] => 552
            [company] => Vashi Integrated Solutions Limited
            [project_name] => RS2526-SHIN
            [department_name] => AUTOMATION
            [currency] => INR
        )

    [24] => Array
        (
            [pur_order_number] => WTB-00591-Jan-2026-#045
            [vendor] => 45
            [order_date] => 2026-01-15
            [project] => 12
            [department] => 2
            [total] => 2804.70
            [approve_status] => 2
            [delivery_date] => 
            [delivery_status] => 1
            [number] => 591
            [expense_convert] => 0
            [id] => 548
            [company] => SMC Corporation (India) Pvt. Ltd.
            [project_name] => RS2526-SHIN
            [department_name] => Mechanical Team
            [currency] => INR
        )

)

CRITICAL - 2026-01-30 05:39:28 --> Array
(
    [0] => Array
        (
            [pur_order_number] => WTB-00620-Jan-2026-#045
            [vendor] => 45
            [order_date] => 2026-01-29
            [project] => 22
            [department] => 0
            [total] => 1386.82
            [approve_status] => 1
            [delivery_date] => 
            [delivery_status] => 1
            [number] => 620
            [expense_convert] => 0
            [id] => 577
            [company] => SMC Corporation (India) Pvt. Ltd.
            [project_name] => RS2502-5174-1 Punch Forming, Finger Forming and Pipe Cutting  Machin
            [department_name] => 
            [currency] => INR
            [items] => Array
                (
                )

        )

    [1] => Array
        (
            [pur_order_number] => WTB-00618-Jan-2026-#084
            [vendor] => 84
            [order_date] => 2026-01-29
            [project] => 18
            [department] => 0
            [total] => 42000.00
            [approve_status] => 1
            [delivery_date] => 
            [delivery_status] => 1
            [number] => 618
            [expense_convert] => 0
            [id] => 575
            [company] => Om Engineering Works
            [project_name] => RS2504-5253-02 Elevator for Mixer
            [department_name] => 
            [currency] => INR
            [items] => Array
                (
                )

        )

    [2] => Array
        (
            [pur_order_number] => WTB-00613-Jan-2026-022
            [vendor] => 22
            [order_date] => 2026-01-26
            [project] => 43
            [department] => 1
            [total] => 920.00
            [approve_status] => 2
            [delivery_date] => 
            [delivery_status] => 1
            [number] => 613
            [expense_convert] => 0
            [id] => 570
            [company] => BKN ELECTRICALS
            [project_name] => RS1-2508-1081 Prospira Bond Test Machine
            [department_name] => AUTOMATION
            [currency] => INR
            [items] => Array
                (
                )

        )

    [3] => Array
        (
            [pur_order_number] => WTB-00605-Jan-2026-177
            [vendor] => 177
            [order_date] => 2026-01-22
            [project] => 12
            [department] => 1
            [total] => 67500.00
            [approve_status] => 1
            [delivery_date] => 
            [delivery_status] => 1
            [number] => 605
            [expense_convert] => 0
            [id] => 562
            [company] => RETRO AUTOMATION PRIVATE LIMITED 
            [project_name] => RS2526-SHIN
            [department_name] => AUTOMATION
            [currency] => INR
            [items] => Array
                (
                )

        )

    [4] => Array
        (
            [pur_order_number] => WTB-00606-Jan-2026-#110
            [vendor] => 110
            [order_date] => 2026-01-22
            [project] => 11
            [department] => 2
            [total] => 76347.00
            [approve_status] => 1
            [delivery_date] => 
            [delivery_status] => 1
            [number] => 606
            [expense_convert] => 0
            [id] => 563
            [company] => RAJASTHAN HARDWARE
            [project_name] => RS2526-FIX-SS
            [department_name] => Mechanical Team
            [currency] => INR
            [items] => Array
                (
                )

        )

    [5] => Array
        (
            [pur_order_number] => WTB-00607-Jan-2026-#110
            [vendor] => 110
            [order_date] => 2026-01-22
            [project] => 11
            [department] => 2
            [total] => 77830.00
            [approve_status] => 1
            [delivery_date] => 
            [delivery_status] => 1
            [number] => 607
            [expense_convert] => 0
            [id] => 564
            [company] => RAJASTHAN HARDWARE
            [project_name] => RS2526-FIX-SS
            [department_name] => Mechanical Team
            [currency] => INR
            [items] => Array
                (
                )

        )

    [6] => Array
        (
            [pur_order_number] => WTB-00608-Jan-2026-#110
            [vendor] => 110
            [order_date] => 2026-01-22
            [project] => 11
            [department] => 2
            [total] => 48775.00
            [approve_status] => 1
            [delivery_date] => 
            [delivery_status] => 1
            [number] => 608
            [expense_convert] => 0
            [id] => 565
            [company] => RAJASTHAN HARDWARE
            [project_name] => RS2526-FIX-SS
            [department_name] => Mechanical Team
            [currency] => INR
            [items] => Array
                (
                )

        )

    [7] => Array
        (
            [pur_order_number] => WTB-00609-Jan-2026-#180
            [vendor] => 180
            [order_date] => 2026-01-22
            [project] => 22
            [department] => 2
            [total] => 600.00
            [approve_status] => 1
            [delivery_date] => 
            [delivery_status] => 1
            [number] => 609
            [expense_convert] => 0
            [id] => 566
            [company] => KHAZANI HYDRAULICS PRIVATED LIMITED 
            [project_name] => RS2502-5174-1 Punch Forming, Finger Forming and Pipe Cutting  Machin
            [department_name] => Mechanical Team
            [currency] => INR
            [items] => Array
                (
                )

        )

    [8] => Array
        (
            [pur_order_number] => WTB-00610-Jan-2026-#075
            [vendor] => 75
            [order_date] => 2026-01-22
            [project] => 12
            [department] => 1
            [total] => 320660.28
            [approve_status] => 1
            [delivery_date] => 
            [delivery_status] => 1
            [number] => 610
            [expense_convert] => 0
            [id] => 567
            [company] => Jindal Electric & Hardware
            [project_name] => RS2526-SHIN
            [department_name] => AUTOMATION
            [currency] => INR
            [items] => Array
                (
                )

        )

    [9] => Array
        (
            [pur_order_number] => WTB-00611-Jan-2026-003
            [vendor] => 13
            [order_date] => 2026-01-22
            [project] => 58
            [department] => 2
            [total] => 721.60
            [approve_status] => 2
            [delivery_date] => 
            [delivery_status] => 1
            [number] => 611
            [expense_convert] => 0
            [id] => 568
            [company] => Misumi India Pvt Ltd.
            [project_name] => RS3-2512-3008-HMCMM-TFR INSERTION
            [department_name] => Mechanical Team
            [currency] => INR
            [items] => Array
                (
                )

        )

    [10] => Array
        (
            [pur_order_number] => WTB-00612-Jan-2026-032
            [vendor] => 32
            [order_date] => 2026-01-22
            [project] => 58
            [department] => 2
            [total] => 200.00
            [approve_status] => 2
            [delivery_date] => 
            [delivery_status] => 1
            [number] => 612
            [expense_convert] => 0
            [id] => 569
            [company] => Manglam Sales
            [project_name] => RS3-2512-3008-HMCMM-TFR INSERTION
            [department_name] => Mechanical Team
            [currency] => INR
            [items] => Array
                (
                )

        )

    [11] => Array
        (
            [pur_order_number] => WTB-00603-Jan-2026-#50 
            [vendor] => 50
            [order_date] => 2026-01-21
            [project] => 38
            [department] => 1
            [total] => 2638.10
            [approve_status] => 1
            [delivery_date] => 
            [delivery_status] => 1
            [number] => 603
            [expense_convert] => 0
            [id] => 560
            [company] => Sunrise Industrial Products
            [project_name] => RS2526-SPARE-E
            [department_name] => AUTOMATION
            [currency] => INR
            [items] => Array
                (
                )

        )

    [12] => Array
        (
            [pur_order_number] => WTB-00604-Jan-2026-008
            [vendor] => 18
            [order_date] => 2026-01-21
            [project] => 22
            [department] => 0
            [total] => 970700.00
            [approve_status] => 1
            [delivery_date] => 
            [delivery_status] => 1
            [number] => 604
            [expense_convert] => 0
            [id] => 561
            [company] => Yamazen Machinery & Tools India Private Limited
            [project_name] => RS2502-5174-1 Punch Forming, Finger Forming and Pipe Cutting  Machin
            [department_name] => 
            [currency] => INR
            [items] => Array
                (
                )

        )

    [13] => Array
        (
            [pur_order_number] => WTB-00602-Jan-2026-#045
            [vendor] => 45
            [order_date] => 2026-01-18
            [project] => 12
            [department] => 1
            [total] => 65527.70
            [approve_status] => 1
            [delivery_date] => 
            [delivery_status] => 1
            [number] => 602
            [expense_convert] => 0
            [id] => 559
            [company] => SMC Corporation (India) Pvt. Ltd.
            [project_name] => RS2526-SHIN
            [department_name] => AUTOMATION
            [currency] => INR
            [items] => Array
                (
                )

        )

    [14] => Array
        (
            [pur_order_number] => WTB-00596-Jan-2026-#096
            [vendor] => 96
            [order_date] => 2026-01-17
            [project] => 18
            [department] => 2
            [total] => 1257.00
            [approve_status] => 2
            [delivery_date] => 
            [delivery_status] => 1
            [number] => 596
            [expense_convert] => 0
            [id] => 553
            [company] => Tara Hardware And Electrical
            [project_name] => RS2504-5253-02 Elevator for Mixer
            [department_name] => Mechanical Team
            [currency] => INR
            [items] => Array
                (
                )

        )

    [15] => Array
        (
            [pur_order_number] => WTB-00597-Jan-2026-#096
            [vendor] => 96
            [order_date] => 2026-01-17
            [project] => 18
            [department] => 2
            [total] => 1755.08
            [approve_status] => 2
            [delivery_date] => 
            [delivery_status] => 1
            [number] => 597
            [expense_convert] => 0
            [id] => 554
            [company] => Tara Hardware And Electrical
            [project_name] => RS2504-5253-02 Elevator for Mixer
            [department_name] => Mechanical Team
            [currency] => INR
            [items] => Array
                (
                )

        )

    [16] => Array
        (
            [pur_order_number] => WTB-00598-Jan-2026-#096
            [vendor] => 96
            [order_date] => 2026-01-17
            [project] => 18
            [department] => 2
            [total] => 803.55
            [approve_status] => 2
            [delivery_date] => 
            [delivery_status] => 1
            [number] => 598
            [expense_convert] => 0
            [id] => 555
            [company] => Tara Hardware And Electrical
            [project_name] => RS2504-5253-02 Elevator for Mixer
            [department_name] => Mechanical Team
            [currency] => INR
            [items] => Array
                (
                )

        )

    [17] => Array
        (
            [pur_order_number] => WTB-00599-Jan-2026-#096
            [vendor] => 96
            [order_date] => 2026-01-17
            [project] => 18
            [department] => 2
            [total] => 1030.00
            [approve_status] => 2
            [delivery_date] => 
            [delivery_status] => 1
            [number] => 599
            [expense_convert] => 0
            [id] => 556
            [company] => Tara Hardware And Electrical
            [project_name] => RS2504-5253-02 Elevator for Mixer
            [department_name] => Mechanical Team
            [currency] => INR
            [items] => Array
                (
                )

        )

    [18] => Array
        (
            [pur_order_number] => WTB-00600-Jan-2026-#172
            [vendor] => 172
            [order_date] => 2026-01-17
            [project] => 18
            [department] => 2
            [total] => 3033.82
            [approve_status] => 2
            [delivery_date] => 
            [delivery_status] => 1
            [number] => 600
            [expense_convert] => 0
            [id] => 557
            [company] => SHYAM HARDWARE STORE 
            [project_name] => RS2504-5253-02 Elevator for Mixer
            [department_name] => Mechanical Team
            [currency] => INR
            [items] => Array
                (
                )

        )

    [19] => Array
        (
            [pur_order_number] => WTB-00601-Jan-2026-#180
            [vendor] => 180
            [order_date] => 2026-01-17
            [project] => 22
            [department] => 2
            [total] => 3200.00
            [approve_status] => 1
            [delivery_date] => 
            [delivery_status] => 1
            [number] => 601
            [expense_convert] => 0
            [id] => 558
            [company] => KHAZANI HYDRAULICS PRIVATED LIMITED 
            [project_name] => RS2502-5174-1 Punch Forming, Finger Forming and Pipe Cutting  Machin
            [department_name] => Mechanical Team
            [currency] => INR
            [items] => Array
                (
                )

        )

    [20] => Array
        (
            [pur_order_number] => WTB-00592-Jan-2026-005
            [vendor] => 15
            [order_date] => 2026-01-16
            [project] => 12
            [department] => 1
            [total] => 29000.00
            [approve_status] => 2
            [delivery_date] => 
            [delivery_status] => 1
            [number] => 592
            [expense_convert] => 0
            [id] => 549
            [company] => Factory Automation Private Limited
            [project_name] => RS2526-SHIN
            [department_name] => AUTOMATION
            [currency] => INR
            [items] => Array
                (
                )

        )

    [21] => Array
        (
            [pur_order_number] => WTB-00593-Jan-2026-179
            [vendor] => 179
            [order_date] => 2026-01-16
            [project] => 11
            [department] => 2
            [total] => 5212.00
            [approve_status] => 2
            [delivery_date] => 
            [delivery_status] => 1
            [number] => 593
            [expense_convert] => 0
            [id] => 550
            [company] => RAJA MOTORS
            [project_name] => RS2526-FIX-SS
            [department_name] => Mechanical Team
            [currency] => INR
            [items] => Array
                (
                )

        )

    [22] => Array
        (
            [pur_order_number] => WTB-00594-Jan-2026-#040
            [vendor] => 40
            [order_date] => 2026-01-16
            [project] => 12
            [department] => 1
            [total] => 43166.00
            [approve_status] => 2
            [delivery_date] => 
            [delivery_status] => 1
            [number] => 594
            [expense_convert] => 0
            [id] => 551
            [company] => Vashi Integrated Solutions Limited
            [project_name] => RS2526-SHIN
            [department_name] => AUTOMATION
            [currency] => INR
            [items] => Array
                (
                )

        )

    [23] => Array
        (
            [pur_order_number] => WTB-00595-Jan-2026-#040
            [vendor] => 40
            [order_date] => 2026-01-16
            [project] => 12
            [department] => 1
            [total] => 224119.40
            [approve_status] => 2
            [delivery_date] => 
            [delivery_status] => 1
            [number] => 595
            [expense_convert] => 0
            [id] => 552
            [company] => Vashi Integrated Solutions Limited
            [project_name] => RS2526-SHIN
            [department_name] => AUTOMATION
            [currency] => INR
            [items] => Array
                (
                )

        )

    [24] => Array
        (
            [pur_order_number] => WTB-00591-Jan-2026-#045
            [vendor] => 45
            [order_date] => 2026-01-15
            [project] => 12
            [department] => 2
            [total] => 2804.70
            [approve_status] => 2
            [delivery_date] => 
            [delivery_status] => 1
            [number] => 591
            [expense_convert] => 0
            [id] => 548
            [company] => SMC Corporation (India) Pvt. Ltd.
            [project_name] => RS2526-SHIN
            [department_name] => Mechanical Team
            [currency] => INR
            [items] => Array
                (
                )

        )

)

ERROR - 2026-01-30 05:44:28 --> 
              SELECT SQL_CALC_FOUND_ROWS pur_rq_code, requester, department, request_date, project, rise_pur_request.status, rise_pur_request.id ,rise_pur_request.id,pur_rq_code,rise_team.title as department_title,first_name,last_name,rise_projects.title as project
              FROM rise_pur_request
              LEFT JOIN rise_team ON rise_team.id = rise_pur_request.department LEFT JOIN rise_users ON rise_users.id = rise_pur_request.requester LEFT JOIN rise_projects ON rise_projects.id = rise_pur_request.project
              
              
              
              ORDER BY pur_rq_code DESC
              LIMIT 0, 25
              
CRITICAL - 2026-01-30 05:44:28 --> Array
(
    [0] => Array
        (
            [pur_rq_code] => #-00449-2026
            [requester] => 15
            [department] => 2
            [request_date] => 2026-01-29 06:02:23
            [project] => RS2-2511-1033_HMM TS_Helium Leak Testing Quick Coupler
            [status] => 2
            [id] => 449
            [department_title] => Mechanical Team
            [first_name] => Ravi
            [last_name] => Saini
        )

    [1] => Array
        (
            [pur_rq_code] => #-00448-2026
            [requester] => 15
            [department] => 2
            [request_date] => 2026-01-29 05:44:14
            [project] => RS2-2511-1039_HMM TS_Door Assy Checking Poka-Yoka Fixture
            [status] => 2
            [id] => 448
            [department_title] => Mechanical Team
            [first_name] => Ravi
            [last_name] => Saini
        )

    [2] => Array
        (
            [pur_rq_code] => #-00447-2026
            [requester] => 55
            [department] => 2
            [request_date] => 2026-01-29 03:06:58
            [project] => RS2526-SPARE-E
            [status] => 2
            [id] => 447
            [department_title] => Mechanical Team
            [first_name] => Sahil
            [last_name] => Dhaka
        )

    [3] => Array
        (
            [pur_rq_code] => #-00446-2026
            [requester] => 14
            [department] => 2
            [request_date] => 2026-01-29 00:55:59
            [project] => RS1-2508-1081 Prospira Bond Test Machine
            [status] => 2
            [id] => 446
            [department_title] => Mechanical Team
            [first_name] => Sanish 
            [last_name] => Dhariwal
        )

    [4] => Array
        (
            [pur_rq_code] => #-00445-2026
            [requester] => 14
            [department] => 2
            [request_date] => 2026-01-29 00:29:40
            [project] => RS1-2508-1081 Prospira Bond Test Machine
            [status] => 1
            [id] => 445
            [department_title] => Mechanical Team
            [first_name] => Sanish 
            [last_name] => Dhariwal
        )

    [5] => Array
        (
            [pur_rq_code] => #-00444-2026
            [requester] => 55
            [department] => 2
            [request_date] => 2026-01-28 01:27:25
            [project] => RS1-2508-1081 Prospira Bond Test Machine
            [status] => 2
            [id] => 444
            [department_title] => Mechanical Team
            [first_name] => Sahil
            [last_name] => Dhaka
        )

    [6] => Array
        (
            [pur_rq_code] => #-00443-2026
            [requester] => 15
            [department] => 2
            [request_date] => 2026-01-28 00:28:22
            [project] => RS2-2511-1034_HMM TS_Main Line Fixture
            [status] => 2
            [id] => 443
            [department_title] => Mechanical Team
            [first_name] => Ravi
            [last_name] => Saini
        )

    [7] => Array
        (
            [pur_rq_code] => #-00442-2026
            [requester] => 15
            [department] => 2
            [request_date] => 2026-01-23 23:35:25
            [project] => RS2-2511-1033_HMM TS_Helium Leak Testing Quick Coupler
            [status] => 2
            [id] => 442
            [department_title] => Mechanical Team
            [first_name] => Ravi
            [last_name] => Saini
        )

    [8] => Array
        (
            [pur_rq_code] => #-00441-2026
            [requester] => 15
            [department] => 2
            [request_date] => 2026-01-23 23:21:13
            [project] => RS2-2511-1034_HMM TS_Main Line Fixture
            [status] => 2
            [id] => 441
            [department_title] => Mechanical Team
            [first_name] => Ravi
            [last_name] => Saini
        )

    [9] => Array
        (
            [pur_rq_code] => #-00440-2026
            [requester] => 9
            [department] => 2
            [request_date] => 2026-01-21 22:46:05
            [project] => RS2526-FIX-SS
            [status] => 2
            [id] => 440
            [department_title] => Mechanical Team
            [first_name] => Anand
            [last_name] => Dhariwal
        )

    [10] => Array
        (
            [pur_rq_code] => #-00439-2026
            [requester] => 11
            [department] => 1
            [request_date] => 2026-01-21 03:11:05
            [project] => RS2526-SHIN
            [status] => 2
            [id] => 439
            [department_title] => AUTOMATION
            [first_name] => Komal
            [last_name] => Yadav
        )

    [11] => Array
        (
            [pur_rq_code] => #-00438-2026
            [requester] => 11
            [department] => 1
            [request_date] => 2026-01-20 23:46:20
            [project] => RS2526-SHIN
            [status] => 2
            [id] => 438
            [department_title] => AUTOMATION
            [first_name] => Komal
            [last_name] => Yadav
        )

    [12] => Array
        (
            [pur_rq_code] => #-00437-2026
            [requester] => 55
            [department] => 2
            [request_date] => 2026-01-20 06:30:20
            [project] => RS2502-5174-1 Punch Forming, Finger Forming and Pipe Cutting  Machin
            [status] => 2
            [id] => 437
            [department_title] => Mechanical Team
            [first_name] => Sahil
            [last_name] => Dhaka
        )

    [13] => Array
        (
            [pur_rq_code] => #-00436-2026
            [requester] => 8
            [department] => 1
            [request_date] => 2026-01-20 05:23:42
            [project] => RS1-2508-1081 Prospira Bond Test Machine
            [status] => 2
            [id] => 436
            [department_title] => AUTOMATION
            [first_name] => Tikam
            [last_name] => Singh
        )

    [14] => Array
        (
            [pur_rq_code] => #-00435-2026
            [requester] => 21
            [department] => 2
            [request_date] => 2026-01-20 01:24:02
            [project] => RS3-2512-3008-HMCMM-TFR INSERTION
            [status] => 2
            [id] => 435
            [department_title] => Mechanical Team
            [first_name] => Parvesh
            [last_name] => Beniwal
        )

    [15] => Array
        (
            [pur_rq_code] => #-00434-2026
            [requester] => 21
            [department] => 0
            [request_date] => 2026-01-20 00:05:52
            [project] => RS3-2512-3008-HMCMM-TFR INSERTION
            [status] => 2
            [id] => 434
            [department_title] => 
            [first_name] => Parvesh
            [last_name] => Beniwal
        )

    [16] => Array
        (
            [pur_rq_code] => #-00433-2026
            [requester] => 21
            [department] => 2
            [request_date] => 2026-01-19 23:42:10
            [project] => RS2-2510-5324_Seat Testing Fixture
            [status] => 2
            [id] => 433
            [department_title] => Mechanical Team
            [first_name] => Parvesh
            [last_name] => Beniwal
        )

    [17] => Array
        (
            [pur_rq_code] => #-00432-2026
            [requester] => 14
            [department] => 2
            [request_date] => 2026-01-17 05:51:05
            [project] => RS2502-5174-1 Punch Forming, Finger Forming and Pipe Cutting  Machin
            [status] => 2
            [id] => 432
            [department_title] => Mechanical Team
            [first_name] => Sanish 
            [last_name] => Dhariwal
        )

    [18] => Array
        (
            [pur_rq_code] => #-00431-2026
            [requester] => 11
            [department] => 2
            [request_date] => 2026-01-17 04:47:03
            [project] => RS2526-SPARE-E
            [status] => 2
            [id] => 431
            [department_title] => Mechanical Team
            [first_name] => Komal
            [last_name] => Yadav
        )

    [19] => Array
        (
            [pur_rq_code] => #-00430-2026
            [requester] => 14
            [department] => 2
            [request_date] => 2026-01-17 04:43:11
            [project] => RS2502-5174-1 Punch Forming, Finger Forming and Pipe Cutting  Machin
            [status] => 2
            [id] => 430
            [department_title] => Mechanical Team
            [first_name] => Sanish 
            [last_name] => Dhariwal
        )

    [20] => Array
        (
            [pur_rq_code] => #-00429-2026
            [requester] => 21
            [department] => 0
            [request_date] => 2026-01-17 04:40:13
            [project] => RS2504-5253-02 Elevator for Mixer
            [status] => 2
            [id] => 429
            [department_title] => 
            [first_name] => Parvesh
            [last_name] => Beniwal
        )

    [21] => Array
        (
            [pur_rq_code] => #-00428-2026
            [requester] => 21
            [department] => 2
            [request_date] => 2026-01-17 04:32:57
            [project] => RS2504-5253-02 Elevator for Mixer
            [status] => 2
            [id] => 428
            [department_title] => Mechanical Team
            [first_name] => Parvesh
            [last_name] => Beniwal
        )

    [22] => Array
        (
            [pur_rq_code] => #-00426-2026
            [requester] => 11
            [department] => 2
            [request_date] => 2026-01-16 05:24:00
            [project] => RS2526-SHIN
            [status] => 2
            [id] => 426
            [department_title] => Mechanical Team
            [first_name] => Komal
            [last_name] => Yadav
        )

    [23] => Array
        (
            [pur_rq_code] => #-00425-2026
            [requester] => 31
            [department] => 2
            [request_date] => 2026-01-16 02:40:35
            [project] => RS2526-FIX-SS
            [status] => 2
            [id] => 425
            [department_title] => Mechanical Team
            [first_name] => Sudesh
            [last_name] => Kumar
        )

    [24] => Array
        (
            [pur_rq_code] => #-00424-2026
            [requester] => 11
            [department] => 1
            [request_date] => 2026-01-16 02:30:44
            [project] => RS2526-SHIN
            [status] => 2
            [id] => 424
            [department_title] => AUTOMATION
            [first_name] => Komal
            [last_name] => Yadav
        )

)

ERROR - 2026-01-30 05:44:32 --> 
              SELECT SQL_CALC_FOUND_ROWS pur_order_number, vendor, order_date, project, department, total, approve_status, delivery_date, delivery_status, number, expense_convert ,rise_pur_orders.id as id,company,pur_order_number,expense_convert,rise_projects.title as project_name,rise_team.title as department_name,currency
              FROM rise_pur_orders
              LEFT JOIN rise_pur_vendor ON rise_pur_vendor.userid = rise_pur_orders.vendor LEFT JOIN rise_team ON rise_team.id = rise_pur_orders.department LEFT JOIN rise_projects ON rise_projects.id = rise_pur_orders.project
              
              
              
              ORDER BY order_date DESC
              LIMIT 0, 25
              
CRITICAL - 2026-01-30 05:44:32 --> Array
(
    [0] => Array
        (
            [pur_order_number] => WTB-00620-Jan-2026-#045
            [vendor] => 45
            [order_date] => 2026-01-29
            [project] => 22
            [department] => 0
            [total] => 1386.82
            [approve_status] => 1
            [delivery_date] => 
            [delivery_status] => 1
            [number] => 620
            [expense_convert] => 0
            [id] => 577
            [company] => SMC Corporation (India) Pvt. Ltd.
            [project_name] => RS2502-5174-1 Punch Forming, Finger Forming and Pipe Cutting  Machin
            [department_name] => 
            [currency] => INR
        )

    [1] => Array
        (
            [pur_order_number] => WTB-00618-Jan-2026-#084
            [vendor] => 84
            [order_date] => 2026-01-29
            [project] => 18
            [department] => 0
            [total] => 42000.00
            [approve_status] => 1
            [delivery_date] => 
            [delivery_status] => 1
            [number] => 618
            [expense_convert] => 0
            [id] => 575
            [company] => Om Engineering Works
            [project_name] => RS2504-5253-02 Elevator for Mixer
            [department_name] => 
            [currency] => INR
        )

    [2] => Array
        (
            [pur_order_number] => WTB-00613-Jan-2026-022
            [vendor] => 22
            [order_date] => 2026-01-26
            [project] => 43
            [department] => 1
            [total] => 920.00
            [approve_status] => 2
            [delivery_date] => 
            [delivery_status] => 1
            [number] => 613
            [expense_convert] => 0
            [id] => 570
            [company] => BKN ELECTRICALS
            [project_name] => RS1-2508-1081 Prospira Bond Test Machine
            [department_name] => AUTOMATION
            [currency] => INR
        )

    [3] => Array
        (
            [pur_order_number] => WTB-00605-Jan-2026-177
            [vendor] => 177
            [order_date] => 2026-01-22
            [project] => 12
            [department] => 1
            [total] => 67500.00
            [approve_status] => 1
            [delivery_date] => 
            [delivery_status] => 1
            [number] => 605
            [expense_convert] => 0
            [id] => 562
            [company] => RETRO AUTOMATION PRIVATE LIMITED 
            [project_name] => RS2526-SHIN
            [department_name] => AUTOMATION
            [currency] => INR
        )

    [4] => Array
        (
            [pur_order_number] => WTB-00606-Jan-2026-#110
            [vendor] => 110
            [order_date] => 2026-01-22
            [project] => 11
            [department] => 2
            [total] => 76347.00
            [approve_status] => 1
            [delivery_date] => 
            [delivery_status] => 1
            [number] => 606
            [expense_convert] => 0
            [id] => 563
            [company] => RAJASTHAN HARDWARE
            [project_name] => RS2526-FIX-SS
            [department_name] => Mechanical Team
            [currency] => INR
        )

    [5] => Array
        (
            [pur_order_number] => WTB-00607-Jan-2026-#110
            [vendor] => 110
            [order_date] => 2026-01-22
            [project] => 11
            [department] => 2
            [total] => 77830.00
            [approve_status] => 1
            [delivery_date] => 
            [delivery_status] => 1
            [number] => 607
            [expense_convert] => 0
            [id] => 564
            [company] => RAJASTHAN HARDWARE
            [project_name] => RS2526-FIX-SS
            [department_name] => Mechanical Team
            [currency] => INR
        )

    [6] => Array
        (
            [pur_order_number] => WTB-00608-Jan-2026-#110
            [vendor] => 110
            [order_date] => 2026-01-22
            [project] => 11
            [department] => 2
            [total] => 48775.00
            [approve_status] => 1
            [delivery_date] => 
            [delivery_status] => 1
            [number] => 608
            [expense_convert] => 0
            [id] => 565
            [company] => RAJASTHAN HARDWARE
            [project_name] => RS2526-FIX-SS
            [department_name] => Mechanical Team
            [currency] => INR
        )

    [7] => Array
        (
            [pur_order_number] => WTB-00609-Jan-2026-#180
            [vendor] => 180
            [order_date] => 2026-01-22
            [project] => 22
            [department] => 2
            [total] => 600.00
            [approve_status] => 1
            [delivery_date] => 
            [delivery_status] => 1
            [number] => 609
            [expense_convert] => 0
            [id] => 566
            [company] => KHAZANI HYDRAULICS PRIVATED LIMITED 
            [project_name] => RS2502-5174-1 Punch Forming, Finger Forming and Pipe Cutting  Machin
            [department_name] => Mechanical Team
            [currency] => INR
        )

    [8] => Array
        (
            [pur_order_number] => WTB-00610-Jan-2026-#075
            [vendor] => 75
            [order_date] => 2026-01-22
            [project] => 12
            [department] => 1
            [total] => 320660.28
            [approve_status] => 1
            [delivery_date] => 
            [delivery_status] => 1
            [number] => 610
            [expense_convert] => 0
            [id] => 567
            [company] => Jindal Electric & Hardware
            [project_name] => RS2526-SHIN
            [department_name] => AUTOMATION
            [currency] => INR
        )

    [9] => Array
        (
            [pur_order_number] => WTB-00611-Jan-2026-003
            [vendor] => 13
            [order_date] => 2026-01-22
            [project] => 58
            [department] => 2
            [total] => 721.60
            [approve_status] => 2
            [delivery_date] => 
            [delivery_status] => 1
            [number] => 611
            [expense_convert] => 0
            [id] => 568
            [company] => Misumi India Pvt Ltd.
            [project_name] => RS3-2512-3008-HMCMM-TFR INSERTION
            [department_name] => Mechanical Team
            [currency] => INR
        )

    [10] => Array
        (
            [pur_order_number] => WTB-00612-Jan-2026-032
            [vendor] => 32
            [order_date] => 2026-01-22
            [project] => 58
            [department] => 2
            [total] => 200.00
            [approve_status] => 2
            [delivery_date] => 
            [delivery_status] => 1
            [number] => 612
            [expense_convert] => 0
            [id] => 569
            [company] => Manglam Sales
            [project_name] => RS3-2512-3008-HMCMM-TFR INSERTION
            [department_name] => Mechanical Team
            [currency] => INR
        )

    [11] => Array
        (
            [pur_order_number] => WTB-00603-Jan-2026-#50 
            [vendor] => 50
            [order_date] => 2026-01-21
            [project] => 38
            [department] => 1
            [total] => 2638.10
            [approve_status] => 1
            [delivery_date] => 
            [delivery_status] => 1
            [number] => 603
            [expense_convert] => 0
            [id] => 560
            [company] => Sunrise Industrial Products
            [project_name] => RS2526-SPARE-E
            [department_name] => AUTOMATION
            [currency] => INR
        )

    [12] => Array
        (
            [pur_order_number] => WTB-00604-Jan-2026-008
            [vendor] => 18
            [order_date] => 2026-01-21
            [project] => 22
            [department] => 0
            [total] => 970700.00
            [approve_status] => 1
            [delivery_date] => 
            [delivery_status] => 1
            [number] => 604
            [expense_convert] => 0
            [id] => 561
            [company] => Yamazen Machinery & Tools India Private Limited
            [project_name] => RS2502-5174-1 Punch Forming, Finger Forming and Pipe Cutting  Machin
            [department_name] => 
            [currency] => INR
        )

    [13] => Array
        (
            [pur_order_number] => WTB-00602-Jan-2026-#045
            [vendor] => 45
            [order_date] => 2026-01-18
            [project] => 12
            [department] => 1
            [total] => 65527.70
            [approve_status] => 1
            [delivery_date] => 
            [delivery_status] => 1
            [number] => 602
            [expense_convert] => 0
            [id] => 559
            [company] => SMC Corporation (India) Pvt. Ltd.
            [project_name] => RS2526-SHIN
            [department_name] => AUTOMATION
            [currency] => INR
        )

    [14] => Array
        (
            [pur_order_number] => WTB-00596-Jan-2026-#096
            [vendor] => 96
            [order_date] => 2026-01-17
            [project] => 18
            [department] => 2
            [total] => 1257.00
            [approve_status] => 2
            [delivery_date] => 
            [delivery_status] => 1
            [number] => 596
            [expense_convert] => 0
            [id] => 553
            [company] => Tara Hardware And Electrical
            [project_name] => RS2504-5253-02 Elevator for Mixer
            [department_name] => Mechanical Team
            [currency] => INR
        )

    [15] => Array
        (
            [pur_order_number] => WTB-00597-Jan-2026-#096
            [vendor] => 96
            [order_date] => 2026-01-17
            [project] => 18
            [department] => 2
            [total] => 1755.08
            [approve_status] => 2
            [delivery_date] => 
            [delivery_status] => 1
            [number] => 597
            [expense_convert] => 0
            [id] => 554
            [company] => Tara Hardware And Electrical
            [project_name] => RS2504-5253-02 Elevator for Mixer
            [department_name] => Mechanical Team
            [currency] => INR
        )

    [16] => Array
        (
            [pur_order_number] => WTB-00598-Jan-2026-#096
            [vendor] => 96
            [order_date] => 2026-01-17
            [project] => 18
            [department] => 2
            [total] => 803.55
            [approve_status] => 2
            [delivery_date] => 
            [delivery_status] => 1
            [number] => 598
            [expense_convert] => 0
            [id] => 555
            [company] => Tara Hardware And Electrical
            [project_name] => RS2504-5253-02 Elevator for Mixer
            [department_name] => Mechanical Team
            [currency] => INR
        )

    [17] => Array
        (
            [pur_order_number] => WTB-00599-Jan-2026-#096
            [vendor] => 96
            [order_date] => 2026-01-17
            [project] => 18
            [department] => 2
            [total] => 1030.00
            [approve_status] => 2
            [delivery_date] => 
            [delivery_status] => 1
            [number] => 599
            [expense_convert] => 0
            [id] => 556
            [company] => Tara Hardware And Electrical
            [project_name] => RS2504-5253-02 Elevator for Mixer
            [department_name] => Mechanical Team
            [currency] => INR
        )

    [18] => Array
        (
            [pur_order_number] => WTB-00600-Jan-2026-#172
            [vendor] => 172
            [order_date] => 2026-01-17
            [project] => 18
            [department] => 2
            [total] => 3033.82
            [approve_status] => 2
            [delivery_date] => 
            [delivery_status] => 1
            [number] => 600
            [expense_convert] => 0
            [id] => 557
            [company] => SHYAM HARDWARE STORE 
            [project_name] => RS2504-5253-02 Elevator for Mixer
            [department_name] => Mechanical Team
            [currency] => INR
        )

    [19] => Array
        (
            [pur_order_number] => WTB-00601-Jan-2026-#180
            [vendor] => 180
            [order_date] => 2026-01-17
            [project] => 22
            [department] => 2
            [total] => 3200.00
            [approve_status] => 1
            [delivery_date] => 
            [delivery_status] => 1
            [number] => 601
            [expense_convert] => 0
            [id] => 558
            [company] => KHAZANI HYDRAULICS PRIVATED LIMITED 
            [project_name] => RS2502-5174-1 Punch Forming, Finger Forming and Pipe Cutting  Machin
            [department_name] => Mechanical Team
            [currency] => INR
        )

    [20] => Array
        (
            [pur_order_number] => WTB-00592-Jan-2026-005
            [vendor] => 15
            [order_date] => 2026-01-16
            [project] => 12
            [department] => 1
            [total] => 29000.00
            [approve_status] => 2
            [delivery_date] => 
            [delivery_status] => 1
            [number] => 592
            [expense_convert] => 0
            [id] => 549
            [company] => Factory Automation Private Limited
            [project_name] => RS2526-SHIN
            [department_name] => AUTOMATION
            [currency] => INR
        )

    [21] => Array
        (
            [pur_order_number] => WTB-00593-Jan-2026-179
            [vendor] => 179
            [order_date] => 2026-01-16
            [project] => 11
            [department] => 2
            [total] => 5212.00
            [approve_status] => 2
            [delivery_date] => 
            [delivery_status] => 1
            [number] => 593
            [expense_convert] => 0
            [id] => 550
            [company] => RAJA MOTORS
            [project_name] => RS2526-FIX-SS
            [department_name] => Mechanical Team
            [currency] => INR
        )

    [22] => Array
        (
            [pur_order_number] => WTB-00594-Jan-2026-#040
            [vendor] => 40
            [order_date] => 2026-01-16
            [project] => 12
            [department] => 1
            [total] => 43166.00
            [approve_status] => 2
            [delivery_date] => 
            [delivery_status] => 1
            [number] => 594
            [expense_convert] => 0
            [id] => 551
            [company] => Vashi Integrated Solutions Limited
            [project_name] => RS2526-SHIN
            [department_name] => AUTOMATION
            [currency] => INR
        )

    [23] => Array
        (
            [pur_order_number] => WTB-00595-Jan-2026-#040
            [vendor] => 40
            [order_date] => 2026-01-16
            [project] => 12
            [department] => 1
            [total] => 224119.40
            [approve_status] => 2
            [delivery_date] => 
            [delivery_status] => 1
            [number] => 595
            [expense_convert] => 0
            [id] => 552
            [company] => Vashi Integrated Solutions Limited
            [project_name] => RS2526-SHIN
            [department_name] => AUTOMATION
            [currency] => INR
        )

    [24] => Array
        (
            [pur_order_number] => WTB-00591-Jan-2026-#045
            [vendor] => 45
            [order_date] => 2026-01-15
            [project] => 12
            [department] => 2
            [total] => 2804.70
            [approve_status] => 2
            [delivery_date] => 
            [delivery_status] => 1
            [number] => 591
            [expense_convert] => 0
            [id] => 548
            [company] => SMC Corporation (India) Pvt. Ltd.
            [project_name] => RS2526-SHIN
            [department_name] => Mechanical Team
            [currency] => INR
        )

)

CRITICAL - 2026-01-30 05:44:32 --> Array
(
    [0] => Array
        (
            [pur_order_number] => WTB-00620-Jan-2026-#045
            [vendor] => 45
            [order_date] => 2026-01-29
            [project] => 22
            [department] => 0
            [total] => 1386.82
            [approve_status] => 1
            [delivery_date] => 
            [delivery_status] => 1
            [number] => 620
            [expense_convert] => 0
            [id] => 577
            [company] => SMC Corporation (India) Pvt. Ltd.
            [project_name] => RS2502-5174-1 Punch Forming, Finger Forming and Pipe Cutting  Machin
            [department_name] => 
            [currency] => INR
            [items] => Array
                (
                )

        )

    [1] => Array
        (
            [pur_order_number] => WTB-00618-Jan-2026-#084
            [vendor] => 84
            [order_date] => 2026-01-29
            [project] => 18
            [department] => 0
            [total] => 42000.00
            [approve_status] => 1
            [delivery_date] => 
            [delivery_status] => 1
            [number] => 618
            [expense_convert] => 0
            [id] => 575
            [company] => Om Engineering Works
            [project_name] => RS2504-5253-02 Elevator for Mixer
            [department_name] => 
            [currency] => INR
            [items] => Array
                (
                )

        )

    [2] => Array
        (
            [pur_order_number] => WTB-00613-Jan-2026-022
            [vendor] => 22
            [order_date] => 2026-01-26
            [project] => 43
            [department] => 1
            [total] => 920.00
            [approve_status] => 2
            [delivery_date] => 
            [delivery_status] => 1
            [number] => 613
            [expense_convert] => 0
            [id] => 570
            [company] => BKN ELECTRICALS
            [project_name] => RS1-2508-1081 Prospira Bond Test Machine
            [department_name] => AUTOMATION
            [currency] => INR
            [items] => Array
                (
                )

        )

    [3] => Array
        (
            [pur_order_number] => WTB-00605-Jan-2026-177
            [vendor] => 177
            [order_date] => 2026-01-22
            [project] => 12
            [department] => 1
            [total] => 67500.00
            [approve_status] => 1
            [delivery_date] => 
            [delivery_status] => 1
            [number] => 605
            [expense_convert] => 0
            [id] => 562
            [company] => RETRO AUTOMATION PRIVATE LIMITED 
            [project_name] => RS2526-SHIN
            [department_name] => AUTOMATION
            [currency] => INR
            [items] => Array
                (
                )

        )

    [4] => Array
        (
            [pur_order_number] => WTB-00606-Jan-2026-#110
            [vendor] => 110
            [order_date] => 2026-01-22
            [project] => 11
            [department] => 2
            [total] => 76347.00
            [approve_status] => 1
            [delivery_date] => 
            [delivery_status] => 1
            [number] => 606
            [expense_convert] => 0
            [id] => 563
            [company] => RAJASTHAN HARDWARE
            [project_name] => RS2526-FIX-SS
            [department_name] => Mechanical Team
            [currency] => INR
            [items] => Array
                (
                )

        )

    [5] => Array
        (
            [pur_order_number] => WTB-00607-Jan-2026-#110
            [vendor] => 110
            [order_date] => 2026-01-22
            [project] => 11
            [department] => 2
            [total] => 77830.00
            [approve_status] => 1
            [delivery_date] => 
            [delivery_status] => 1
            [number] => 607
            [expense_convert] => 0
            [id] => 564
            [company] => RAJASTHAN HARDWARE
            [project_name] => RS2526-FIX-SS
            [department_name] => Mechanical Team
            [currency] => INR
            [items] => Array
                (
                )

        )

    [6] => Array
        (
            [pur_order_number] => WTB-00608-Jan-2026-#110
            [vendor] => 110
            [order_date] => 2026-01-22
            [project] => 11
            [department] => 2
            [total] => 48775.00
            [approve_status] => 1
            [delivery_date] => 
            [delivery_status] => 1
            [number] => 608
            [expense_convert] => 0
            [id] => 565
            [company] => RAJASTHAN HARDWARE
            [project_name] => RS2526-FIX-SS
            [department_name] => Mechanical Team
            [currency] => INR
            [items] => Array
                (
                )

        )

    [7] => Array
        (
            [pur_order_number] => WTB-00609-Jan-2026-#180
            [vendor] => 180
            [order_date] => 2026-01-22
            [project] => 22
            [department] => 2
            [total] => 600.00
            [approve_status] => 1
            [delivery_date] => 
            [delivery_status] => 1
            [number] => 609
            [expense_convert] => 0
            [id] => 566
            [company] => KHAZANI HYDRAULICS PRIVATED LIMITED 
            [project_name] => RS2502-5174-1 Punch Forming, Finger Forming and Pipe Cutting  Machin
            [department_name] => Mechanical Team
            [currency] => INR
            [items] => Array
                (
                )

        )

    [8] => Array
        (
            [pur_order_number] => WTB-00610-Jan-2026-#075
            [vendor] => 75
            [order_date] => 2026-01-22
            [project] => 12
            [department] => 1
            [total] => 320660.28
            [approve_status] => 1
            [delivery_date] => 
            [delivery_status] => 1
            [number] => 610
            [expense_convert] => 0
            [id] => 567
            [company] => Jindal Electric & Hardware
            [project_name] => RS2526-SHIN
            [department_name] => AUTOMATION
            [currency] => INR
            [items] => Array
                (
                )

        )

    [9] => Array
        (
            [pur_order_number] => WTB-00611-Jan-2026-003
            [vendor] => 13
            [order_date] => 2026-01-22
            [project] => 58
            [department] => 2
            [total] => 721.60
            [approve_status] => 2
            [delivery_date] => 
            [delivery_status] => 1
            [number] => 611
            [expense_convert] => 0
            [id] => 568
            [company] => Misumi India Pvt Ltd.
            [project_name] => RS3-2512-3008-HMCMM-TFR INSERTION
            [department_name] => Mechanical Team
            [currency] => INR
            [items] => Array
                (
                )

        )

    [10] => Array
        (
            [pur_order_number] => WTB-00612-Jan-2026-032
            [vendor] => 32
            [order_date] => 2026-01-22
            [project] => 58
            [department] => 2
            [total] => 200.00
            [approve_status] => 2
            [delivery_date] => 
            [delivery_status] => 1
            [number] => 612
            [expense_convert] => 0
            [id] => 569
            [company] => Manglam Sales
            [project_name] => RS3-2512-3008-HMCMM-TFR INSERTION
            [department_name] => Mechanical Team
            [currency] => INR
            [items] => Array
                (
                )

        )

    [11] => Array
        (
            [pur_order_number] => WTB-00603-Jan-2026-#50 
            [vendor] => 50
            [order_date] => 2026-01-21
            [project] => 38
            [department] => 1
            [total] => 2638.10
            [approve_status] => 1
            [delivery_date] => 
            [delivery_status] => 1
            [number] => 603
            [expense_convert] => 0
            [id] => 560
            [company] => Sunrise Industrial Products
            [project_name] => RS2526-SPARE-E
            [department_name] => AUTOMATION
            [currency] => INR
            [items] => Array
                (
                )

        )

    [12] => Array
        (
            [pur_order_number] => WTB-00604-Jan-2026-008
            [vendor] => 18
            [order_date] => 2026-01-21
            [project] => 22
            [department] => 0
            [total] => 970700.00
            [approve_status] => 1
            [delivery_date] => 
            [delivery_status] => 1
            [number] => 604
            [expense_convert] => 0
            [id] => 561
            [company] => Yamazen Machinery & Tools India Private Limited
            [project_name] => RS2502-5174-1 Punch Forming, Finger Forming and Pipe Cutting  Machin
            [department_name] => 
            [currency] => INR
            [items] => Array
                (
                )

        )

    [13] => Array
        (
            [pur_order_number] => WTB-00602-Jan-2026-#045
            [vendor] => 45
            [order_date] => 2026-01-18
            [project] => 12
            [department] => 1
            [total] => 65527.70
            [approve_status] => 1
            [delivery_date] => 
            [delivery_status] => 1
            [number] => 602
            [expense_convert] => 0
            [id] => 559
            [company] => SMC Corporation (India) Pvt. Ltd.
            [project_name] => RS2526-SHIN
            [department_name] => AUTOMATION
            [currency] => INR
            [items] => Array
                (
                )

        )

    [14] => Array
        (
            [pur_order_number] => WTB-00596-Jan-2026-#096
            [vendor] => 96
            [order_date] => 2026-01-17
            [project] => 18
            [department] => 2
            [total] => 1257.00
            [approve_status] => 2
            [delivery_date] => 
            [delivery_status] => 1
            [number] => 596
            [expense_convert] => 0
            [id] => 553
            [company] => Tara Hardware And Electrical
            [project_name] => RS2504-5253-02 Elevator for Mixer
            [department_name] => Mechanical Team
            [currency] => INR
            [items] => Array
                (
                )

        )

    [15] => Array
        (
            [pur_order_number] => WTB-00597-Jan-2026-#096
            [vendor] => 96
            [order_date] => 2026-01-17
            [project] => 18
            [department] => 2
            [total] => 1755.08
            [approve_status] => 2
            [delivery_date] => 
            [delivery_status] => 1
            [number] => 597
            [expense_convert] => 0
            [id] => 554
            [company] => Tara Hardware And Electrical
            [project_name] => RS2504-5253-02 Elevator for Mixer
            [department_name] => Mechanical Team
            [currency] => INR
            [items] => Array
                (
                )

        )

    [16] => Array
        (
            [pur_order_number] => WTB-00598-Jan-2026-#096
            [vendor] => 96
            [order_date] => 2026-01-17
            [project] => 18
            [department] => 2
            [total] => 803.55
            [approve_status] => 2
            [delivery_date] => 
            [delivery_status] => 1
            [number] => 598
            [expense_convert] => 0
            [id] => 555
            [company] => Tara Hardware And Electrical
            [project_name] => RS2504-5253-02 Elevator for Mixer
            [department_name] => Mechanical Team
            [currency] => INR
            [items] => Array
                (
                )

        )

    [17] => Array
        (
            [pur_order_number] => WTB-00599-Jan-2026-#096
            [vendor] => 96
            [order_date] => 2026-01-17
            [project] => 18
            [department] => 2
            [total] => 1030.00
            [approve_status] => 2
            [delivery_date] => 
            [delivery_status] => 1
            [number] => 599
            [expense_convert] => 0
            [id] => 556
            [company] => Tara Hardware And Electrical
            [project_name] => RS2504-5253-02 Elevator for Mixer
            [department_name] => Mechanical Team
            [currency] => INR
            [items] => Array
                (
                )

        )

    [18] => Array
        (
            [pur_order_number] => WTB-00600-Jan-2026-#172
            [vendor] => 172
            [order_date] => 2026-01-17
            [project] => 18
            [department] => 2
            [total] => 3033.82
            [approve_status] => 2
            [delivery_date] => 
            [delivery_status] => 1
            [number] => 600
            [expense_convert] => 0
            [id] => 557
            [company] => SHYAM HARDWARE STORE 
            [project_name] => RS2504-5253-02 Elevator for Mixer
            [department_name] => Mechanical Team
            [currency] => INR
            [items] => Array
                (
                )

        )

    [19] => Array
        (
            [pur_order_number] => WTB-00601-Jan-2026-#180
            [vendor] => 180
            [order_date] => 2026-01-17
            [project] => 22
            [department] => 2
            [total] => 3200.00
            [approve_status] => 1
            [delivery_date] => 
            [delivery_status] => 1
            [number] => 601
            [expense_convert] => 0
            [id] => 558
            [company] => KHAZANI HYDRAULICS PRIVATED LIMITED 
            [project_name] => RS2502-5174-1 Punch Forming, Finger Forming and Pipe Cutting  Machin
            [department_name] => Mechanical Team
            [currency] => INR
            [items] => Array
                (
                )

        )

    [20] => Array
        (
            [pur_order_number] => WTB-00592-Jan-2026-005
            [vendor] => 15
            [order_date] => 2026-01-16
            [project] => 12
            [department] => 1
            [total] => 29000.00
            [approve_status] => 2
            [delivery_date] => 
            [delivery_status] => 1
            [number] => 592
            [expense_convert] => 0
            [id] => 549
            [company] => Factory Automation Private Limited
            [project_name] => RS2526-SHIN
            [department_name] => AUTOMATION
            [currency] => INR
            [items] => Array
                (
                )

        )

    [21] => Array
        (
            [pur_order_number] => WTB-00593-Jan-2026-179
            [vendor] => 179
            [order_date] => 2026-01-16
            [project] => 11
            [department] => 2
            [total] => 5212.00
            [approve_status] => 2
            [delivery_date] => 
            [delivery_status] => 1
            [number] => 593
            [expense_convert] => 0
            [id] => 550
            [company] => RAJA MOTORS
            [project_name] => RS2526-FIX-SS
            [department_name] => Mechanical Team
            [currency] => INR
            [items] => Array
                (
                )

        )

    [22] => Array
        (
            [pur_order_number] => WTB-00594-Jan-2026-#040
            [vendor] => 40
            [order_date] => 2026-01-16
            [project] => 12
            [department] => 1
            [total] => 43166.00
            [approve_status] => 2
            [delivery_date] => 
            [delivery_status] => 1
            [number] => 594
            [expense_convert] => 0
            [id] => 551
            [company] => Vashi Integrated Solutions Limited
            [project_name] => RS2526-SHIN
            [department_name] => AUTOMATION
            [currency] => INR
            [items] => Array
                (
                )

        )

    [23] => Array
        (
            [pur_order_number] => WTB-00595-Jan-2026-#040
            [vendor] => 40
            [order_date] => 2026-01-16
            [project] => 12
            [department] => 1
            [total] => 224119.40
            [approve_status] => 2
            [delivery_date] => 
            [delivery_status] => 1
            [number] => 595
            [expense_convert] => 0
            [id] => 552
            [company] => Vashi Integrated Solutions Limited
            [project_name] => RS2526-SHIN
            [department_name] => AUTOMATION
            [currency] => INR
            [items] => Array
                (
                )

        )

    [24] => Array
        (
            [pur_order_number] => WTB-00591-Jan-2026-#045
            [vendor] => 45
            [order_date] => 2026-01-15
            [project] => 12
            [department] => 2
            [total] => 2804.70
            [approve_status] => 2
            [delivery_date] => 
            [delivery_status] => 1
            [number] => 591
            [expense_convert] => 0
            [id] => 548
            [company] => SMC Corporation (India) Pvt. Ltd.
            [project_name] => RS2526-SHIN
            [department_name] => Mechanical Team
            [currency] => INR
            [items] => Array
                (
                )

        )

)

CRITICAL - 2026-01-30 05:44:48 --> 
CRITICAL - 2026-01-30 05:44:48 --> 
CRITICAL - 2026-01-30 05:46:56 --> Updating expenditure for project61
ERROR - 2026-01-30 05:46:57 --> 
              SELECT SQL_CALC_FOUND_ROWS pur_order_number, vendor, order_date, project, department, total, approve_status, delivery_date, delivery_status, number, expense_convert ,rise_pur_orders.id as id,company,pur_order_number,expense_convert,rise_projects.title as project_name,rise_team.title as department_name,currency
              FROM rise_pur_orders
              LEFT JOIN rise_pur_vendor ON rise_pur_vendor.userid = rise_pur_orders.vendor LEFT JOIN rise_team ON rise_team.id = rise_pur_orders.department LEFT JOIN rise_projects ON rise_projects.id = rise_pur_orders.project
              
              
              
              ORDER BY order_date DESC
              LIMIT 0, 25
              
CRITICAL - 2026-01-30 05:46:57 --> Array
(
    [0] => Array
        (
            [pur_order_number] => WTB-00620-Jan-2026-#045
            [vendor] => 45
            [order_date] => 2026-01-29
            [project] => 22
            [department] => 0
            [total] => 1386.82
            [approve_status] => 1
            [delivery_date] => 
            [delivery_status] => 1
            [number] => 620
            [expense_convert] => 0
            [id] => 577
            [company] => SMC Corporation (India) Pvt. Ltd.
            [project_name] => RS2502-5174-1 Punch Forming, Finger Forming and Pipe Cutting  Machin
            [department_name] => 
            [currency] => INR
        )

    [1] => Array
        (
            [pur_order_number] => WTB-00618-Jan-2026-#084
            [vendor] => 84
            [order_date] => 2026-01-29
            [project] => 18
            [department] => 0
            [total] => 42000.00
            [approve_status] => 1
            [delivery_date] => 
            [delivery_status] => 1
            [number] => 618
            [expense_convert] => 0
            [id] => 575
            [company] => Om Engineering Works
            [project_name] => RS2504-5253-02 Elevator for Mixer
            [department_name] => 
            [currency] => INR
        )

    [2] => Array
        (
            [pur_order_number] => WTB-00613-Jan-2026-022
            [vendor] => 22
            [order_date] => 2026-01-26
            [project] => 43
            [department] => 1
            [total] => 920.00
            [approve_status] => 2
            [delivery_date] => 
            [delivery_status] => 1
            [number] => 613
            [expense_convert] => 0
            [id] => 570
            [company] => BKN ELECTRICALS
            [project_name] => RS1-2508-1081 Prospira Bond Test Machine
            [department_name] => AUTOMATION
            [currency] => INR
        )

    [3] => Array
        (
            [pur_order_number] => WTB-00605-Jan-2026-177
            [vendor] => 177
            [order_date] => 2026-01-22
            [project] => 12
            [department] => 1
            [total] => 67500.00
            [approve_status] => 1
            [delivery_date] => 
            [delivery_status] => 1
            [number] => 605
            [expense_convert] => 0
            [id] => 562
            [company] => RETRO AUTOMATION PRIVATE LIMITED 
            [project_name] => RS2526-SHIN
            [department_name] => AUTOMATION
            [currency] => INR
        )

    [4] => Array
        (
            [pur_order_number] => WTB-00606-Jan-2026-#110
            [vendor] => 110
            [order_date] => 2026-01-22
            [project] => 11
            [department] => 2
            [total] => 76347.00
            [approve_status] => 1
            [delivery_date] => 
            [delivery_status] => 1
            [number] => 606
            [expense_convert] => 0
            [id] => 563
            [company] => RAJASTHAN HARDWARE
            [project_name] => RS2526-FIX-SS
            [department_name] => Mechanical Team
            [currency] => INR
        )

    [5] => Array
        (
            [pur_order_number] => WTB-00607-Jan-2026-#110
            [vendor] => 110
            [order_date] => 2026-01-22
            [project] => 11
            [department] => 2
            [total] => 77830.00
            [approve_status] => 1
            [delivery_date] => 
            [delivery_status] => 1
            [number] => 607
            [expense_convert] => 0
            [id] => 564
            [company] => RAJASTHAN HARDWARE
            [project_name] => RS2526-FIX-SS
            [department_name] => Mechanical Team
            [currency] => INR
        )

    [6] => Array
        (
            [pur_order_number] => WTB-00608-Jan-2026-#110
            [vendor] => 110
            [order_date] => 2026-01-22
            [project] => 11
            [department] => 2
            [total] => 48775.00
            [approve_status] => 1
            [delivery_date] => 
            [delivery_status] => 1
            [number] => 608
            [expense_convert] => 0
            [id] => 565
            [company] => RAJASTHAN HARDWARE
            [project_name] => RS2526-FIX-SS
            [department_name] => Mechanical Team
            [currency] => INR
        )

    [7] => Array
        (
            [pur_order_number] => WTB-00609-Jan-2026-#180
            [vendor] => 180
            [order_date] => 2026-01-22
            [project] => 22
            [department] => 2
            [total] => 600.00
            [approve_status] => 1
            [delivery_date] => 
            [delivery_status] => 1
            [number] => 609
            [expense_convert] => 0
            [id] => 566
            [company] => KHAZANI HYDRAULICS PRIVATED LIMITED 
            [project_name] => RS2502-5174-1 Punch Forming, Finger Forming and Pipe Cutting  Machin
            [department_name] => Mechanical Team
            [currency] => INR
        )

    [8] => Array
        (
            [pur_order_number] => WTB-00610-Jan-2026-#075
            [vendor] => 75
            [order_date] => 2026-01-22
            [project] => 12
            [department] => 1
            [total] => 320660.28
            [approve_status] => 1
            [delivery_date] => 
            [delivery_status] => 1
            [number] => 610
            [expense_convert] => 0
            [id] => 567
            [company] => Jindal Electric & Hardware
            [project_name] => RS2526-SHIN
            [department_name] => AUTOMATION
            [currency] => INR
        )

    [9] => Array
        (
            [pur_order_number] => WTB-00611-Jan-2026-003
            [vendor] => 13
            [order_date] => 2026-01-22
            [project] => 58
            [department] => 2
            [total] => 721.60
            [approve_status] => 2
            [delivery_date] => 
            [delivery_status] => 1
            [number] => 611
            [expense_convert] => 0
            [id] => 568
            [company] => Misumi India Pvt Ltd.
            [project_name] => RS3-2512-3008-HMCMM-TFR INSERTION
            [department_name] => Mechanical Team
            [currency] => INR
        )

    [10] => Array
        (
            [pur_order_number] => WTB-00612-Jan-2026-032
            [vendor] => 32
            [order_date] => 2026-01-22
            [project] => 58
            [department] => 2
            [total] => 200.00
            [approve_status] => 2
            [delivery_date] => 
            [delivery_status] => 1
            [number] => 612
            [expense_convert] => 0
            [id] => 569
            [company] => Manglam Sales
            [project_name] => RS3-2512-3008-HMCMM-TFR INSERTION
            [department_name] => Mechanical Team
            [currency] => INR
        )

    [11] => Array
        (
            [pur_order_number] => WTB-00603-Jan-2026-#50 
            [vendor] => 50
            [order_date] => 2026-01-21
            [project] => 38
            [department] => 1
            [total] => 2638.10
            [approve_status] => 1
            [delivery_date] => 
            [delivery_status] => 1
            [number] => 603
            [expense_convert] => 0
            [id] => 560
            [company] => Sunrise Industrial Products
            [project_name] => RS2526-SPARE-E
            [department_name] => AUTOMATION
            [currency] => INR
        )

    [12] => Array
        (
            [pur_order_number] => WTB-00604-Jan-2026-008
            [vendor] => 18
            [order_date] => 2026-01-21
            [project] => 22
            [department] => 0
            [total] => 970700.00
            [approve_status] => 1
            [delivery_date] => 
            [delivery_status] => 1
            [number] => 604
            [expense_convert] => 0
            [id] => 561
            [company] => Yamazen Machinery & Tools India Private Limited
            [project_name] => RS2502-5174-1 Punch Forming, Finger Forming and Pipe Cutting  Machin
            [department_name] => 
            [currency] => INR
        )

    [13] => Array
        (
            [pur_order_number] => WTB-00602-Jan-2026-#045
            [vendor] => 45
            [order_date] => 2026-01-18
            [project] => 12
            [department] => 1
            [total] => 65527.70
            [approve_status] => 1
            [delivery_date] => 
            [delivery_status] => 1
            [number] => 602
            [expense_convert] => 0
            [id] => 559
            [company] => SMC Corporation (India) Pvt. Ltd.
            [project_name] => RS2526-SHIN
            [department_name] => AUTOMATION
            [currency] => INR
        )

    [14] => Array
        (
            [pur_order_number] => WTB-00596-Jan-2026-#096
            [vendor] => 96
            [order_date] => 2026-01-17
            [project] => 18
            [department] => 2
            [total] => 1257.00
            [approve_status] => 2
            [delivery_date] => 
            [delivery_status] => 1
            [number] => 596
            [expense_convert] => 0
            [id] => 553
            [company] => Tara Hardware And Electrical
            [project_name] => RS2504-5253-02 Elevator for Mixer
            [department_name] => Mechanical Team
            [currency] => INR
        )

    [15] => Array
        (
            [pur_order_number] => WTB-00597-Jan-2026-#096
            [vendor] => 96
            [order_date] => 2026-01-17
            [project] => 18
            [department] => 2
            [total] => 1755.08
            [approve_status] => 2
            [delivery_date] => 
            [delivery_status] => 1
            [number] => 597
            [expense_convert] => 0
            [id] => 554
            [company] => Tara Hardware And Electrical
            [project_name] => RS2504-5253-02 Elevator for Mixer
            [department_name] => Mechanical Team
            [currency] => INR
        )

    [16] => Array
        (
            [pur_order_number] => WTB-00598-Jan-2026-#096
            [vendor] => 96
            [order_date] => 2026-01-17
            [project] => 18
            [department] => 2
            [total] => 803.55
            [approve_status] => 2
            [delivery_date] => 
            [delivery_status] => 1
            [number] => 598
            [expense_convert] => 0
            [id] => 555
            [company] => Tara Hardware And Electrical
            [project_name] => RS2504-5253-02 Elevator for Mixer
            [department_name] => Mechanical Team
            [currency] => INR
        )

    [17] => Array
        (
            [pur_order_number] => WTB-00599-Jan-2026-#096
            [vendor] => 96
            [order_date] => 2026-01-17
            [project] => 18
            [department] => 2
            [total] => 1030.00
            [approve_status] => 2
            [delivery_date] => 
            [delivery_status] => 1
            [number] => 599
            [expense_convert] => 0
            [id] => 556
            [company] => Tara Hardware And Electrical
            [project_name] => RS2504-5253-02 Elevator for Mixer
            [department_name] => Mechanical Team
            [currency] => INR
        )

    [18] => Array
        (
            [pur_order_number] => WTB-00600-Jan-2026-#172
            [vendor] => 172
            [order_date] => 2026-01-17
            [project] => 18
            [department] => 2
            [total] => 3033.82
            [approve_status] => 2
            [delivery_date] => 
            [delivery_status] => 1
            [number] => 600
            [expense_convert] => 0
            [id] => 557
            [company] => SHYAM HARDWARE STORE 
            [project_name] => RS2504-5253-02 Elevator for Mixer
            [department_name] => Mechanical Team
            [currency] => INR
        )

    [19] => Array
        (
            [pur_order_number] => WTB-00601-Jan-2026-#180
            [vendor] => 180
            [order_date] => 2026-01-17
            [project] => 22
            [department] => 2
            [total] => 3200.00
            [approve_status] => 1
            [delivery_date] => 
            [delivery_status] => 1
            [number] => 601
            [expense_convert] => 0
            [id] => 558
            [company] => KHAZANI HYDRAULICS PRIVATED LIMITED 
            [project_name] => RS2502-5174-1 Punch Forming, Finger Forming and Pipe Cutting  Machin
            [department_name] => Mechanical Team
            [currency] => INR
        )

    [20] => Array
        (
            [pur_order_number] => WTB-00592-Jan-2026-005
            [vendor] => 15
            [order_date] => 2026-01-16
            [project] => 12
            [department] => 1
            [total] => 29000.00
            [approve_status] => 2
            [delivery_date] => 
            [delivery_status] => 1
            [number] => 592
            [expense_convert] => 0
            [id] => 549
            [company] => Factory Automation Private Limited
            [project_name] => RS2526-SHIN
            [department_name] => AUTOMATION
            [currency] => INR
        )

    [21] => Array
        (
            [pur_order_number] => WTB-00593-Jan-2026-179
            [vendor] => 179
            [order_date] => 2026-01-16
            [project] => 11
            [department] => 2
            [total] => 5212.00
            [approve_status] => 2
            [delivery_date] => 
            [delivery_status] => 1
            [number] => 593
            [expense_convert] => 0
            [id] => 550
            [company] => RAJA MOTORS
            [project_name] => RS2526-FIX-SS
            [department_name] => Mechanical Team
            [currency] => INR
        )

    [22] => Array
        (
            [pur_order_number] => WTB-00594-Jan-2026-#040
            [vendor] => 40
            [order_date] => 2026-01-16
            [project] => 12
            [department] => 1
            [total] => 43166.00
            [approve_status] => 2
            [delivery_date] => 
            [delivery_status] => 1
            [number] => 594
            [expense_convert] => 0
            [id] => 551
            [company] => Vashi Integrated Solutions Limited
            [project_name] => RS2526-SHIN
            [department_name] => AUTOMATION
            [currency] => INR
        )

    [23] => Array
        (
            [pur_order_number] => WTB-00595-Jan-2026-#040
            [vendor] => 40
            [order_date] => 2026-01-16
            [project] => 12
            [department] => 1
            [total] => 224119.40
            [approve_status] => 2
            [delivery_date] => 
            [delivery_status] => 1
            [number] => 595
            [expense_convert] => 0
            [id] => 552
            [company] => Vashi Integrated Solutions Limited
            [project_name] => RS2526-SHIN
            [department_name] => AUTOMATION
            [currency] => INR
        )

    [24] => Array
        (
            [pur_order_number] => WTB-00591-Jan-2026-#045
            [vendor] => 45
            [order_date] => 2026-01-15
            [project] => 12
            [department] => 2
            [total] => 2804.70
            [approve_status] => 2
            [delivery_date] => 
            [delivery_status] => 1
            [number] => 591
            [expense_convert] => 0
            [id] => 548
            [company] => SMC Corporation (India) Pvt. Ltd.
            [project_name] => RS2526-SHIN
            [department_name] => Mechanical Team
            [currency] => INR
        )

)

CRITICAL - 2026-01-30 05:46:57 --> Array
(
    [0] => Array
        (
            [pur_order_number] => WTB-00620-Jan-2026-#045
            [vendor] => 45
            [order_date] => 2026-01-29
            [project] => 22
            [department] => 0
            [total] => 1386.82
            [approve_status] => 1
            [delivery_date] => 
            [delivery_status] => 1
            [number] => 620
            [expense_convert] => 0
            [id] => 577
            [company] => SMC Corporation (India) Pvt. Ltd.
            [project_name] => RS2502-5174-1 Punch Forming, Finger Forming and Pipe Cutting  Machin
            [department_name] => 
            [currency] => INR
            [items] => Array
                (
                )

        )

    [1] => Array
        (
            [pur_order_number] => WTB-00618-Jan-2026-#084
            [vendor] => 84
            [order_date] => 2026-01-29
            [project] => 18
            [department] => 0
            [total] => 42000.00
            [approve_status] => 1
            [delivery_date] => 
            [delivery_status] => 1
            [number] => 618
            [expense_convert] => 0
            [id] => 575
            [company] => Om Engineering Works
            [project_name] => RS2504-5253-02 Elevator for Mixer
            [department_name] => 
            [currency] => INR
            [items] => Array
                (
                )

        )

    [2] => Array
        (
            [pur_order_number] => WTB-00613-Jan-2026-022
            [vendor] => 22
            [order_date] => 2026-01-26
            [project] => 43
            [department] => 1
            [total] => 920.00
            [approve_status] => 2
            [delivery_date] => 
            [delivery_status] => 1
            [number] => 613
            [expense_convert] => 0
            [id] => 570
            [company] => BKN ELECTRICALS
            [project_name] => RS1-2508-1081 Prospira Bond Test Machine
            [department_name] => AUTOMATION
            [currency] => INR
            [items] => Array
                (
                )

        )

    [3] => Array
        (
            [pur_order_number] => WTB-00605-Jan-2026-177
            [vendor] => 177
            [order_date] => 2026-01-22
            [project] => 12
            [department] => 1
            [total] => 67500.00
            [approve_status] => 1
            [delivery_date] => 
            [delivery_status] => 1
            [number] => 605
            [expense_convert] => 0
            [id] => 562
            [company] => RETRO AUTOMATION PRIVATE LIMITED 
            [project_name] => RS2526-SHIN
            [department_name] => AUTOMATION
            [currency] => INR
            [items] => Array
                (
                )

        )

    [4] => Array
        (
            [pur_order_number] => WTB-00606-Jan-2026-#110
            [vendor] => 110
            [order_date] => 2026-01-22
            [project] => 11
            [department] => 2
            [total] => 76347.00
            [approve_status] => 1
            [delivery_date] => 
            [delivery_status] => 1
            [number] => 606
            [expense_convert] => 0
            [id] => 563
            [company] => RAJASTHAN HARDWARE
            [project_name] => RS2526-FIX-SS
            [department_name] => Mechanical Team
            [currency] => INR
            [items] => Array
                (
                )

        )

    [5] => Array
        (
            [pur_order_number] => WTB-00607-Jan-2026-#110
            [vendor] => 110
            [order_date] => 2026-01-22
            [project] => 11
            [department] => 2
            [total] => 77830.00
            [approve_status] => 1
            [delivery_date] => 
            [delivery_status] => 1
            [number] => 607
            [expense_convert] => 0
            [id] => 564
            [company] => RAJASTHAN HARDWARE
            [project_name] => RS2526-FIX-SS
            [department_name] => Mechanical Team
            [currency] => INR
            [items] => Array
                (
                )

        )

    [6] => Array
        (
            [pur_order_number] => WTB-00608-Jan-2026-#110
            [vendor] => 110
            [order_date] => 2026-01-22
            [project] => 11
            [department] => 2
            [total] => 48775.00
            [approve_status] => 1
            [delivery_date] => 
            [delivery_status] => 1
            [number] => 608
            [expense_convert] => 0
            [id] => 565
            [company] => RAJASTHAN HARDWARE
            [project_name] => RS2526-FIX-SS
            [department_name] => Mechanical Team
            [currency] => INR
            [items] => Array
                (
                )

        )

    [7] => Array
        (
            [pur_order_number] => WTB-00609-Jan-2026-#180
            [vendor] => 180
            [order_date] => 2026-01-22
            [project] => 22
            [department] => 2
            [total] => 600.00
            [approve_status] => 1
            [delivery_date] => 
            [delivery_status] => 1
            [number] => 609
            [expense_convert] => 0
            [id] => 566
            [company] => KHAZANI HYDRAULICS PRIVATED LIMITED 
            [project_name] => RS2502-5174-1 Punch Forming, Finger Forming and Pipe Cutting  Machin
            [department_name] => Mechanical Team
            [currency] => INR
            [items] => Array
                (
                )

        )

    [8] => Array
        (
            [pur_order_number] => WTB-00610-Jan-2026-#075
            [vendor] => 75
            [order_date] => 2026-01-22
            [project] => 12
            [department] => 1
            [total] => 320660.28
            [approve_status] => 1
            [delivery_date] => 
            [delivery_status] => 1
            [number] => 610
            [expense_convert] => 0
            [id] => 567
            [company] => Jindal Electric & Hardware
            [project_name] => RS2526-SHIN
            [department_name] => AUTOMATION
            [currency] => INR
            [items] => Array
                (
                )

        )

    [9] => Array
        (
            [pur_order_number] => WTB-00611-Jan-2026-003
            [vendor] => 13
            [order_date] => 2026-01-22
            [project] => 58
            [department] => 2
            [total] => 721.60
            [approve_status] => 2
            [delivery_date] => 
            [delivery_status] => 1
            [number] => 611
            [expense_convert] => 0
            [id] => 568
            [company] => Misumi India Pvt Ltd.
            [project_name] => RS3-2512-3008-HMCMM-TFR INSERTION
            [department_name] => Mechanical Team
            [currency] => INR
            [items] => Array
                (
                )

        )

    [10] => Array
        (
            [pur_order_number] => WTB-00612-Jan-2026-032
            [vendor] => 32
            [order_date] => 2026-01-22
            [project] => 58
            [department] => 2
            [total] => 200.00
            [approve_status] => 2
            [delivery_date] => 
            [delivery_status] => 1
            [number] => 612
            [expense_convert] => 0
            [id] => 569
            [company] => Manglam Sales
            [project_name] => RS3-2512-3008-HMCMM-TFR INSERTION
            [department_name] => Mechanical Team
            [currency] => INR
            [items] => Array
                (
                )

        )

    [11] => Array
        (
            [pur_order_number] => WTB-00603-Jan-2026-#50 
            [vendor] => 50
            [order_date] => 2026-01-21
            [project] => 38
            [department] => 1
            [total] => 2638.10
            [approve_status] => 1
            [delivery_date] => 
            [delivery_status] => 1
            [number] => 603
            [expense_convert] => 0
            [id] => 560
            [company] => Sunrise Industrial Products
            [project_name] => RS2526-SPARE-E
            [department_name] => AUTOMATION
            [currency] => INR
            [items] => Array
                (
                )

        )

    [12] => Array
        (
            [pur_order_number] => WTB-00604-Jan-2026-008
            [vendor] => 18
            [order_date] => 2026-01-21
            [project] => 22
            [department] => 0
            [total] => 970700.00
            [approve_status] => 1
            [delivery_date] => 
            [delivery_status] => 1
            [number] => 604
            [expense_convert] => 0
            [id] => 561
            [company] => Yamazen Machinery & Tools India Private Limited
            [project_name] => RS2502-5174-1 Punch Forming, Finger Forming and Pipe Cutting  Machin
            [department_name] => 
            [currency] => INR
            [items] => Array
                (
                )

        )

    [13] => Array
        (
            [pur_order_number] => WTB-00602-Jan-2026-#045
            [vendor] => 45
            [order_date] => 2026-01-18
            [project] => 12
            [department] => 1
            [total] => 65527.70
            [approve_status] => 1
            [delivery_date] => 
            [delivery_status] => 1
            [number] => 602
            [expense_convert] => 0
            [id] => 559
            [company] => SMC Corporation (India) Pvt. Ltd.
            [project_name] => RS2526-SHIN
            [department_name] => AUTOMATION
            [currency] => INR
            [items] => Array
                (
                )

        )

    [14] => Array
        (
            [pur_order_number] => WTB-00596-Jan-2026-#096
            [vendor] => 96
            [order_date] => 2026-01-17
            [project] => 18
            [department] => 2
            [total] => 1257.00
            [approve_status] => 2
            [delivery_date] => 
            [delivery_status] => 1
            [number] => 596
            [expense_convert] => 0
            [id] => 553
            [company] => Tara Hardware And Electrical
            [project_name] => RS2504-5253-02 Elevator for Mixer
            [department_name] => Mechanical Team
            [currency] => INR
            [items] => Array
                (
                )

        )

    [15] => Array
        (
            [pur_order_number] => WTB-00597-Jan-2026-#096
            [vendor] => 96
            [order_date] => 2026-01-17
            [project] => 18
            [department] => 2
            [total] => 1755.08
            [approve_status] => 2
            [delivery_date] => 
            [delivery_status] => 1
            [number] => 597
            [expense_convert] => 0
            [id] => 554
            [company] => Tara Hardware And Electrical
            [project_name] => RS2504-5253-02 Elevator for Mixer
            [department_name] => Mechanical Team
            [currency] => INR
            [items] => Array
                (
                )

        )

    [16] => Array
        (
            [pur_order_number] => WTB-00598-Jan-2026-#096
            [vendor] => 96
            [order_date] => 2026-01-17
            [project] => 18
            [department] => 2
            [total] => 803.55
            [approve_status] => 2
            [delivery_date] => 
            [delivery_status] => 1
            [number] => 598
            [expense_convert] => 0
            [id] => 555
            [company] => Tara Hardware And Electrical
            [project_name] => RS2504-5253-02 Elevator for Mixer
            [department_name] => Mechanical Team
            [currency] => INR
            [items] => Array
                (
                )

        )

    [17] => Array
        (
            [pur_order_number] => WTB-00599-Jan-2026-#096
            [vendor] => 96
            [order_date] => 2026-01-17
            [project] => 18
            [department] => 2
            [total] => 1030.00
            [approve_status] => 2
            [delivery_date] => 
            [delivery_status] => 1
            [number] => 599
            [expense_convert] => 0
            [id] => 556
            [company] => Tara Hardware And Electrical
            [project_name] => RS2504-5253-02 Elevator for Mixer
            [department_name] => Mechanical Team
            [currency] => INR
            [items] => Array
                (
                )

        )

    [18] => Array
        (
            [pur_order_number] => WTB-00600-Jan-2026-#172
            [vendor] => 172
            [order_date] => 2026-01-17
            [project] => 18
            [department] => 2
            [total] => 3033.82
            [approve_status] => 2
            [delivery_date] => 
            [delivery_status] => 1
            [number] => 600
            [expense_convert] => 0
            [id] => 557
            [company] => SHYAM HARDWARE STORE 
            [project_name] => RS2504-5253-02 Elevator for Mixer
            [department_name] => Mechanical Team
            [currency] => INR
            [items] => Array
                (
                )

        )

    [19] => Array
        (
            [pur_order_number] => WTB-00601-Jan-2026-#180
            [vendor] => 180
            [order_date] => 2026-01-17
            [project] => 22
            [department] => 2
            [total] => 3200.00
            [approve_status] => 1
            [delivery_date] => 
            [delivery_status] => 1
            [number] => 601
            [expense_convert] => 0
            [id] => 558
            [company] => KHAZANI HYDRAULICS PRIVATED LIMITED 
            [project_name] => RS2502-5174-1 Punch Forming, Finger Forming and Pipe Cutting  Machin
            [department_name] => Mechanical Team
            [currency] => INR
            [items] => Array
                (
                )

        )

    [20] => Array
        (
            [pur_order_number] => WTB-00592-Jan-2026-005
            [vendor] => 15
            [order_date] => 2026-01-16
            [project] => 12
            [department] => 1
            [total] => 29000.00
            [approve_status] => 2
            [delivery_date] => 
            [delivery_status] => 1
            [number] => 592
            [expense_convert] => 0
            [id] => 549
            [company] => Factory Automation Private Limited
            [project_name] => RS2526-SHIN
            [department_name] => AUTOMATION
            [currency] => INR
            [items] => Array
                (
                )

        )

    [21] => Array
        (
            [pur_order_number] => WTB-00593-Jan-2026-179
            [vendor] => 179
            [order_date] => 2026-01-16
            [project] => 11
            [department] => 2
            [total] => 5212.00
            [approve_status] => 2
            [delivery_date] => 
            [delivery_status] => 1
            [number] => 593
            [expense_convert] => 0
            [id] => 550
            [company] => RAJA MOTORS
            [project_name] => RS2526-FIX-SS
            [department_name] => Mechanical Team
            [currency] => INR
            [items] => Array
                (
                )

        )

    [22] => Array
        (
            [pur_order_number] => WTB-00594-Jan-2026-#040
            [vendor] => 40
            [order_date] => 2026-01-16
            [project] => 12
            [department] => 1
            [total] => 43166.00
            [approve_status] => 2
            [delivery_date] => 
            [delivery_status] => 1
            [number] => 594
            [expense_convert] => 0
            [id] => 551
            [company] => Vashi Integrated Solutions Limited
            [project_name] => RS2526-SHIN
            [department_name] => AUTOMATION
            [currency] => INR
            [items] => Array
                (
                )

        )

    [23] => Array
        (
            [pur_order_number] => WTB-00595-Jan-2026-#040
            [vendor] => 40
            [order_date] => 2026-01-16
            [project] => 12
            [department] => 1
            [total] => 224119.40
            [approve_status] => 2
            [delivery_date] => 
            [delivery_status] => 1
            [number] => 595
            [expense_convert] => 0
            [id] => 552
            [company] => Vashi Integrated Solutions Limited
            [project_name] => RS2526-SHIN
            [department_name] => AUTOMATION
            [currency] => INR
            [items] => Array
                (
                )

        )

    [24] => Array
        (
            [pur_order_number] => WTB-00591-Jan-2026-#045
            [vendor] => 45
            [order_date] => 2026-01-15
            [project] => 12
            [department] => 2
            [total] => 2804.70
            [approve_status] => 2
            [delivery_date] => 
            [delivery_status] => 1
            [number] => 591
            [expense_convert] => 0
            [id] => 548
            [company] => SMC Corporation (India) Pvt. Ltd.
            [project_name] => RS2526-SHIN
            [department_name] => Mechanical Team
            [currency] => INR
            [items] => Array
                (
                )

        )

)

CRITICAL - 2026-01-30 05:49:22 --> Array
(
    [0] => Array
        (
            [0] => <a href="https://www.rsrobotic.in/index.php/projects/view/55">55</a>
            [1] => <a href="https://www.rsrobotic.in/index.php/projects/view/55">RS2511-5339-4-Yutaka-Autoinspection and Demagnetiser</a>
            [2] => <a href="https://www.rsrobotic.in/index.php/clients/view/23">Yutaka Autoparts India Pvt LTD</a>
            [3] => ₹15,000,000.00
            [4] => 2026-01-20
            [5] => 2026-01-20
            [6] => 2026-03-20
            [7] => 2026-03-20
            [8] => <div class='progress' title='0%'>
            <div  class='progress-bar bg-primary' role='progressbar' aria-valuenow='0' aria-valuemin='0' aria-valuemax='100' style='width: 0%'>
            </div>
        </div>
            [9] => 0
            [10] => Open
            [11] => 
            [12] => <a href="#" class="edit" title="Edit project" data-post-id="55" data-act="ajax-modal" data-title="Edit project" data-action-url="https://www.rsrobotic.in/index.php/projects/modal_form"><i data-feather='edit' class='icon-16'></i></a><a href="#" title="Delete project" class="delete" data-id="55" data-action-url="https://www.rsrobotic.in/index.php/projects/delete" data-action="delete-confirmation"><i data-feather='x' class='icon-16'></i></a>
        )

    [1] => Array
        (
            [0] => <a href="https://www.rsrobotic.in/index.php/projects/view/59">59</a>
            [1] => <a href="https://www.rsrobotic.in/index.php/projects/view/59">RS2-2511-1032_HMM TS_TXV O-Ring Coupler</a>
            [2] => <a href="https://www.rsrobotic.in/index.php/clients/view/20">Highly Marelli Motherson Thermal Solution Pvt. Ltd.</a>
            [3] => -
            [4] => 2026-01-17
            [5] => 2026-01-17
            [6] => 2026-03-20
            [7] => 2026-03-20
            [8] => <div class='progress' title='0%'>
            <div  class='progress-bar bg-primary' role='progressbar' aria-valuenow='0' aria-valuemin='0' aria-valuemax='100' style='width: 0%'>
            </div>
        </div>
            [9] => 0
            [10] => Open
            [11] => 
            [12] => <a href="#" class="edit" title="Edit project" data-post-id="59" data-act="ajax-modal" data-title="Edit project" data-action-url="https://www.rsrobotic.in/index.php/projects/modal_form"><i data-feather='edit' class='icon-16'></i></a><a href="#" title="Delete project" class="delete" data-id="59" data-action-url="https://www.rsrobotic.in/index.php/projects/delete" data-action="delete-confirmation"><i data-feather='x' class='icon-16'></i></a>
        )

    [2] => Array
        (
            [0] => <a href="https://www.rsrobotic.in/index.php/projects/view/57">57</a>
            [1] => <a href="https://www.rsrobotic.in/index.php/projects/view/57">: RS3-2512-3008</a><br /><span class='mt0 badge  clickable' style='background-color:#ad159e;' title=Label>Manesar Project</span> 
            [2] => <a href="https://www.rsrobotic.in/index.php/clients/view/6">HMC MM AUTO LIMITED</a>
            [3] => ₹15,000.00
            [4] => 2026-01-15
            [5] => 2026-01-15
            [6] => 2026-02-15
            [7] => 2026-02-15
            [8] => <div class='progress' title='0%'>
            <div  class='progress-bar bg-primary' role='progressbar' aria-valuenow='0' aria-valuemin='0' aria-valuemax='100' style='width: 0%'>
            </div>
        </div>
            [9] => 0
            [10] => Open
            [11] => 10000
            [12] => <a href="#" class="edit" title="Edit project" data-post-id="57" data-act="ajax-modal" data-title="Edit project" data-action-url="https://www.rsrobotic.in/index.php/projects/modal_form"><i data-feather='edit' class='icon-16'></i></a><a href="#" title="Delete project" class="delete" data-id="57" data-action-url="https://www.rsrobotic.in/index.php/projects/delete" data-action="delete-confirmation"><i data-feather='x' class='icon-16'></i></a>
        )

    [3] => Array
        (
            [0] => <a href="https://www.rsrobotic.in/index.php/projects/view/58">58</a>
            [1] => <a href="https://www.rsrobotic.in/index.php/projects/view/58">RS3-2512-3008-HMCMM-TFR INSERTION</a>
            [2] => <a href="https://www.rsrobotic.in/index.php/clients/view/6">HMC MM AUTO LIMITED</a>
            [3] => ₹22,000.00
            [4] => 2026-01-10
            [5] => 2026-01-10
            [6] => 2026-01-31
            [7] => 2026-01-31
            [8] => <div class='progress' title='0%'>
            <div  class='progress-bar bg-primary' role='progressbar' aria-valuenow='0' aria-valuemin='0' aria-valuemax='100' style='width: 0%'>
            </div>
        </div>
            [9] => 921.6
            [10] => Open
            [11] => 
            [12] => <a href="#" class="edit" title="Edit project" data-post-id="58" data-act="ajax-modal" data-title="Edit project" data-action-url="https://www.rsrobotic.in/index.php/projects/modal_form"><i data-feather='edit' class='icon-16'></i></a><a href="#" title="Delete project" class="delete" data-id="58" data-action-url="https://www.rsrobotic.in/index.php/projects/delete" data-action="delete-confirmation"><i data-feather='x' class='icon-16'></i></a>
        )

    [4] => Array
        (
            [0] => <a href="https://www.rsrobotic.in/index.php/projects/view/60">60</a>
            [1] => <a href="https://www.rsrobotic.in/index.php/projects/view/60">RS2-2511-1039_HMM TS_Door Assy Checking Poka-Yoka Fixture</a>
            [2] => <a href="https://www.rsrobotic.in/index.php/clients/view/20">Highly Marelli Motherson Thermal Solution Pvt. Ltd.</a>
            [3] => -
            [4] => 2026-01-10
            [5] => 2026-01-10
            [6] => 2026-02-28
            [7] => 2026-02-28
            [8] => <div class='progress' title='0%'>
            <div  class='progress-bar bg-primary' role='progressbar' aria-valuenow='0' aria-valuemin='0' aria-valuemax='100' style='width: 0%'>
            </div>
        </div>
            [9] => 0
            [10] => Open
            [11] => 
            [12] => <a href="#" class="edit" title="Edit project" data-post-id="60" data-act="ajax-modal" data-title="Edit project" data-action-url="https://www.rsrobotic.in/index.php/projects/modal_form"><i data-feather='edit' class='icon-16'></i></a><a href="#" title="Delete project" class="delete" data-id="60" data-action-url="https://www.rsrobotic.in/index.php/projects/delete" data-action="delete-confirmation"><i data-feather='x' class='icon-16'></i></a>
        )

    [5] => Array
        (
            [0] => <a href="https://www.rsrobotic.in/index.php/projects/view/61">61</a>
            [1] => <a href="https://www.rsrobotic.in/index.php/projects/view/61">RS2-2511-1033_HMM TS_Helium Leak Testing Quick Coupler</a>
            [2] => <a href="https://www.rsrobotic.in/index.php/clients/view/20">Highly Marelli Motherson Thermal Solution Pvt. Ltd.</a>
            [3] => -
            [4] => 2026-01-08
            [5] => 2026-01-08
            [6] => 2026-02-27
            [7] => 2026-02-27
            [8] => <div class='progress' title='0%'>
            <div  class='progress-bar bg-primary' role='progressbar' aria-valuenow='0' aria-valuemin='0' aria-valuemax='100' style='width: 0%'>
            </div>
        </div>
            [9] => 0
            [10] => Open
            [11] => 
            [12] => <a href="#" class="edit" title="Edit project" data-post-id="61" data-act="ajax-modal" data-title="Edit project" data-action-url="https://www.rsrobotic.in/index.php/projects/modal_form"><i data-feather='edit' class='icon-16'></i></a><a href="#" title="Delete project" class="delete" data-id="61" data-action-url="https://www.rsrobotic.in/index.php/projects/delete" data-action="delete-confirmation"><i data-feather='x' class='icon-16'></i></a>
        )

    [6] => Array
        (
            [0] => <a href="https://www.rsrobotic.in/index.php/projects/view/62">62</a>
            [1] => <a href="https://www.rsrobotic.in/index.php/projects/view/62">RS2-2511-1034_HMM TS_Main Line Fixture</a>
            [2] => <a href="https://www.rsrobotic.in/index.php/clients/view/20">Highly Marelli Motherson Thermal Solution Pvt. Ltd.</a>
            [3] => -
            [4] => 2026-01-08
            [5] => 2026-01-08
            [6] => 2026-02-27
            [7] => 2026-02-27
            [8] => <div class='progress' title='0%'>
            <div  class='progress-bar bg-primary' role='progressbar' aria-valuenow='0' aria-valuemin='0' aria-valuemax='100' style='width: 0%'>
            </div>
        </div>
            [9] => 0
            [10] => Open
            [11] => 
            [12] => <a href="#" class="edit" title="Edit project" data-post-id="62" data-act="ajax-modal" data-title="Edit project" data-action-url="https://www.rsrobotic.in/index.php/projects/modal_form"><i data-feather='edit' class='icon-16'></i></a><a href="#" title="Delete project" class="delete" data-id="62" data-action-url="https://www.rsrobotic.in/index.php/projects/delete" data-action="delete-confirmation"><i data-feather='x' class='icon-16'></i></a>
        )

    [7] => Array
        (
            [0] => <a href="https://www.rsrobotic.in/index.php/projects/view/56">56</a>
            [1] => <a href="https://www.rsrobotic.in/index.php/projects/view/56">RS2512-5343 seat (Back + cushion) Testing fixture</a><br /><span class='mt0 badge  clickable' style='background-color:#ad159e;' title=Label>Manesar Project</span> 
            [2] => <a href="https://www.rsrobotic.in/index.php/clients/view/29">Krishna Maruti Limited</a>
            [3] => ₹700,000.00
            [4] => 2026-01-01
            [5] => 2026-01-01
            [6] => 2026-02-20
            [7] => 2026-02-20
            [8] => <div class='progress' title='0%'>
            <div  class='progress-bar bg-primary' role='progressbar' aria-valuenow='0' aria-valuemin='0' aria-valuemax='100' style='width: 0%'>
            </div>
        </div>
            [9] => 0
            [10] => Open
            [11] => 270000
            [12] => <a href="#" class="edit" title="Edit project" data-post-id="56" data-act="ajax-modal" data-title="Edit project" data-action-url="https://www.rsrobotic.in/index.php/projects/modal_form"><i data-feather='edit' class='icon-16'></i></a><a href="#" title="Delete project" class="delete" data-id="56" data-action-url="https://www.rsrobotic.in/index.php/projects/delete" data-action="delete-confirmation"><i data-feather='x' class='icon-16'></i></a>
        )

    [8] => Array
        (
            [0] => <a href="https://www.rsrobotic.in/index.php/projects/view/50">50</a>
            [1] => <a href="https://www.rsrobotic.in/index.php/projects/view/50">RS2-2511-1032-2_CKM_Helium Leak testing coupler</a>
            [2] => <a href="https://www.rsrobotic.in/index.php/clients/view/20">Highly Marelli Motherson Thermal Solution Pvt. Ltd.</a>
            [3] => ₹38,000.00
            [4] => 2025-12-25
            [5] => 2025-12-25
            [6] => 2026-01-31
            [7] => 2026-01-31
            [8] => <div class='progress' title='0%'>
            <div  class='progress-bar bg-primary' role='progressbar' aria-valuenow='0' aria-valuemin='0' aria-valuemax='100' style='width: 0%'>
            </div>
        </div>
            [9] => 29200
            [10] => Open
            [11] => 
            [12] => <a href="#" class="edit" title="Edit project" data-post-id="50" data-act="ajax-modal" data-title="Edit project" data-action-url="https://www.rsrobotic.in/index.php/projects/modal_form"><i data-feather='edit' class='icon-16'></i></a><a href="#" title="Delete project" class="delete" data-id="50" data-action-url="https://www.rsrobotic.in/index.php/projects/delete" data-action="delete-confirmation"><i data-feather='x' class='icon-16'></i></a>
        )

    [9] => Array
        (
            [0] => <a href="https://www.rsrobotic.in/index.php/projects/view/49">49</a>
            [1] => <a href="https://www.rsrobotic.in/index.php/projects/view/49">RS2511-5339-4 Demagnetiser and Auto inspection</a><br /><span class='mt0 badge  clickable' style='background-color:#e74c3c;' title=Label>International Project</span> 
            [2] => <a href="https://www.rsrobotic.in/index.php/clients/view/23">Yutaka Autoparts India Pvt LTD</a>
            [3] => ₹12,000,000.00
            [4] => 2025-12-20
            [5] => 2025-12-20
            [6] => 2026-03-19
            [7] => 2026-03-19
            [8] => <div class='progress' title='0%'>
            <div  class='progress-bar bg-primary' role='progressbar' aria-valuenow='0' aria-valuemin='0' aria-valuemax='100' style='width: 0%'>
            </div>
        </div>
            [9] => 0
            [10] => Open
            [11] => 
            [12] => <a href="#" class="edit" title="Edit project" data-post-id="49" data-act="ajax-modal" data-title="Edit project" data-action-url="https://www.rsrobotic.in/index.php/projects/modal_form"><i data-feather='edit' class='icon-16'></i></a><a href="#" title="Delete project" class="delete" data-id="49" data-action-url="https://www.rsrobotic.in/index.php/projects/delete" data-action="delete-confirmation"><i data-feather='x' class='icon-16'></i></a>
        )

    [10] => Array
        (
            [0] => <a href="https://www.rsrobotic.in/index.php/projects/view/52">52</a>
            [1] => <a href="https://www.rsrobotic.in/index.php/projects/view/52">RS2510-5316, SIGMA_Fixture Modification</a>
            [2] => <a href="https://www.rsrobotic.in/index.php/clients/view/27">Sigma Molding and Stamping</a>
            [3] => ₹300,000.00
            [4] => 2025-12-15
            [5] => 2025-12-15
            [6] => 2026-01-31
            [7] => 2026-01-31
            [8] => <div class='progress' title='0%'>
            <div  class='progress-bar bg-primary' role='progressbar' aria-valuenow='0' aria-valuemin='0' aria-valuemax='100' style='width: 0%'>
            </div>
        </div>
            [9] => 0
            [10] => Open
            [11] => 
            [12] => <a href="#" class="edit" title="Edit project" data-post-id="52" data-act="ajax-modal" data-title="Edit project" data-action-url="https://www.rsrobotic.in/index.php/projects/modal_form"><i data-feather='edit' class='icon-16'></i></a><a href="#" title="Delete project" class="delete" data-id="52" data-action-url="https://www.rsrobotic.in/index.php/projects/delete" data-action="delete-confirmation"><i data-feather='x' class='icon-16'></i></a>
        )

    [11] => Array
        (
            [0] => <a href="https://www.rsrobotic.in/index.php/projects/view/51">51</a>
            [1] => <a href="https://www.rsrobotic.in/index.php/projects/view/51">RS1-2511-1109-1-HMCMM-Shaft for Plastic Bush Pressing Machine</a>
            [2] => <a href="https://www.rsrobotic.in/index.php/clients/view/6">HMC MM AUTO LIMITED</a>
            [3] => ₹10,000.00
            [4] => 2025-12-13
            [5] => 2025-12-13
            [6] => 2025-12-31
            [7] => <span class='text-danger mr5'>2025-12-31</span> 
            [8] => <div class='progress' title='0%'>
            <div  class='progress-bar bg-primary' role='progressbar' aria-valuenow='0' aria-valuemin='0' aria-valuemax='100' style='width: 0%'>
            </div>
        </div>
            [9] => 7900
            [10] => Open
            [11] => 
            [12] => <a href="#" class="edit" title="Edit project" data-post-id="51" data-act="ajax-modal" data-title="Edit project" data-action-url="https://www.rsrobotic.in/index.php/projects/modal_form"><i data-feather='edit' class='icon-16'></i></a><a href="#" title="Delete project" class="delete" data-id="51" data-action-url="https://www.rsrobotic.in/index.php/projects/delete" data-action="delete-confirmation"><i data-feather='x' class='icon-16'></i></a>
        )

    [12] => Array
        (
            [0] => <a href="https://www.rsrobotic.in/index.php/projects/view/47">47</a>
            [1] => <a href="https://www.rsrobotic.in/index.php/projects/view/47">RS1-2512-1111_Derlin Shutre</a>
            [2] => <a href="https://www.rsrobotic.in/index.php/clients/view/25">JRG Automotive</a>
            [3] => ₹20,000.00
            [4] => 2025-12-02
            [5] => 2025-12-02
            [6] => 2025-12-06
            [7] => <span class='text-danger mr5'>2025-12-06</span> 
            [8] => <div class='progress' title='0%'>
            <div  class='progress-bar bg-primary' role='progressbar' aria-valuenow='0' aria-valuemin='0' aria-valuemax='100' style='width: 0%'>
            </div>
        </div>
            [9] => 1670.4
            [10] => Open
            [11] => 
            [12] => <a href="#" class="edit" title="Edit project" data-post-id="47" data-act="ajax-modal" data-title="Edit project" data-action-url="https://www.rsrobotic.in/index.php/projects/modal_form"><i data-feather='edit' class='icon-16'></i></a><a href="#" title="Delete project" class="delete" data-id="47" data-action-url="https://www.rsrobotic.in/index.php/projects/delete" data-action="delete-confirmation"><i data-feather='x' class='icon-16'></i></a>
        )

    [13] => Array
        (
            [0] => <a href="https://www.rsrobotic.in/index.php/projects/view/48">48</a>
            [1] => <a href="https://www.rsrobotic.in/index.php/projects/view/48">RS2-2510-5324_Seat Testing Fixture</a>
            [2] => <a href="https://www.rsrobotic.in/index.php/clients/view/3">Maruti Suzuki Limited</a>
            [3] => -
            [4] => 2025-12-02
            [5] => 2025-12-02
            [6] => 2025-12-14
            [7] => <span class='text-danger mr5'>2025-12-14</span> 
            [8] => <div class='progress' title='0%'>
            <div  class='progress-bar bg-primary' role='progressbar' aria-valuenow='0' aria-valuemin='0' aria-valuemax='100' style='width: 0%'>
            </div>
        </div>
            [9] => 0
            [10] => Open
            [11] => 
            [12] => <a href="#" class="edit" title="Edit project" data-post-id="48" data-act="ajax-modal" data-title="Edit project" data-action-url="https://www.rsrobotic.in/index.php/projects/modal_form"><i data-feather='edit' class='icon-16'></i></a><a href="#" title="Delete project" class="delete" data-id="48" data-action-url="https://www.rsrobotic.in/index.php/projects/delete" data-action="delete-confirmation"><i data-feather='x' class='icon-16'></i></a>
        )

    [14] => Array
        (
            [0] => <a href="https://www.rsrobotic.in/index.php/projects/view/46">46</a>
            [1] => <a href="https://www.rsrobotic.in/index.php/projects/view/46">RS1-2506-1052_Power Supply Connector</a>
            [2] => <a href="https://www.rsrobotic.in/index.php/clients/view/10">HAMABO INDIA PVT LTD</a>
            [3] => ₹50,000.00
            [4] => 2025-12-01
            [5] => 2025-12-01
            [6] => 2025-12-14
            [7] => <span class='text-danger mr5'>2025-12-14</span> 
            [8] => <div class='progress' title='0%'>
            <div  class='progress-bar bg-primary' role='progressbar' aria-valuenow='0' aria-valuemin='0' aria-valuemax='100' style='width: 0%'>
            </div>
        </div>
            [9] => 39054
            [10] => Open
            [11] => 
            [12] => <a href="#" class="edit" title="Edit project" data-post-id="46" data-act="ajax-modal" data-title="Edit project" data-action-url="https://www.rsrobotic.in/index.php/projects/modal_form"><i data-feather='edit' class='icon-16'></i></a><a href="#" title="Delete project" class="delete" data-id="46" data-action-url="https://www.rsrobotic.in/index.php/projects/delete" data-action="delete-confirmation"><i data-feather='x' class='icon-16'></i></a>
        )

    [15] => Array
        (
            [0] => <a href="https://www.rsrobotic.in/index.php/projects/view/53">53</a>
            [1] => <a href="https://www.rsrobotic.in/index.php/projects/view/53">RS2510-5323_Machino Plastic Punch</a>
            [2] => <a href="https://www.rsrobotic.in/index.php/clients/view/28">Machino Plastic limited</a>
            [3] => ₹100,000.00
            [4] => 2025-10-17
            [5] => 2025-10-17
            [6] => 2026-01-12
            [7] => <span class='text-danger mr5'>2026-01-12</span> 
            [8] => <div class='progress' title='0%'>
            <div  class='progress-bar bg-primary' role='progressbar' aria-valuenow='0' aria-valuemin='0' aria-valuemax='100' style='width: 0%'>
            </div>
        </div>
            [9] => 42209.2
            [10] => Open
            [11] => 
            [12] => <a href="#" class="edit" title="Edit project" data-post-id="53" data-act="ajax-modal" data-title="Edit project" data-action-url="https://www.rsrobotic.in/index.php/projects/modal_form"><i data-feather='edit' class='icon-16'></i></a><a href="#" title="Delete project" class="delete" data-id="53" data-action-url="https://www.rsrobotic.in/index.php/projects/delete" data-action="delete-confirmation"><i data-feather='x' class='icon-16'></i></a>
        )

    [16] => Array
        (
            [0] => <a href="https://www.rsrobotic.in/index.php/projects/view/43">43</a>
            [1] => <a href="https://www.rsrobotic.in/index.php/projects/view/43">RS1-2508-1081 Prospira Bond Test Machine</a>
            [2] => <a href="https://www.rsrobotic.in/index.php/clients/view/24">Prospira India Automotive products private Limited</a>
            [3] => ₹880,000.00
            [4] => 2025-10-08
            [5] => 2025-10-08
            [6] => 2025-11-20
            [7] => <span class='text-danger mr5'>2025-11-20</span> 
            [8] => <div class='progress' title='0%'>
            <div  class='progress-bar bg-primary' role='progressbar' aria-valuenow='0' aria-valuemin='0' aria-valuemax='100' style='width: 0%'>
            </div>
        </div>
            [9] => 804746.38
            [10] => Open
            [11] => 
            [12] => <a href="#" class="edit" title="Edit project" data-post-id="43" data-act="ajax-modal" data-title="Edit project" data-action-url="https://www.rsrobotic.in/index.php/projects/modal_form"><i data-feather='edit' class='icon-16'></i></a><a href="#" title="Delete project" class="delete" data-id="43" data-action-url="https://www.rsrobotic.in/index.php/projects/delete" data-action="delete-confirmation"><i data-feather='x' class='icon-16'></i></a>
        )

    [17] => Array
        (
            [0] => <a href="https://www.rsrobotic.in/index.php/projects/view/44">44</a>
            [1] => <a href="https://www.rsrobotic.in/index.php/projects/view/44">RS1-2510-1102, HMCMM HEAT CHAULKING SPM MACHINE</a>
            [2] => <a href="https://www.rsrobotic.in/index.php/clients/view/6">HMC MM AUTO LIMITED</a>
            [3] => ₹150,000.00
            [4] => 2025-10-08
            [5] => 2025-10-08
            [6] => 2025-10-28
            [7] => <span class='text-danger mr5'>2025-10-28</span> 
            [8] => <div class='progress' title='0%'>
            <div  class='progress-bar bg-primary' role='progressbar' aria-valuenow='0' aria-valuemin='0' aria-valuemax='100' style='width: 0%'>
            </div>
        </div>
            [9] => 97136.97
            [10] => Open
            [11] => 
            [12] => <a href="#" class="edit" title="Edit project" data-post-id="44" data-act="ajax-modal" data-title="Edit project" data-action-url="https://www.rsrobotic.in/index.php/projects/modal_form"><i data-feather='edit' class='icon-16'></i></a><a href="#" title="Delete project" class="delete" data-id="44" data-action-url="https://www.rsrobotic.in/index.php/projects/delete" data-action="delete-confirmation"><i data-feather='x' class='icon-16'></i></a>
        )

    [18] => Array
        (
            [0] => <a href="https://www.rsrobotic.in/index.php/projects/view/41">41</a>
            [1] => <a href="https://www.rsrobotic.in/index.php/projects/view/41">RS1-2509-1099_HAMABO_VRV 6L_Power Supply Jig</a>
            [2] => <a href="https://www.rsrobotic.in/index.php/clients/view/10">HAMABO INDIA PVT LTD</a>
            [3] => ₹200,000.00
            [4] => 2025-09-24
            [5] => 2025-09-24
            [6] => 2025-10-04
            [7] => <span class='text-danger mr5'>2025-10-04</span> 
            [8] => <div class='progress' title='0%'>
            <div  class='progress-bar bg-primary' role='progressbar' aria-valuenow='0' aria-valuemin='0' aria-valuemax='100' style='width: 0%'>
            </div>
        </div>
            [9] => 175668.2
            [10] => Open
            [11] => 
            [12] => <a href="#" class="edit" title="Edit project" data-post-id="41" data-act="ajax-modal" data-title="Edit project" data-action-url="https://www.rsrobotic.in/index.php/projects/modal_form"><i data-feather='edit' class='icon-16'></i></a><a href="#" title="Delete project" class="delete" data-id="41" data-action-url="https://www.rsrobotic.in/index.php/projects/delete" data-action="delete-confirmation"><i data-feather='x' class='icon-16'></i></a>
        )

    [19] => Array
        (
            [0] => <a href="https://www.rsrobotic.in/index.php/projects/view/45">45</a>
            [1] => <a href="https://www.rsrobotic.in/index.php/projects/view/45">RS2-2507-1018_HMMTS_leak testing coupler</a>
            [2] => <a href="https://www.rsrobotic.in/index.php/clients/view/20">Highly Marelli Motherson Thermal Solution Pvt. Ltd.</a>
            [3] => ₹20,000.00
            [4] => 2025-09-15
            [5] => 2025-09-15
            [6] => 2025-10-31
            [7] => <span class='text-danger mr5'>2025-10-31</span> 
            [8] => <div class='progress' title='0%'>
            <div  class='progress-bar bg-primary' role='progressbar' aria-valuenow='0' aria-valuemin='0' aria-valuemax='100' style='width: 0%'>
            </div>
        </div>
            [9] => 7767.6
            [10] => Open
            [11] => 
            [12] => <a href="#" class="edit" title="Edit project" data-post-id="45" data-act="ajax-modal" data-title="Edit project" data-action-url="https://www.rsrobotic.in/index.php/projects/modal_form"><i data-feather='edit' class='icon-16'></i></a><a href="#" title="Delete project" class="delete" data-id="45" data-action-url="https://www.rsrobotic.in/index.php/projects/delete" data-action="delete-confirmation"><i data-feather='x' class='icon-16'></i></a>
        )

    [20] => Array
        (
            [0] => <a href="https://www.rsrobotic.in/index.php/projects/view/40">40</a>
            [1] => <a href="https://www.rsrobotic.in/index.php/projects/view/40">RS2504-5266-5_Vision Inspection Stations SM and MM</a>
            [2] => <a href="https://www.rsrobotic.in/index.php/clients/view/19">i-daka Precision Tools India Pvt. Ltd.</a>
            [3] => ₹1,500,000.00
            [4] => 2025-09-08
            [5] => 2025-09-08
            [6] => 2025-10-04
            [7] => <span class='text-danger mr5'>2025-10-04</span> 
            [8] => <div class='progress' title='0%'>
            <div  class='progress-bar bg-primary' role='progressbar' aria-valuenow='0' aria-valuemin='0' aria-valuemax='100' style='width: 0%'>
            </div>
        </div>
            [9] => 950466
            [10] => Open
            [11] => 
            [12] => <a href="#" class="edit" title="Edit project" data-post-id="40" data-act="ajax-modal" data-title="Edit project" data-action-url="https://www.rsrobotic.in/index.php/projects/modal_form"><i data-feather='edit' class='icon-16'></i></a><a href="#" title="Delete project" class="delete" data-id="40" data-action-url="https://www.rsrobotic.in/index.php/projects/delete" data-action="delete-confirmation"><i data-feather='x' class='icon-16'></i></a>
        )

    [21] => Array
        (
            [0] => <a href="https://www.rsrobotic.in/index.php/projects/view/35">35</a>
            [1] => <a href="https://www.rsrobotic.in/index.php/projects/view/35">RS1-2507-1061-2_Diagonal Cutting Jig</a>
            [2] => <a href="https://www.rsrobotic.in/index.php/clients/view/23">Yutaka Autoparts India Pvt LTD</a>
            [3] => ₹125,000.00
            [4] => 2025-08-18
            [5] => 2025-08-18
            [6] => 2025-09-17
            [7] => <span class='text-danger mr5'>2025-09-17</span> 
            [8] => <div class='progress' title='0%'>
            <div  class='progress-bar bg-primary' role='progressbar' aria-valuenow='0' aria-valuemin='0' aria-valuemax='100' style='width: 0%'>
            </div>
        </div>
            [9] => 75796.59
            [10] => Open
            [11] => 
            [12] => <a href="#" class="edit" title="Edit project" data-post-id="35" data-act="ajax-modal" data-title="Edit project" data-action-url="https://www.rsrobotic.in/index.php/projects/modal_form"><i data-feather='edit' class='icon-16'></i></a><a href="#" title="Delete project" class="delete" data-id="35" data-action-url="https://www.rsrobotic.in/index.php/projects/delete" data-action="delete-confirmation"><i data-feather='x' class='icon-16'></i></a>
        )

    [22] => Array
        (
            [0] => <a href="https://www.rsrobotic.in/index.php/projects/view/32">32</a>
            [1] => <a href="https://www.rsrobotic.in/index.php/projects/view/32">RS1-2508-1069-5_HMC MM_Tools</a>
            [2] => <a href="https://www.rsrobotic.in/index.php/clients/view/6">HMC MM AUTO LIMITED</a>
            [3] => ₹120,000.00
            [4] => 2025-08-08
            [5] => 2025-08-08
            [6] => 2025-08-22
            [7] => <span class='text-danger mr5'>2025-08-22</span> 
            [8] => <div class='progress' title='0%'>
            <div  class='progress-bar bg-primary' role='progressbar' aria-valuenow='0' aria-valuemin='0' aria-valuemax='100' style='width: 0%'>
            </div>
        </div>
            [9] => 24735.5
            [10] => Open
            [11] => 
            [12] => <a href="#" class="edit" title="Edit project" data-post-id="32" data-act="ajax-modal" data-title="Edit project" data-action-url="https://www.rsrobotic.in/index.php/projects/modal_form"><i data-feather='edit' class='icon-16'></i></a><a href="#" title="Delete project" class="delete" data-id="32" data-action-url="https://www.rsrobotic.in/index.php/projects/delete" data-action="delete-confirmation"><i data-feather='x' class='icon-16'></i></a>
        )

    [23] => Array
        (
            [0] => <a href="https://www.rsrobotic.in/index.php/projects/view/31">31</a>
            [1] => <a href="https://www.rsrobotic.in/index.php/projects/view/31">RS2405-4977_Runout Checking M/C</a>
            [2] => <a href="https://www.rsrobotic.in/index.php/clients/view/18">Exedy India Limited</a>
            [3] => ₹200,000.00
            [4] => 2025-08-06
            [5] => 2025-08-06
            [6] => 2025-08-16
            [7] => <span class='text-danger mr5'>2025-08-16</span> 
            [8] => <div class='progress' title='0%'>
            <div  class='progress-bar bg-primary' role='progressbar' aria-valuenow='0' aria-valuemin='0' aria-valuemax='100' style='width: 0%'>
            </div>
        </div>
            [9] => 14200
            [10] => Open
            [11] => 
            [12] => <a href="#" class="edit" title="Edit project" data-post-id="31" data-act="ajax-modal" data-title="Edit project" data-action-url="https://www.rsrobotic.in/index.php/projects/modal_form"><i data-feather='edit' class='icon-16'></i></a><a href="#" title="Delete project" class="delete" data-id="31" data-action-url="https://www.rsrobotic.in/index.php/projects/delete" data-action="delete-confirmation"><i data-feather='x' class='icon-16'></i></a>
        )

    [24] => Array
        (
            [0] => <a href="https://www.rsrobotic.in/index.php/projects/view/36">36</a>
            [1] => <a href="https://www.rsrobotic.in/index.php/projects/view/36">RS2526-SHIN-007 Vision Inspection Station</a>
            [2] => <a href="https://www.rsrobotic.in/index.php/clients/view/12">Shintechu Shoji LLP</a>
            [3] => ₹780,620.00
            [4] => 2025-08-04
            [5] => 2025-08-04
            [6] => 2025-09-04
            [7] => <span class='text-danger mr5'>2025-09-04</span> 
            [8] => <div class='progress' title='0%'>
            <div  class='progress-bar bg-primary' role='progressbar' aria-valuenow='0' aria-valuemin='0' aria-valuemax='100' style='width: 0%'>
            </div>
        </div>
            [9] => 748616.78
            [10] => Open
            [11] => 
            [12] => <a href="#" class="edit" title="Edit project" data-post-id="36" data-act="ajax-modal" data-title="Edit project" data-action-url="https://www.rsrobotic.in/index.php/projects/modal_form"><i data-feather='edit' class='icon-16'></i></a><a href="#" title="Delete project" class="delete" data-id="36" data-action-url="https://www.rsrobotic.in/index.php/projects/delete" data-action="delete-confirmation"><i data-feather='x' class='icon-16'></i></a>
        )

    [25] => Array
        (
            [0] => <a href="https://www.rsrobotic.in/index.php/projects/view/33">33</a>
            [1] => <a href="https://www.rsrobotic.in/index.php/projects/view/33">RS2502-5179-4_CKM Project</a>
            [2] => <a href="https://www.rsrobotic.in/index.php/clients/view/20">Highly Marelli Motherson Thermal Solution Pvt. Ltd.</a>
            [3] => -
            [4] => 2025-08-01
            [5] => 2025-08-01
            [6] => 2025-08-14
            [7] => <span class='text-danger mr5'>2025-08-14</span> 
            [8] => <div class='progress' title='0%'>
            <div  class='progress-bar bg-primary' role='progressbar' aria-valuenow='0' aria-valuemin='0' aria-valuemax='100' style='width: 0%'>
            </div>
        </div>
            [9] => 0
            [10] => Open
            [11] => 
            [12] => <a href="#" class="edit" title="Edit project" data-post-id="33" data-act="ajax-modal" data-title="Edit project" data-action-url="https://www.rsrobotic.in/index.php/projects/modal_form"><i data-feather='edit' class='icon-16'></i></a><a href="#" title="Delete project" class="delete" data-id="33" data-action-url="https://www.rsrobotic.in/index.php/projects/delete" data-action="delete-confirmation"><i data-feather='x' class='icon-16'></i></a>
        )

    [26] => Array
        (
            [0] => <a href="https://www.rsrobotic.in/index.php/projects/view/34">34</a>
            [1] => <a href="https://www.rsrobotic.in/index.php/projects/view/34">RS2409-5059 (DAIKIN PROJECT)</a>
            [2] => <a href="https://www.rsrobotic.in/index.php/clients/view/10">HAMABO INDIA PVT LTD</a>
            [3] => -
            [4] => 2025-08-01
            [5] => 2025-08-01
            [6] => 2025-08-31
            [7] => <span class='text-danger mr5'>2025-08-31</span> 
            [8] => <div class='progress' title='0%'>
            <div  class='progress-bar bg-primary' role='progressbar' aria-valuenow='0' aria-valuemin='0' aria-valuemax='100' style='width: 0%'>
            </div>
        </div>
            [9] => 0
            [10] => Open
            [11] => 
            [12] => <a href="#" class="edit" title="Edit project" data-post-id="34" data-act="ajax-modal" data-title="Edit project" data-action-url="https://www.rsrobotic.in/index.php/projects/modal_form"><i data-feather='edit' class='icon-16'></i></a><a href="#" title="Delete project" class="delete" data-id="34" data-action-url="https://www.rsrobotic.in/index.php/projects/delete" data-action="delete-confirmation"><i data-feather='x' class='icon-16'></i></a>
        )

    [27] => Array
        (
            [0] => <a href="https://www.rsrobotic.in/index.php/projects/view/38">38</a>
            [1] => <a href="https://www.rsrobotic.in/index.php/projects/view/38">RS2526-SPARE-E</a>
            [2] => <a href="https://www.rsrobotic.in/index.php/clients/view/22">RS ROBOTICS AND AUTOMATION </a>
            [3] => ₹118,000,000.00
            [4] => 2025-08-01
            [5] => 2025-08-01
            [6] => 2026-03-31
            [7] => 2026-03-31
            [8] => <div class='progress' title='0%'>
            <div  class='progress-bar bg-primary' role='progressbar' aria-valuenow='0' aria-valuemin='0' aria-valuemax='100' style='width: 0%'>
            </div>
        </div>
            [9] => 5797879.73
            [10] => Open
            [11] => 
            [12] => <a href="#" class="edit" title="Edit project" data-post-id="38" data-act="ajax-modal" data-title="Edit project" data-action-url="https://www.rsrobotic.in/index.php/projects/modal_form"><i data-feather='edit' class='icon-16'></i></a><a href="#" title="Delete project" class="delete" data-id="38" data-action-url="https://www.rsrobotic.in/index.php/projects/delete" data-action="delete-confirmation"><i data-feather='x' class='icon-16'></i></a>
        )

    [28] => Array
        (
            [0] => <a href="https://www.rsrobotic.in/index.php/projects/view/25">25</a>
            [1] => <a href="https://www.rsrobotic.in/index.php/projects/view/25">RS2-2507-1012  Inspection Machine Modification</a><br /><span class='mt0 badge  clickable' style='background-color:#ad159e;' title=Label>Manesar Project</span> 
            [2] => <a href="https://www.rsrobotic.in/index.php/clients/view/17">QS Metrology</a>
            [3] => -
            [4] => 2025-07-28
            [5] => 2025-07-28
            [6] => 2025-08-08
            [7] => <span class='text-danger mr5'>2025-08-08</span> 
            [8] => <div class='progress' title='25%'>
            <div  class='progress-bar bg-primary' role='progressbar' aria-valuenow='25' aria-valuemin='0' aria-valuemax='100' style='width: 25%'>
            </div>
        </div>
            [9] => 0
            [10] => Open
            [11] => 
            [12] => <a href="#" class="edit" title="Edit project" data-post-id="25" data-act="ajax-modal" data-title="Edit project" data-action-url="https://www.rsrobotic.in/index.php/projects/modal_form"><i data-feather='edit' class='icon-16'></i></a><a href="#" title="Delete project" class="delete" data-id="25" data-action-url="https://www.rsrobotic.in/index.php/projects/delete" data-action="delete-confirmation"><i data-feather='x' class='icon-16'></i></a>
        )

    [29] => Array
        (
            [0] => <a href="https://www.rsrobotic.in/index.php/projects/view/11">11</a>
            [1] => <a href="https://www.rsrobotic.in/index.php/projects/view/11">RS2526-FIX-SS</a><br /><span class='mt0 badge  clickable' style='background-color:#e74c3c;' title=Label>International Project</span> <span class='mt0 badge  clickable' style='background-color:#ad159e;' title=Label>Manesar Project</span> 
            [2] => -
            [3] => ₹2,000,000.00
            [4] => 2025-07-16
            [5] => 2025-07-16
            [6] => 2026-03-31
            [7] => 2026-03-31
            [8] => <div class='progress' title='0%'>
            <div  class='progress-bar bg-primary' role='progressbar' aria-valuenow='0' aria-valuemin='0' aria-valuemax='100' style='width: 0%'>
            </div>
        </div>
            [9] => 320249
            [10] => Open
            [11] => 2000000
            [12] => <a href="#" class="edit" title="Edit project" data-post-id="11" data-act="ajax-modal" data-title="Edit project" data-action-url="https://www.rsrobotic.in/index.php/projects/modal_form"><i data-feather='edit' class='icon-16'></i></a><a href="#" title="Delete project" class="delete" data-id="11" data-action-url="https://www.rsrobotic.in/index.php/projects/delete" data-action="delete-confirmation"><i data-feather='x' class='icon-16'></i></a>
        )

    [30] => Array
        (
            [0] => <a href="https://www.rsrobotic.in/index.php/projects/view/17">17</a>
            [1] => <a href="https://www.rsrobotic.in/index.php/projects/view/17">RS2505-5277-2 Chamfer Machine Modifiaction</a>
            [2] => <a href="https://www.rsrobotic.in/index.php/clients/view/14">ASK-Frasle Friction Private Limited</a>
            [3] => ₹650,000.00
            [4] => 2025-07-05
            [5] => 2025-07-05
            [6] => 2025-08-15
            [7] => <span class='text-danger mr5'>2025-08-15</span> 
            [8] => <div class='progress' title='40%'>
            <div  class='progress-bar bg-primary' role='progressbar' aria-valuenow='40' aria-valuemin='0' aria-valuemax='100' style='width: 40%'>
            </div>
        </div>
            [9] => 86565.94
            [10] => Open
            [11] => 340000
            [12] => <a href="#" class="edit" title="Edit project" data-post-id="17" data-act="ajax-modal" data-title="Edit project" data-action-url="https://www.rsrobotic.in/index.php/projects/modal_form"><i data-feather='edit' class='icon-16'></i></a><a href="#" title="Delete project" class="delete" data-id="17" data-action-url="https://www.rsrobotic.in/index.php/projects/delete" data-action="delete-confirmation"><i data-feather='x' class='icon-16'></i></a>
        )

    [31] => Array
        (
            [0] => <a href="https://www.rsrobotic.in/index.php/projects/view/18">18</a>
            [1] => <a href="https://www.rsrobotic.in/index.php/projects/view/18">RS2504-5253-02 Elevator for Mixer</a>
            [2] => <a href="https://www.rsrobotic.in/index.php/clients/view/14">ASK-Frasle Friction Private Limited</a>
            [3] => ₹2,280,000.00
            [4] => 2025-07-05
            [5] => 2025-07-05
            [6] => 2025-08-15
            [7] => <span class='text-danger mr5'>2025-08-15</span> 
            [8] => <div class='progress' title='10%'>
            <div  class='progress-bar bg-primary' role='progressbar' aria-valuenow='10' aria-valuemin='0' aria-valuemax='100' style='width: 10%'>
            </div>
        </div>
            [9] => 1205758.99
            [10] => Open
            [11] => 
            [12] => <a href="#" class="edit" title="Edit project" data-post-id="18" data-act="ajax-modal" data-title="Edit project" data-action-url="https://www.rsrobotic.in/index.php/projects/modal_form"><i data-feather='edit' class='icon-16'></i></a><a href="#" title="Delete project" class="delete" data-id="18" data-action-url="https://www.rsrobotic.in/index.php/projects/delete" data-action="delete-confirmation"><i data-feather='x' class='icon-16'></i></a>
        )

    [32] => Array
        (
            [0] => <a href="https://www.rsrobotic.in/index.php/projects/view/24">24</a>
            [1] => <a href="https://www.rsrobotic.in/index.php/projects/view/24">RSRA Marketing 25-26</a>
            [2] => -
            [3] => -
            [4] => 2025-07-01
            [5] => 2025-07-01
            [6] => 2025-08-31
            [7] => <span class='text-danger mr5'>2025-08-31</span> 
            [8] => <div class='progress' title='92%'>
            <div  class='progress-bar bg-primary' role='progressbar' aria-valuenow='92' aria-valuemin='0' aria-valuemax='100' style='width: 92%'>
            </div>
        </div>
            [9] => 0
            [10] => Open
            [11] => 
            [12] => <a href="#" class="edit" title="Edit project" data-post-id="24" data-act="ajax-modal" data-title="Edit project" data-action-url="https://www.rsrobotic.in/index.php/projects/modal_form"><i data-feather='edit' class='icon-16'></i></a><a href="#" title="Delete project" class="delete" data-id="24" data-action-url="https://www.rsrobotic.in/index.php/projects/delete" data-action="delete-confirmation"><i data-feather='x' class='icon-16'></i></a>
        )

    [33] => Array
        (
            [0] => <a href="https://www.rsrobotic.in/index.php/projects/view/13">13</a>
            [1] => <a href="https://www.rsrobotic.in/index.php/projects/view/13">RS2-2506-1009 YED ROBOTIC CELL</a>
            [2] => <a href="https://www.rsrobotic.in/index.php/clients/view/7">Agro Engineering Works, Manesar</a>
            [3] => ₹3,377,000.00
            [4] => 2025-05-26
            [5] => 2025-05-26
            [6] => 2025-07-31
            [7] => <span class='text-danger mr5'>2025-07-31</span> 
            [8] => <div class='progress' title='0%'>
            <div  class='progress-bar bg-primary' role='progressbar' aria-valuenow='0' aria-valuemin='0' aria-valuemax='100' style='width: 0%'>
            </div>
        </div>
            [9] => 233878.02
            [10] => Open
            [11] => 
            [12] => <a href="#" class="edit" title="Edit project" data-post-id="13" data-act="ajax-modal" data-title="Edit project" data-action-url="https://www.rsrobotic.in/index.php/projects/modal_form"><i data-feather='edit' class='icon-16'></i></a><a href="#" title="Delete project" class="delete" data-id="13" data-action-url="https://www.rsrobotic.in/index.php/projects/delete" data-action="delete-confirmation"><i data-feather='x' class='icon-16'></i></a>
        )

    [34] => Array
        (
            [0] => <a href="https://www.rsrobotic.in/index.php/projects/view/21">21</a>
            [1] => <a href="https://www.rsrobotic.in/index.php/projects/view/21">RS2504-5262 YHB ROBOTIC CELL</a>
            [2] => <a href="https://www.rsrobotic.in/index.php/clients/view/7">Agro Engineering Works, Manesar</a>
            [3] => ₹1,375,000.00
            [4] => 2025-05-10
            [5] => 2025-05-10
            [6] => 
            [7] => -
            [8] => <div class='progress' title='100%'>
            <div  class='progress-bar progress-bar-success' role='progressbar' aria-valuenow='100' aria-valuemin='0' aria-valuemax='100' style='width: 100%'>
            </div>
        </div>
            [9] => 5400
            [10] => Open
            [11] => 
            [12] => <a href="#" class="edit" title="Edit project" data-post-id="21" data-act="ajax-modal" data-title="Edit project" data-action-url="https://www.rsrobotic.in/index.php/projects/modal_form"><i data-feather='edit' class='icon-16'></i></a><a href="#" title="Delete project" class="delete" data-id="21" data-action-url="https://www.rsrobotic.in/index.php/projects/delete" data-action="delete-confirmation"><i data-feather='x' class='icon-16'></i></a>
        )

    [35] => Array
        (
            [0] => <a href="https://www.rsrobotic.in/index.php/projects/view/12">12</a>
            [1] => <a href="https://www.rsrobotic.in/index.php/projects/view/12">RS2526-SHIN</a>
            [2] => <a href="https://www.rsrobotic.in/index.php/clients/view/12">Shintechu Shoji LLP</a>
            [3] => ₹4,000,000.00
            [4] => 2025-04-01
            [5] => 2025-04-01
            [6] => 2026-03-31
            [7] => 2026-03-31
            [8] => <div class='progress' title='0%'>
            <div  class='progress-bar bg-primary' role='progressbar' aria-valuenow='0' aria-valuemin='0' aria-valuemax='100' style='width: 0%'>
            </div>
        </div>
            [9] => 3873419.23
            [10] => Open
            [11] => 
            [12] => <a href="#" class="edit" title="Edit project" data-post-id="12" data-act="ajax-modal" data-title="Edit project" data-action-url="https://www.rsrobotic.in/index.php/projects/modal_form"><i data-feather='edit' class='icon-16'></i></a><a href="#" title="Delete project" class="delete" data-id="12" data-action-url="https://www.rsrobotic.in/index.php/projects/delete" data-action="delete-confirmation"><i data-feather='x' class='icon-16'></i></a>
        )

    [36] => Array
        (
            [0] => <a href="https://www.rsrobotic.in/index.php/projects/view/22">22</a>
            [1] => <a href="https://www.rsrobotic.in/index.php/projects/view/22">RS2502-5174-1 Punch Forming, Finger Forming and Pipe Cutting  Machin</a>
            [2] => <a href="https://www.rsrobotic.in/index.php/clients/view/11">Futaba Industrial Gujarat Ltd.</a>
            [3] => ₹6,862,750.00
            [4] => 2025-03-13
            [5] => 2025-03-13
            [6] => 2025-08-30
            [7] => <span class='text-danger mr5'>2025-08-30</span> 
            [8] => <div class='progress' title='0%'>
            <div  class='progress-bar bg-primary' role='progressbar' aria-valuenow='0' aria-valuemin='0' aria-valuemax='100' style='width: 0%'>
            </div>
        </div>
            [9] => 4212808.42
            [10] => Open
            [11] => 
            [12] => <a href="#" class="edit" title="Edit project" data-post-id="22" data-act="ajax-modal" data-title="Edit project" data-action-url="https://www.rsrobotic.in/index.php/projects/modal_form"><i data-feather='edit' class='icon-16'></i></a><a href="#" title="Delete project" class="delete" data-id="22" data-action-url="https://www.rsrobotic.in/index.php/projects/delete" data-action="delete-confirmation"><i data-feather='x' class='icon-16'></i></a>
        )

    [37] => Array
        (
            [0] => <a href="https://www.rsrobotic.in/index.php/projects/view/16">16</a>
            [1] => <a href="https://www.rsrobotic.in/index.php/projects/view/16">RS2412-5139-1 Cata Stuffing Jig</a>
            [2] => <a href="https://www.rsrobotic.in/index.php/clients/view/13">FMI Automotive Components Private Limited</a>
            [3] => ₹112,000.00
            [4] => 2024-12-28
            [5] => 2024-12-28
            [6] => 2025-08-15
            [7] => <span class='text-danger mr5'>2025-08-15</span> 
            [8] => <div class='progress' title='100%'>
            <div  class='progress-bar progress-bar-success' role='progressbar' aria-valuenow='100' aria-valuemin='0' aria-valuemax='100' style='width: 100%'>
            </div>
        </div>
            [9] => 0
            [10] => Open
            [11] => 
            [12] => <a href="#" class="edit" title="Edit project" data-post-id="16" data-act="ajax-modal" data-title="Edit project" data-action-url="https://www.rsrobotic.in/index.php/projects/modal_form"><i data-feather='edit' class='icon-16'></i></a><a href="#" title="Delete project" class="delete" data-id="16" data-action-url="https://www.rsrobotic.in/index.php/projects/delete" data-action="delete-confirmation"><i data-feather='x' class='icon-16'></i></a>
        )

    [38] => Array
        (
            [0] => <a href="https://www.rsrobotic.in/index.php/projects/view/19">19</a>
            [1] => <a href="https://www.rsrobotic.in/index.php/projects/view/19">RS2504-5252 Buck Storage rack</a>
            [2] => <a href="https://www.rsrobotic.in/index.php/clients/view/14">ASK-Frasle Friction Private Limited</a>
            [3] => ₹1,076,368.00
            [4] => 
            [5] => -
            [6] => 
            [7] => -
            [8] => <div class='progress' title='0%'>
            <div  class='progress-bar bg-primary' role='progressbar' aria-valuenow='0' aria-valuemin='0' aria-valuemax='100' style='width: 0%'>
            </div>
        </div>
            [9] => 1023220.45
            [10] => Open
            [11] => 
            [12] => <a href="#" class="edit" title="Edit project" data-post-id="19" data-act="ajax-modal" data-title="Edit project" data-action-url="https://www.rsrobotic.in/index.php/projects/modal_form"><i data-feather='edit' class='icon-16'></i></a><a href="#" title="Delete project" class="delete" data-id="19" data-action-url="https://www.rsrobotic.in/index.php/projects/delete" data-action="delete-confirmation"><i data-feather='x' class='icon-16'></i></a>
        )

    [39] => Array
        (
            [0] => <a href="https://www.rsrobotic.in/index.php/projects/view/26">26</a>
            [1] => <a href="https://www.rsrobotic.in/index.php/projects/view/26">RS2507-5304 HMCMM-EOL ETB ECU TLC-04</a>
            [2] => <a href="https://www.rsrobotic.in/index.php/clients/view/6">HMC MM AUTO LIMITED</a>
            [3] => ₹1,040,000.00
            [4] => 
            [5] => -
            [6] => 
            [7] => -
            [8] => <div class='progress' title='81%'>
            <div  class='progress-bar bg-primary' role='progressbar' aria-valuenow='81' aria-valuemin='0' aria-valuemax='100' style='width: 81%'>
            </div>
        </div>
            [9] => 627334.11
            [10] => Open
            [11] => 700000
            [12] => <a href="#" class="edit" title="Edit project" data-post-id="26" data-act="ajax-modal" data-title="Edit project" data-action-url="https://www.rsrobotic.in/index.php/projects/modal_form"><i data-feather='edit' class='icon-16'></i></a><a href="#" title="Delete project" class="delete" data-id="26" data-action-url="https://www.rsrobotic.in/index.php/projects/delete" data-action="delete-confirmation"><i data-feather='x' class='icon-16'></i></a>
        )

    [40] => Array
        (
            [0] => <a href="https://www.rsrobotic.in/index.php/projects/view/39">39</a>
            [1] => <a href="https://www.rsrobotic.in/index.php/projects/view/39">RS2409-5054-1_FMI_Robotic Cell</a>
            [2] => <a href="https://www.rsrobotic.in/index.php/clients/view/13">FMI Automotive Components Private Limited</a>
            [3] => ₹200,000.00
            [4] => 
            [5] => -
            [6] => 
            [7] => -
            [8] => <div class='progress' title='0%'>
            <div  class='progress-bar bg-primary' role='progressbar' aria-valuenow='0' aria-valuemin='0' aria-valuemax='100' style='width: 0%'>
            </div>
        </div>
            [9] => 88491.36
            [10] => Open
            [11] => 
            [12] => <a href="#" class="edit" title="Edit project" data-post-id="39" data-act="ajax-modal" data-title="Edit project" data-action-url="https://www.rsrobotic.in/index.php/projects/modal_form"><i data-feather='edit' class='icon-16'></i></a><a href="#" title="Delete project" class="delete" data-id="39" data-action-url="https://www.rsrobotic.in/index.php/projects/delete" data-action="delete-confirmation"><i data-feather='x' class='icon-16'></i></a>
        )

    [41] => Array
        (
            [0] => <a href="https://www.rsrobotic.in/index.php/projects/view/42">42</a>
            [1] => <a href="https://www.rsrobotic.in/index.php/projects/view/42">RS2509-5317_HMC MM FLS Assy. Station</a><br /><span class='mt0 badge  clickable' style='background-color:#ad159e;' title=Label>Manesar Project</span> 
            [2] => <a href="https://www.rsrobotic.in/index.php/clients/view/6">HMC MM AUTO LIMITED</a>
            [3] => ₹20,000.00
            [4] => 
            [5] => -
            [6] => 
            [7] => -
            [8] => <div class='progress' title='0%'>
            <div  class='progress-bar bg-primary' role='progressbar' aria-valuenow='0' aria-valuemin='0' aria-valuemax='100' style='width: 0%'>
            </div>
        </div>
            [9] => 13990
            [10] => Open
            [11] => 
            [12] => <a href="#" class="edit" title="Edit project" data-post-id="42" data-act="ajax-modal" data-title="Edit project" data-action-url="https://www.rsrobotic.in/index.php/projects/modal_form"><i data-feather='edit' class='icon-16'></i></a><a href="#" title="Delete project" class="delete" data-id="42" data-action-url="https://www.rsrobotic.in/index.php/projects/delete" data-action="delete-confirmation"><i data-feather='x' class='icon-16'></i></a>
        )

    [42] => Array
        (
            [0] => <a href="https://www.rsrobotic.in/index.php/projects/view/54">54</a>
            [1] => <a href="https://www.rsrobotic.in/index.php/projects/view/54">RS25-26-JW</a>
            [2] => -
            [3] => ₹200,000.00
            [4] => 
            [5] => -
            [6] => 
            [7] => -
            [8] => <div class='progress' title='0%'>
            <div  class='progress-bar bg-primary' role='progressbar' aria-valuenow='0' aria-valuemin='0' aria-valuemax='100' style='width: 0%'>
            </div>
        </div>
            [9] => 1320
            [10] => Open
            [11] => 
            [12] => <a href="#" class="edit" title="Edit project" data-post-id="54" data-act="ajax-modal" data-title="Edit project" data-action-url="https://www.rsrobotic.in/index.php/projects/modal_form"><i data-feather='edit' class='icon-16'></i></a><a href="#" title="Delete project" class="delete" data-id="54" data-action-url="https://www.rsrobotic.in/index.php/projects/delete" data-action="delete-confirmation"><i data-feather='x' class='icon-16'></i></a>
        )

)

CRITICAL - 2026-01-30 05:50:03 --> Array
(
    [0] => Array
        (
            [0] => <a href="https://www.rsrobotic.in/index.php/projects/view/55">55</a>
            [1] => <a href="https://www.rsrobotic.in/index.php/projects/view/55">RS2511-5339-4-Yutaka-Autoinspection and Demagnetiser</a>
            [2] => <a href="https://www.rsrobotic.in/index.php/clients/view/23">Yutaka Autoparts India Pvt LTD</a>
            [3] => ₹15,000,000.00
            [4] => 2026-01-20
            [5] => 2026-01-20
            [6] => 2026-03-20
            [7] => 2026-03-20
            [8] => <div class='progress' title='0%'>
            <div  class='progress-bar bg-primary' role='progressbar' aria-valuenow='0' aria-valuemin='0' aria-valuemax='100' style='width: 0%'>
            </div>
        </div>
            [9] => 0
            [10] => Open
            [11] => 
            [12] => <a href="#" class="edit" title="Edit project" data-post-id="55" data-act="ajax-modal" data-title="Edit project" data-action-url="https://www.rsrobotic.in/index.php/projects/modal_form"><i data-feather='edit' class='icon-16'></i></a><a href="#" title="Delete project" class="delete" data-id="55" data-action-url="https://www.rsrobotic.in/index.php/projects/delete" data-action="delete-confirmation"><i data-feather='x' class='icon-16'></i></a>
        )

    [1] => Array
        (
            [0] => <a href="https://www.rsrobotic.in/index.php/projects/view/59">59</a>
            [1] => <a href="https://www.rsrobotic.in/index.php/projects/view/59">RS2-2511-1032_HMM TS_TXV O-Ring Coupler</a>
            [2] => <a href="https://www.rsrobotic.in/index.php/clients/view/20">Highly Marelli Motherson Thermal Solution Pvt. Ltd.</a>
            [3] => -
            [4] => 2026-01-17
            [5] => 2026-01-17
            [6] => 2026-03-20
            [7] => 2026-03-20
            [8] => <div class='progress' title='0%'>
            <div  class='progress-bar bg-primary' role='progressbar' aria-valuenow='0' aria-valuemin='0' aria-valuemax='100' style='width: 0%'>
            </div>
        </div>
            [9] => 0
            [10] => Open
            [11] => 
            [12] => <a href="#" class="edit" title="Edit project" data-post-id="59" data-act="ajax-modal" data-title="Edit project" data-action-url="https://www.rsrobotic.in/index.php/projects/modal_form"><i data-feather='edit' class='icon-16'></i></a><a href="#" title="Delete project" class="delete" data-id="59" data-action-url="https://www.rsrobotic.in/index.php/projects/delete" data-action="delete-confirmation"><i data-feather='x' class='icon-16'></i></a>
        )

    [2] => Array
        (
            [0] => <a href="https://www.rsrobotic.in/index.php/projects/view/57">57</a>
            [1] => <a href="https://www.rsrobotic.in/index.php/projects/view/57">: RS3-2512-3008</a><br /><span class='mt0 badge  clickable' style='background-color:#ad159e;' title=Label>Manesar Project</span> 
            [2] => <a href="https://www.rsrobotic.in/index.php/clients/view/6">HMC MM AUTO LIMITED</a>
            [3] => ₹15,000.00
            [4] => 2026-01-15
            [5] => 2026-01-15
            [6] => 2026-02-15
            [7] => 2026-02-15
            [8] => <div class='progress' title='0%'>
            <div  class='progress-bar bg-primary' role='progressbar' aria-valuenow='0' aria-valuemin='0' aria-valuemax='100' style='width: 0%'>
            </div>
        </div>
            [9] => 0
            [10] => Open
            [11] => 10000
            [12] => <a href="#" class="edit" title="Edit project" data-post-id="57" data-act="ajax-modal" data-title="Edit project" data-action-url="https://www.rsrobotic.in/index.php/projects/modal_form"><i data-feather='edit' class='icon-16'></i></a><a href="#" title="Delete project" class="delete" data-id="57" data-action-url="https://www.rsrobotic.in/index.php/projects/delete" data-action="delete-confirmation"><i data-feather='x' class='icon-16'></i></a>
        )

    [3] => Array
        (
            [0] => <a href="https://www.rsrobotic.in/index.php/projects/view/58">58</a>
            [1] => <a href="https://www.rsrobotic.in/index.php/projects/view/58">RS3-2512-3008-HMCMM-TFR INSERTION</a>
            [2] => <a href="https://www.rsrobotic.in/index.php/clients/view/6">HMC MM AUTO LIMITED</a>
            [3] => ₹22,000.00
            [4] => 2026-01-10
            [5] => 2026-01-10
            [6] => 2026-01-31
            [7] => 2026-01-31
            [8] => <div class='progress' title='0%'>
            <div  class='progress-bar bg-primary' role='progressbar' aria-valuenow='0' aria-valuemin='0' aria-valuemax='100' style='width: 0%'>
            </div>
        </div>
            [9] => 921.6
            [10] => Open
            [11] => 
            [12] => <a href="#" class="edit" title="Edit project" data-post-id="58" data-act="ajax-modal" data-title="Edit project" data-action-url="https://www.rsrobotic.in/index.php/projects/modal_form"><i data-feather='edit' class='icon-16'></i></a><a href="#" title="Delete project" class="delete" data-id="58" data-action-url="https://www.rsrobotic.in/index.php/projects/delete" data-action="delete-confirmation"><i data-feather='x' class='icon-16'></i></a>
        )

    [4] => Array
        (
            [0] => <a href="https://www.rsrobotic.in/index.php/projects/view/60">60</a>
            [1] => <a href="https://www.rsrobotic.in/index.php/projects/view/60">RS2-2511-1039_HMM TS_Door Assy Checking Poka-Yoka Fixture</a>
            [2] => <a href="https://www.rsrobotic.in/index.php/clients/view/20">Highly Marelli Motherson Thermal Solution Pvt. Ltd.</a>
            [3] => -
            [4] => 2026-01-10
            [5] => 2026-01-10
            [6] => 2026-02-28
            [7] => 2026-02-28
            [8] => <div class='progress' title='0%'>
            <div  class='progress-bar bg-primary' role='progressbar' aria-valuenow='0' aria-valuemin='0' aria-valuemax='100' style='width: 0%'>
            </div>
        </div>
            [9] => 0
            [10] => Open
            [11] => 
            [12] => <a href="#" class="edit" title="Edit project" data-post-id="60" data-act="ajax-modal" data-title="Edit project" data-action-url="https://www.rsrobotic.in/index.php/projects/modal_form"><i data-feather='edit' class='icon-16'></i></a><a href="#" title="Delete project" class="delete" data-id="60" data-action-url="https://www.rsrobotic.in/index.php/projects/delete" data-action="delete-confirmation"><i data-feather='x' class='icon-16'></i></a>
        )

    [5] => Array
        (
            [0] => <a href="https://www.rsrobotic.in/index.php/projects/view/61">61</a>
            [1] => <a href="https://www.rsrobotic.in/index.php/projects/view/61">RS2-2511-1033_HMM TS_Helium Leak Testing Quick Coupler</a>
            [2] => <a href="https://www.rsrobotic.in/index.php/clients/view/20">Highly Marelli Motherson Thermal Solution Pvt. Ltd.</a>
            [3] => -
            [4] => 2026-01-08
            [5] => 2026-01-08
            [6] => 2026-02-27
            [7] => 2026-02-27
            [8] => <div class='progress' title='0%'>
            <div  class='progress-bar bg-primary' role='progressbar' aria-valuenow='0' aria-valuemin='0' aria-valuemax='100' style='width: 0%'>
            </div>
        </div>
            [9] => 0
            [10] => Open
            [11] => 
            [12] => <a href="#" class="edit" title="Edit project" data-post-id="61" data-act="ajax-modal" data-title="Edit project" data-action-url="https://www.rsrobotic.in/index.php/projects/modal_form"><i data-feather='edit' class='icon-16'></i></a><a href="#" title="Delete project" class="delete" data-id="61" data-action-url="https://www.rsrobotic.in/index.php/projects/delete" data-action="delete-confirmation"><i data-feather='x' class='icon-16'></i></a>
        )

    [6] => Array
        (
            [0] => <a href="https://www.rsrobotic.in/index.php/projects/view/62">62</a>
            [1] => <a href="https://www.rsrobotic.in/index.php/projects/view/62">RS2-2511-1034_HMM TS_Main Line Fixture</a>
            [2] => <a href="https://www.rsrobotic.in/index.php/clients/view/20">Highly Marelli Motherson Thermal Solution Pvt. Ltd.</a>
            [3] => -
            [4] => 2026-01-08
            [5] => 2026-01-08
            [6] => 2026-02-27
            [7] => 2026-02-27
            [8] => <div class='progress' title='0%'>
            <div  class='progress-bar bg-primary' role='progressbar' aria-valuenow='0' aria-valuemin='0' aria-valuemax='100' style='width: 0%'>
            </div>
        </div>
            [9] => 0
            [10] => Open
            [11] => 
            [12] => <a href="#" class="edit" title="Edit project" data-post-id="62" data-act="ajax-modal" data-title="Edit project" data-action-url="https://www.rsrobotic.in/index.php/projects/modal_form"><i data-feather='edit' class='icon-16'></i></a><a href="#" title="Delete project" class="delete" data-id="62" data-action-url="https://www.rsrobotic.in/index.php/projects/delete" data-action="delete-confirmation"><i data-feather='x' class='icon-16'></i></a>
        )

    [7] => Array
        (
            [0] => <a href="https://www.rsrobotic.in/index.php/projects/view/56">56</a>
            [1] => <a href="https://www.rsrobotic.in/index.php/projects/view/56">RS2512-5343 seat (Back + cushion) Testing fixture</a><br /><span class='mt0 badge  clickable' style='background-color:#ad159e;' title=Label>Manesar Project</span> 
            [2] => <a href="https://www.rsrobotic.in/index.php/clients/view/29">Krishna Maruti Limited</a>
            [3] => ₹700,000.00
            [4] => 2026-01-01
            [5] => 2026-01-01
            [6] => 2026-02-20
            [7] => 2026-02-20
            [8] => <div class='progress' title='0%'>
            <div  class='progress-bar bg-primary' role='progressbar' aria-valuenow='0' aria-valuemin='0' aria-valuemax='100' style='width: 0%'>
            </div>
        </div>
            [9] => 0
            [10] => Open
            [11] => 270000
            [12] => <a href="#" class="edit" title="Edit project" data-post-id="56" data-act="ajax-modal" data-title="Edit project" data-action-url="https://www.rsrobotic.in/index.php/projects/modal_form"><i data-feather='edit' class='icon-16'></i></a><a href="#" title="Delete project" class="delete" data-id="56" data-action-url="https://www.rsrobotic.in/index.php/projects/delete" data-action="delete-confirmation"><i data-feather='x' class='icon-16'></i></a>
        )

    [8] => Array
        (
            [0] => <a href="https://www.rsrobotic.in/index.php/projects/view/50">50</a>
            [1] => <a href="https://www.rsrobotic.in/index.php/projects/view/50">RS2-2511-1032-2_CKM_Helium Leak testing coupler</a>
            [2] => <a href="https://www.rsrobotic.in/index.php/clients/view/20">Highly Marelli Motherson Thermal Solution Pvt. Ltd.</a>
            [3] => ₹38,000.00
            [4] => 2025-12-25
            [5] => 2025-12-25
            [6] => 2026-01-31
            [7] => 2026-01-31
            [8] => <div class='progress' title='0%'>
            <div  class='progress-bar bg-primary' role='progressbar' aria-valuenow='0' aria-valuemin='0' aria-valuemax='100' style='width: 0%'>
            </div>
        </div>
            [9] => 29200
            [10] => Open
            [11] => 
            [12] => <a href="#" class="edit" title="Edit project" data-post-id="50" data-act="ajax-modal" data-title="Edit project" data-action-url="https://www.rsrobotic.in/index.php/projects/modal_form"><i data-feather='edit' class='icon-16'></i></a><a href="#" title="Delete project" class="delete" data-id="50" data-action-url="https://www.rsrobotic.in/index.php/projects/delete" data-action="delete-confirmation"><i data-feather='x' class='icon-16'></i></a>
        )

    [9] => Array
        (
            [0] => <a href="https://www.rsrobotic.in/index.php/projects/view/49">49</a>
            [1] => <a href="https://www.rsrobotic.in/index.php/projects/view/49">RS2511-5339-4 Demagnetiser and Auto inspection</a><br /><span class='mt0 badge  clickable' style='background-color:#e74c3c;' title=Label>International Project</span> 
            [2] => <a href="https://www.rsrobotic.in/index.php/clients/view/23">Yutaka Autoparts India Pvt LTD</a>
            [3] => ₹12,000,000.00
            [4] => 2025-12-20
            [5] => 2025-12-20
            [6] => 2026-03-19
            [7] => 2026-03-19
            [8] => <div class='progress' title='0%'>
            <div  class='progress-bar bg-primary' role='progressbar' aria-valuenow='0' aria-valuemin='0' aria-valuemax='100' style='width: 0%'>
            </div>
        </div>
            [9] => 0
            [10] => Open
            [11] => 
            [12] => <a href="#" class="edit" title="Edit project" data-post-id="49" data-act="ajax-modal" data-title="Edit project" data-action-url="https://www.rsrobotic.in/index.php/projects/modal_form"><i data-feather='edit' class='icon-16'></i></a><a href="#" title="Delete project" class="delete" data-id="49" data-action-url="https://www.rsrobotic.in/index.php/projects/delete" data-action="delete-confirmation"><i data-feather='x' class='icon-16'></i></a>
        )

    [10] => Array
        (
            [0] => <a href="https://www.rsrobotic.in/index.php/projects/view/52">52</a>
            [1] => <a href="https://www.rsrobotic.in/index.php/projects/view/52">RS2510-5316, SIGMA_Fixture Modification</a>
            [2] => <a href="https://www.rsrobotic.in/index.php/clients/view/27">Sigma Molding and Stamping</a>
            [3] => ₹300,000.00
            [4] => 2025-12-15
            [5] => 2025-12-15
            [6] => 2026-01-31
            [7] => 2026-01-31
            [8] => <div class='progress' title='0%'>
            <div  class='progress-bar bg-primary' role='progressbar' aria-valuenow='0' aria-valuemin='0' aria-valuemax='100' style='width: 0%'>
            </div>
        </div>
            [9] => 0
            [10] => Open
            [11] => 
            [12] => <a href="#" class="edit" title="Edit project" data-post-id="52" data-act="ajax-modal" data-title="Edit project" data-action-url="https://www.rsrobotic.in/index.php/projects/modal_form"><i data-feather='edit' class='icon-16'></i></a><a href="#" title="Delete project" class="delete" data-id="52" data-action-url="https://www.rsrobotic.in/index.php/projects/delete" data-action="delete-confirmation"><i data-feather='x' class='icon-16'></i></a>
        )

    [11] => Array
        (
            [0] => <a href="https://www.rsrobotic.in/index.php/projects/view/51">51</a>
            [1] => <a href="https://www.rsrobotic.in/index.php/projects/view/51">RS1-2511-1109-1-HMCMM-Shaft for Plastic Bush Pressing Machine</a>
            [2] => <a href="https://www.rsrobotic.in/index.php/clients/view/6">HMC MM AUTO LIMITED</a>
            [3] => ₹10,000.00
            [4] => 2025-12-13
            [5] => 2025-12-13
            [6] => 2025-12-31
            [7] => <span class='text-danger mr5'>2025-12-31</span> 
            [8] => <div class='progress' title='0%'>
            <div  class='progress-bar bg-primary' role='progressbar' aria-valuenow='0' aria-valuemin='0' aria-valuemax='100' style='width: 0%'>
            </div>
        </div>
            [9] => 7900
            [10] => Open
            [11] => 
            [12] => <a href="#" class="edit" title="Edit project" data-post-id="51" data-act="ajax-modal" data-title="Edit project" data-action-url="https://www.rsrobotic.in/index.php/projects/modal_form"><i data-feather='edit' class='icon-16'></i></a><a href="#" title="Delete project" class="delete" data-id="51" data-action-url="https://www.rsrobotic.in/index.php/projects/delete" data-action="delete-confirmation"><i data-feather='x' class='icon-16'></i></a>
        )

    [12] => Array
        (
            [0] => <a href="https://www.rsrobotic.in/index.php/projects/view/47">47</a>
            [1] => <a href="https://www.rsrobotic.in/index.php/projects/view/47">RS1-2512-1111_Derlin Shutre</a>
            [2] => <a href="https://www.rsrobotic.in/index.php/clients/view/25">JRG Automotive</a>
            [3] => ₹20,000.00
            [4] => 2025-12-02
            [5] => 2025-12-02
            [6] => 2025-12-06
            [7] => <span class='text-danger mr5'>2025-12-06</span> 
            [8] => <div class='progress' title='0%'>
            <div  class='progress-bar bg-primary' role='progressbar' aria-valuenow='0' aria-valuemin='0' aria-valuemax='100' style='width: 0%'>
            </div>
        </div>
            [9] => 1670.4
            [10] => Open
            [11] => 
            [12] => <a href="#" class="edit" title="Edit project" data-post-id="47" data-act="ajax-modal" data-title="Edit project" data-action-url="https://www.rsrobotic.in/index.php/projects/modal_form"><i data-feather='edit' class='icon-16'></i></a><a href="#" title="Delete project" class="delete" data-id="47" data-action-url="https://www.rsrobotic.in/index.php/projects/delete" data-action="delete-confirmation"><i data-feather='x' class='icon-16'></i></a>
        )

    [13] => Array
        (
            [0] => <a href="https://www.rsrobotic.in/index.php/projects/view/48">48</a>
            [1] => <a href="https://www.rsrobotic.in/index.php/projects/view/48">RS2-2510-5324_Seat Testing Fixture</a>
            [2] => <a href="https://www.rsrobotic.in/index.php/clients/view/3">Maruti Suzuki Limited</a>
            [3] => -
            [4] => 2025-12-02
            [5] => 2025-12-02
            [6] => 2025-12-14
            [7] => <span class='text-danger mr5'>2025-12-14</span> 
            [8] => <div class='progress' title='0%'>
            <div  class='progress-bar bg-primary' role='progressbar' aria-valuenow='0' aria-valuemin='0' aria-valuemax='100' style='width: 0%'>
            </div>
        </div>
            [9] => 0
            [10] => Open
            [11] => 
            [12] => <a href="#" class="edit" title="Edit project" data-post-id="48" data-act="ajax-modal" data-title="Edit project" data-action-url="https://www.rsrobotic.in/index.php/projects/modal_form"><i data-feather='edit' class='icon-16'></i></a><a href="#" title="Delete project" class="delete" data-id="48" data-action-url="https://www.rsrobotic.in/index.php/projects/delete" data-action="delete-confirmation"><i data-feather='x' class='icon-16'></i></a>
        )

    [14] => Array
        (
            [0] => <a href="https://www.rsrobotic.in/index.php/projects/view/46">46</a>
            [1] => <a href="https://www.rsrobotic.in/index.php/projects/view/46">RS1-2506-1052_Power Supply Connector</a>
            [2] => <a href="https://www.rsrobotic.in/index.php/clients/view/10">HAMABO INDIA PVT LTD</a>
            [3] => ₹50,000.00
            [4] => 2025-12-01
            [5] => 2025-12-01
            [6] => 2025-12-14
            [7] => <span class='text-danger mr5'>2025-12-14</span> 
            [8] => <div class='progress' title='0%'>
            <div  class='progress-bar bg-primary' role='progressbar' aria-valuenow='0' aria-valuemin='0' aria-valuemax='100' style='width: 0%'>
            </div>
        </div>
            [9] => 39054
            [10] => Open
            [11] => 
            [12] => <a href="#" class="edit" title="Edit project" data-post-id="46" data-act="ajax-modal" data-title="Edit project" data-action-url="https://www.rsrobotic.in/index.php/projects/modal_form"><i data-feather='edit' class='icon-16'></i></a><a href="#" title="Delete project" class="delete" data-id="46" data-action-url="https://www.rsrobotic.in/index.php/projects/delete" data-action="delete-confirmation"><i data-feather='x' class='icon-16'></i></a>
        )

    [15] => Array
        (
            [0] => <a href="https://www.rsrobotic.in/index.php/projects/view/53">53</a>
            [1] => <a href="https://www.rsrobotic.in/index.php/projects/view/53">RS2510-5323_Machino Plastic Punch</a>
            [2] => <a href="https://www.rsrobotic.in/index.php/clients/view/28">Machino Plastic limited</a>
            [3] => ₹100,000.00
            [4] => 2025-10-17
            [5] => 2025-10-17
            [6] => 2026-01-12
            [7] => <span class='text-danger mr5'>2026-01-12</span> 
            [8] => <div class='progress' title='0%'>
            <div  class='progress-bar bg-primary' role='progressbar' aria-valuenow='0' aria-valuemin='0' aria-valuemax='100' style='width: 0%'>
            </div>
        </div>
            [9] => 42209.2
            [10] => Open
            [11] => 
            [12] => <a href="#" class="edit" title="Edit project" data-post-id="53" data-act="ajax-modal" data-title="Edit project" data-action-url="https://www.rsrobotic.in/index.php/projects/modal_form"><i data-feather='edit' class='icon-16'></i></a><a href="#" title="Delete project" class="delete" data-id="53" data-action-url="https://www.rsrobotic.in/index.php/projects/delete" data-action="delete-confirmation"><i data-feather='x' class='icon-16'></i></a>
        )

    [16] => Array
        (
            [0] => <a href="https://www.rsrobotic.in/index.php/projects/view/43">43</a>
            [1] => <a href="https://www.rsrobotic.in/index.php/projects/view/43">RS1-2508-1081 Prospira Bond Test Machine</a>
            [2] => <a href="https://www.rsrobotic.in/index.php/clients/view/24">Prospira India Automotive products private Limited</a>
            [3] => ₹880,000.00
            [4] => 2025-10-08
            [5] => 2025-10-08
            [6] => 2025-11-20
            [7] => <span class='text-danger mr5'>2025-11-20</span> 
            [8] => <div class='progress' title='0%'>
            <div  class='progress-bar bg-primary' role='progressbar' aria-valuenow='0' aria-valuemin='0' aria-valuemax='100' style='width: 0%'>
            </div>
        </div>
            [9] => 804746.38
            [10] => Open
            [11] => 
            [12] => <a href="#" class="edit" title="Edit project" data-post-id="43" data-act="ajax-modal" data-title="Edit project" data-action-url="https://www.rsrobotic.in/index.php/projects/modal_form"><i data-feather='edit' class='icon-16'></i></a><a href="#" title="Delete project" class="delete" data-id="43" data-action-url="https://www.rsrobotic.in/index.php/projects/delete" data-action="delete-confirmation"><i data-feather='x' class='icon-16'></i></a>
        )

    [17] => Array
        (
            [0] => <a href="https://www.rsrobotic.in/index.php/projects/view/44">44</a>
            [1] => <a href="https://www.rsrobotic.in/index.php/projects/view/44">RS1-2510-1102, HMCMM HEAT CHAULKING SPM MACHINE</a>
            [2] => <a href="https://www.rsrobotic.in/index.php/clients/view/6">HMC MM AUTO LIMITED</a>
            [3] => ₹150,000.00
            [4] => 2025-10-08
            [5] => 2025-10-08
            [6] => 2025-10-28
            [7] => <span class='text-danger mr5'>2025-10-28</span> 
            [8] => <div class='progress' title='0%'>
            <div  class='progress-bar bg-primary' role='progressbar' aria-valuenow='0' aria-valuemin='0' aria-valuemax='100' style='width: 0%'>
            </div>
        </div>
            [9] => 97136.97
            [10] => Open
            [11] => 
            [12] => <a href="#" class="edit" title="Edit project" data-post-id="44" data-act="ajax-modal" data-title="Edit project" data-action-url="https://www.rsrobotic.in/index.php/projects/modal_form"><i data-feather='edit' class='icon-16'></i></a><a href="#" title="Delete project" class="delete" data-id="44" data-action-url="https://www.rsrobotic.in/index.php/projects/delete" data-action="delete-confirmation"><i data-feather='x' class='icon-16'></i></a>
        )

    [18] => Array
        (
            [0] => <a href="https://www.rsrobotic.in/index.php/projects/view/41">41</a>
            [1] => <a href="https://www.rsrobotic.in/index.php/projects/view/41">RS1-2509-1099_HAMABO_VRV 6L_Power Supply Jig</a>
            [2] => <a href="https://www.rsrobotic.in/index.php/clients/view/10">HAMABO INDIA PVT LTD</a>
            [3] => ₹200,000.00
            [4] => 2025-09-24
            [5] => 2025-09-24
            [6] => 2025-10-04
            [7] => <span class='text-danger mr5'>2025-10-04</span> 
            [8] => <div class='progress' title='0%'>
            <div  class='progress-bar bg-primary' role='progressbar' aria-valuenow='0' aria-valuemin='0' aria-valuemax='100' style='width: 0%'>
            </div>
        </div>
            [9] => 175668.2
            [10] => Open
            [11] => 
            [12] => <a href="#" class="edit" title="Edit project" data-post-id="41" data-act="ajax-modal" data-title="Edit project" data-action-url="https://www.rsrobotic.in/index.php/projects/modal_form"><i data-feather='edit' class='icon-16'></i></a><a href="#" title="Delete project" class="delete" data-id="41" data-action-url="https://www.rsrobotic.in/index.php/projects/delete" data-action="delete-confirmation"><i data-feather='x' class='icon-16'></i></a>
        )

    [19] => Array
        (
            [0] => <a href="https://www.rsrobotic.in/index.php/projects/view/45">45</a>
            [1] => <a href="https://www.rsrobotic.in/index.php/projects/view/45">RS2-2507-1018_HMMTS_leak testing coupler</a>
            [2] => <a href="https://www.rsrobotic.in/index.php/clients/view/20">Highly Marelli Motherson Thermal Solution Pvt. Ltd.</a>
            [3] => ₹20,000.00
            [4] => 2025-09-15
            [5] => 2025-09-15
            [6] => 2025-10-31
            [7] => <span class='text-danger mr5'>2025-10-31</span> 
            [8] => <div class='progress' title='0%'>
            <div  class='progress-bar bg-primary' role='progressbar' aria-valuenow='0' aria-valuemin='0' aria-valuemax='100' style='width: 0%'>
            </div>
        </div>
            [9] => 7767.6
            [10] => Open
            [11] => 
            [12] => <a href="#" class="edit" title="Edit project" data-post-id="45" data-act="ajax-modal" data-title="Edit project" data-action-url="https://www.rsrobotic.in/index.php/projects/modal_form"><i data-feather='edit' class='icon-16'></i></a><a href="#" title="Delete project" class="delete" data-id="45" data-action-url="https://www.rsrobotic.in/index.php/projects/delete" data-action="delete-confirmation"><i data-feather='x' class='icon-16'></i></a>
        )

    [20] => Array
        (
            [0] => <a href="https://www.rsrobotic.in/index.php/projects/view/40">40</a>
            [1] => <a href="https://www.rsrobotic.in/index.php/projects/view/40">RS2504-5266-5_Vision Inspection Stations SM and MM</a>
            [2] => <a href="https://www.rsrobotic.in/index.php/clients/view/19">i-daka Precision Tools India Pvt. Ltd.</a>
            [3] => ₹1,500,000.00
            [4] => 2025-09-08
            [5] => 2025-09-08
            [6] => 2025-10-04
            [7] => <span class='text-danger mr5'>2025-10-04</span> 
            [8] => <div class='progress' title='0%'>
            <div  class='progress-bar bg-primary' role='progressbar' aria-valuenow='0' aria-valuemin='0' aria-valuemax='100' style='width: 0%'>
            </div>
        </div>
            [9] => 950466
            [10] => Open
            [11] => 
            [12] => <a href="#" class="edit" title="Edit project" data-post-id="40" data-act="ajax-modal" data-title="Edit project" data-action-url="https://www.rsrobotic.in/index.php/projects/modal_form"><i data-feather='edit' class='icon-16'></i></a><a href="#" title="Delete project" class="delete" data-id="40" data-action-url="https://www.rsrobotic.in/index.php/projects/delete" data-action="delete-confirmation"><i data-feather='x' class='icon-16'></i></a>
        )

    [21] => Array
        (
            [0] => <a href="https://www.rsrobotic.in/index.php/projects/view/35">35</a>
            [1] => <a href="https://www.rsrobotic.in/index.php/projects/view/35">RS1-2507-1061-2_Diagonal Cutting Jig</a>
            [2] => <a href="https://www.rsrobotic.in/index.php/clients/view/23">Yutaka Autoparts India Pvt LTD</a>
            [3] => ₹125,000.00
            [4] => 2025-08-18
            [5] => 2025-08-18
            [6] => 2025-09-17
            [7] => <span class='text-danger mr5'>2025-09-17</span> 
            [8] => <div class='progress' title='0%'>
            <div  class='progress-bar bg-primary' role='progressbar' aria-valuenow='0' aria-valuemin='0' aria-valuemax='100' style='width: 0%'>
            </div>
        </div>
            [9] => 75796.59
            [10] => Open
            [11] => 
            [12] => <a href="#" class="edit" title="Edit project" data-post-id="35" data-act="ajax-modal" data-title="Edit project" data-action-url="https://www.rsrobotic.in/index.php/projects/modal_form"><i data-feather='edit' class='icon-16'></i></a><a href="#" title="Delete project" class="delete" data-id="35" data-action-url="https://www.rsrobotic.in/index.php/projects/delete" data-action="delete-confirmation"><i data-feather='x' class='icon-16'></i></a>
        )

    [22] => Array
        (
            [0] => <a href="https://www.rsrobotic.in/index.php/projects/view/32">32</a>
            [1] => <a href="https://www.rsrobotic.in/index.php/projects/view/32">RS1-2508-1069-5_HMC MM_Tools</a>
            [2] => <a href="https://www.rsrobotic.in/index.php/clients/view/6">HMC MM AUTO LIMITED</a>
            [3] => ₹120,000.00
            [4] => 2025-08-08
            [5] => 2025-08-08
            [6] => 2025-08-22
            [7] => <span class='text-danger mr5'>2025-08-22</span> 
            [8] => <div class='progress' title='0%'>
            <div  class='progress-bar bg-primary' role='progressbar' aria-valuenow='0' aria-valuemin='0' aria-valuemax='100' style='width: 0%'>
            </div>
        </div>
            [9] => 24735.5
            [10] => Open
            [11] => 
            [12] => <a href="#" class="edit" title="Edit project" data-post-id="32" data-act="ajax-modal" data-title="Edit project" data-action-url="https://www.rsrobotic.in/index.php/projects/modal_form"><i data-feather='edit' class='icon-16'></i></a><a href="#" title="Delete project" class="delete" data-id="32" data-action-url="https://www.rsrobotic.in/index.php/projects/delete" data-action="delete-confirmation"><i data-feather='x' class='icon-16'></i></a>
        )

    [23] => Array
        (
            [0] => <a href="https://www.rsrobotic.in/index.php/projects/view/31">31</a>
            [1] => <a href="https://www.rsrobotic.in/index.php/projects/view/31">RS2405-4977_Runout Checking M/C</a>
            [2] => <a href="https://www.rsrobotic.in/index.php/clients/view/18">Exedy India Limited</a>
            [3] => ₹200,000.00
            [4] => 2025-08-06
            [5] => 2025-08-06
            [6] => 2025-08-16
            [7] => <span class='text-danger mr5'>2025-08-16</span> 
            [8] => <div class='progress' title='0%'>
            <div  class='progress-bar bg-primary' role='progressbar' aria-valuenow='0' aria-valuemin='0' aria-valuemax='100' style='width: 0%'>
            </div>
        </div>
            [9] => 14200
            [10] => Open
            [11] => 
            [12] => <a href="#" class="edit" title="Edit project" data-post-id="31" data-act="ajax-modal" data-title="Edit project" data-action-url="https://www.rsrobotic.in/index.php/projects/modal_form"><i data-feather='edit' class='icon-16'></i></a><a href="#" title="Delete project" class="delete" data-id="31" data-action-url="https://www.rsrobotic.in/index.php/projects/delete" data-action="delete-confirmation"><i data-feather='x' class='icon-16'></i></a>
        )

    [24] => Array
        (
            [0] => <a href="https://www.rsrobotic.in/index.php/projects/view/36">36</a>
            [1] => <a href="https://www.rsrobotic.in/index.php/projects/view/36">RS2526-SHIN-007 Vision Inspection Station</a>
            [2] => <a href="https://www.rsrobotic.in/index.php/clients/view/12">Shintechu Shoji LLP</a>
            [3] => ₹780,620.00
            [4] => 2025-08-04
            [5] => 2025-08-04
            [6] => 2025-09-04
            [7] => <span class='text-danger mr5'>2025-09-04</span> 
            [8] => <div class='progress' title='0%'>
            <div  class='progress-bar bg-primary' role='progressbar' aria-valuenow='0' aria-valuemin='0' aria-valuemax='100' style='width: 0%'>
            </div>
        </div>
            [9] => 748616.78
            [10] => Open
            [11] => 
            [12] => <a href="#" class="edit" title="Edit project" data-post-id="36" data-act="ajax-modal" data-title="Edit project" data-action-url="https://www.rsrobotic.in/index.php/projects/modal_form"><i data-feather='edit' class='icon-16'></i></a><a href="#" title="Delete project" class="delete" data-id="36" data-action-url="https://www.rsrobotic.in/index.php/projects/delete" data-action="delete-confirmation"><i data-feather='x' class='icon-16'></i></a>
        )

    [25] => Array
        (
            [0] => <a href="https://www.rsrobotic.in/index.php/projects/view/33">33</a>
            [1] => <a href="https://www.rsrobotic.in/index.php/projects/view/33">RS2502-5179-4_CKM Project</a>
            [2] => <a href="https://www.rsrobotic.in/index.php/clients/view/20">Highly Marelli Motherson Thermal Solution Pvt. Ltd.</a>
            [3] => -
            [4] => 2025-08-01
            [5] => 2025-08-01
            [6] => 2025-08-14
            [7] => <span class='text-danger mr5'>2025-08-14</span> 
            [8] => <div class='progress' title='0%'>
            <div  class='progress-bar bg-primary' role='progressbar' aria-valuenow='0' aria-valuemin='0' aria-valuemax='100' style='width: 0%'>
            </div>
        </div>
            [9] => 0
            [10] => Open
            [11] => 
            [12] => <a href="#" class="edit" title="Edit project" data-post-id="33" data-act="ajax-modal" data-title="Edit project" data-action-url="https://www.rsrobotic.in/index.php/projects/modal_form"><i data-feather='edit' class='icon-16'></i></a><a href="#" title="Delete project" class="delete" data-id="33" data-action-url="https://www.rsrobotic.in/index.php/projects/delete" data-action="delete-confirmation"><i data-feather='x' class='icon-16'></i></a>
        )

    [26] => Array
        (
            [0] => <a href="https://www.rsrobotic.in/index.php/projects/view/34">34</a>
            [1] => <a href="https://www.rsrobotic.in/index.php/projects/view/34">RS2409-5059 (DAIKIN PROJECT)</a>
            [2] => <a href="https://www.rsrobotic.in/index.php/clients/view/10">HAMABO INDIA PVT LTD</a>
            [3] => -
            [4] => 2025-08-01
            [5] => 2025-08-01
            [6] => 2025-08-31
            [7] => <span class='text-danger mr5'>2025-08-31</span> 
            [8] => <div class='progress' title='0%'>
            <div  class='progress-bar bg-primary' role='progressbar' aria-valuenow='0' aria-valuemin='0' aria-valuemax='100' style='width: 0%'>
            </div>
        </div>
            [9] => 0
            [10] => Open
            [11] => 
            [12] => <a href="#" class="edit" title="Edit project" data-post-id="34" data-act="ajax-modal" data-title="Edit project" data-action-url="https://www.rsrobotic.in/index.php/projects/modal_form"><i data-feather='edit' class='icon-16'></i></a><a href="#" title="Delete project" class="delete" data-id="34" data-action-url="https://www.rsrobotic.in/index.php/projects/delete" data-action="delete-confirmation"><i data-feather='x' class='icon-16'></i></a>
        )

    [27] => Array
        (
            [0] => <a href="https://www.rsrobotic.in/index.php/projects/view/38">38</a>
            [1] => <a href="https://www.rsrobotic.in/index.php/projects/view/38">RS2526-SPARE-E</a>
            [2] => <a href="https://www.rsrobotic.in/index.php/clients/view/22">RS ROBOTICS AND AUTOMATION </a>
            [3] => ₹118,000,000.00
            [4] => 2025-08-01
            [5] => 2025-08-01
            [6] => 2026-03-31
            [7] => 2026-03-31
            [8] => <div class='progress' title='0%'>
            <div  class='progress-bar bg-primary' role='progressbar' aria-valuenow='0' aria-valuemin='0' aria-valuemax='100' style='width: 0%'>
            </div>
        </div>
            [9] => 5797879.73
            [10] => Open
            [11] => 
            [12] => <a href="#" class="edit" title="Edit project" data-post-id="38" data-act="ajax-modal" data-title="Edit project" data-action-url="https://www.rsrobotic.in/index.php/projects/modal_form"><i data-feather='edit' class='icon-16'></i></a><a href="#" title="Delete project" class="delete" data-id="38" data-action-url="https://www.rsrobotic.in/index.php/projects/delete" data-action="delete-confirmation"><i data-feather='x' class='icon-16'></i></a>
        )

    [28] => Array
        (
            [0] => <a href="https://www.rsrobotic.in/index.php/projects/view/25">25</a>
            [1] => <a href="https://www.rsrobotic.in/index.php/projects/view/25">RS2-2507-1012  Inspection Machine Modification</a><br /><span class='mt0 badge  clickable' style='background-color:#ad159e;' title=Label>Manesar Project</span> 
            [2] => <a href="https://www.rsrobotic.in/index.php/clients/view/17">QS Metrology</a>
            [3] => -
            [4] => 2025-07-28
            [5] => 2025-07-28
            [6] => 2025-08-08
            [7] => <span class='text-danger mr5'>2025-08-08</span> 
            [8] => <div class='progress' title='25%'>
            <div  class='progress-bar bg-primary' role='progressbar' aria-valuenow='25' aria-valuemin='0' aria-valuemax='100' style='width: 25%'>
            </div>
        </div>
            [9] => 0
            [10] => Open
            [11] => 
            [12] => <a href="#" class="edit" title="Edit project" data-post-id="25" data-act="ajax-modal" data-title="Edit project" data-action-url="https://www.rsrobotic.in/index.php/projects/modal_form"><i data-feather='edit' class='icon-16'></i></a><a href="#" title="Delete project" class="delete" data-id="25" data-action-url="https://www.rsrobotic.in/index.php/projects/delete" data-action="delete-confirmation"><i data-feather='x' class='icon-16'></i></a>
        )

    [29] => Array
        (
            [0] => <a href="https://www.rsrobotic.in/index.php/projects/view/11">11</a>
            [1] => <a href="https://www.rsrobotic.in/index.php/projects/view/11">RS2526-FIX-SS</a><br /><span class='mt0 badge  clickable' style='background-color:#e74c3c;' title=Label>International Project</span> <span class='mt0 badge  clickable' style='background-color:#ad159e;' title=Label>Manesar Project</span> 
            [2] => -
            [3] => ₹2,000,000.00
            [4] => 2025-07-16
            [5] => 2025-07-16
            [6] => 2026-03-31
            [7] => 2026-03-31
            [8] => <div class='progress' title='0%'>
            <div  class='progress-bar bg-primary' role='progressbar' aria-valuenow='0' aria-valuemin='0' aria-valuemax='100' style='width: 0%'>
            </div>
        </div>
            [9] => 320249
            [10] => Open
            [11] => 2000000
            [12] => <a href="#" class="edit" title="Edit project" data-post-id="11" data-act="ajax-modal" data-title="Edit project" data-action-url="https://www.rsrobotic.in/index.php/projects/modal_form"><i data-feather='edit' class='icon-16'></i></a><a href="#" title="Delete project" class="delete" data-id="11" data-action-url="https://www.rsrobotic.in/index.php/projects/delete" data-action="delete-confirmation"><i data-feather='x' class='icon-16'></i></a>
        )

    [30] => Array
        (
            [0] => <a href="https://www.rsrobotic.in/index.php/projects/view/17">17</a>
            [1] => <a href="https://www.rsrobotic.in/index.php/projects/view/17">RS2505-5277-2 Chamfer Machine Modifiaction</a>
            [2] => <a href="https://www.rsrobotic.in/index.php/clients/view/14">ASK-Frasle Friction Private Limited</a>
            [3] => ₹650,000.00
            [4] => 2025-07-05
            [5] => 2025-07-05
            [6] => 2025-08-15
            [7] => <span class='text-danger mr5'>2025-08-15</span> 
            [8] => <div class='progress' title='40%'>
            <div  class='progress-bar bg-primary' role='progressbar' aria-valuenow='40' aria-valuemin='0' aria-valuemax='100' style='width: 40%'>
            </div>
        </div>
            [9] => 86565.94
            [10] => Open
            [11] => 340000
            [12] => <a href="#" class="edit" title="Edit project" data-post-id="17" data-act="ajax-modal" data-title="Edit project" data-action-url="https://www.rsrobotic.in/index.php/projects/modal_form"><i data-feather='edit' class='icon-16'></i></a><a href="#" title="Delete project" class="delete" data-id="17" data-action-url="https://www.rsrobotic.in/index.php/projects/delete" data-action="delete-confirmation"><i data-feather='x' class='icon-16'></i></a>
        )

    [31] => Array
        (
            [0] => <a href="https://www.rsrobotic.in/index.php/projects/view/18">18</a>
            [1] => <a href="https://www.rsrobotic.in/index.php/projects/view/18">RS2504-5253-02 Elevator for Mixer</a>
            [2] => <a href="https://www.rsrobotic.in/index.php/clients/view/14">ASK-Frasle Friction Private Limited</a>
            [3] => ₹2,280,000.00
            [4] => 2025-07-05
            [5] => 2025-07-05
            [6] => 2025-08-15
            [7] => <span class='text-danger mr5'>2025-08-15</span> 
            [8] => <div class='progress' title='10%'>
            <div  class='progress-bar bg-primary' role='progressbar' aria-valuenow='10' aria-valuemin='0' aria-valuemax='100' style='width: 10%'>
            </div>
        </div>
            [9] => 1205758.99
            [10] => Open
            [11] => 
            [12] => <a href="#" class="edit" title="Edit project" data-post-id="18" data-act="ajax-modal" data-title="Edit project" data-action-url="https://www.rsrobotic.in/index.php/projects/modal_form"><i data-feather='edit' class='icon-16'></i></a><a href="#" title="Delete project" class="delete" data-id="18" data-action-url="https://www.rsrobotic.in/index.php/projects/delete" data-action="delete-confirmation"><i data-feather='x' class='icon-16'></i></a>
        )

    [32] => Array
        (
            [0] => <a href="https://www.rsrobotic.in/index.php/projects/view/24">24</a>
            [1] => <a href="https://www.rsrobotic.in/index.php/projects/view/24">RSRA Marketing 25-26</a>
            [2] => -
            [3] => -
            [4] => 2025-07-01
            [5] => 2025-07-01
            [6] => 2025-08-31
            [7] => <span class='text-danger mr5'>2025-08-31</span> 
            [8] => <div class='progress' title='92%'>
            <div  class='progress-bar bg-primary' role='progressbar' aria-valuenow='92' aria-valuemin='0' aria-valuemax='100' style='width: 92%'>
            </div>
        </div>
            [9] => 0
            [10] => Open
            [11] => 
            [12] => <a href="#" class="edit" title="Edit project" data-post-id="24" data-act="ajax-modal" data-title="Edit project" data-action-url="https://www.rsrobotic.in/index.php/projects/modal_form"><i data-feather='edit' class='icon-16'></i></a><a href="#" title="Delete project" class="delete" data-id="24" data-action-url="https://www.rsrobotic.in/index.php/projects/delete" data-action="delete-confirmation"><i data-feather='x' class='icon-16'></i></a>
        )

    [33] => Array
        (
            [0] => <a href="https://www.rsrobotic.in/index.php/projects/view/13">13</a>
            [1] => <a href="https://www.rsrobotic.in/index.php/projects/view/13">RS2-2506-1009 YED ROBOTIC CELL</a>
            [2] => <a href="https://www.rsrobotic.in/index.php/clients/view/7">Agro Engineering Works, Manesar</a>
            [3] => ₹3,377,000.00
            [4] => 2025-05-26
            [5] => 2025-05-26
            [6] => 2025-07-31
            [7] => <span class='text-danger mr5'>2025-07-31</span> 
            [8] => <div class='progress' title='0%'>
            <div  class='progress-bar bg-primary' role='progressbar' aria-valuenow='0' aria-valuemin='0' aria-valuemax='100' style='width: 0%'>
            </div>
        </div>
            [9] => 233878.02
            [10] => Open
            [11] => 
            [12] => <a href="#" class="edit" title="Edit project" data-post-id="13" data-act="ajax-modal" data-title="Edit project" data-action-url="https://www.rsrobotic.in/index.php/projects/modal_form"><i data-feather='edit' class='icon-16'></i></a><a href="#" title="Delete project" class="delete" data-id="13" data-action-url="https://www.rsrobotic.in/index.php/projects/delete" data-action="delete-confirmation"><i data-feather='x' class='icon-16'></i></a>
        )

    [34] => Array
        (
            [0] => <a href="https://www.rsrobotic.in/index.php/projects/view/21">21</a>
            [1] => <a href="https://www.rsrobotic.in/index.php/projects/view/21">RS2504-5262 YHB ROBOTIC CELL</a>
            [2] => <a href="https://www.rsrobotic.in/index.php/clients/view/7">Agro Engineering Works, Manesar</a>
            [3] => ₹1,375,000.00
            [4] => 2025-05-10
            [5] => 2025-05-10
            [6] => 
            [7] => -
            [8] => <div class='progress' title='100%'>
            <div  class='progress-bar progress-bar-success' role='progressbar' aria-valuenow='100' aria-valuemin='0' aria-valuemax='100' style='width: 100%'>
            </div>
        </div>
            [9] => 5400
            [10] => Open
            [11] => 
            [12] => <a href="#" class="edit" title="Edit project" data-post-id="21" data-act="ajax-modal" data-title="Edit project" data-action-url="https://www.rsrobotic.in/index.php/projects/modal_form"><i data-feather='edit' class='icon-16'></i></a><a href="#" title="Delete project" class="delete" data-id="21" data-action-url="https://www.rsrobotic.in/index.php/projects/delete" data-action="delete-confirmation"><i data-feather='x' class='icon-16'></i></a>
        )

    [35] => Array
        (
            [0] => <a href="https://www.rsrobotic.in/index.php/projects/view/12">12</a>
            [1] => <a href="https://www.rsrobotic.in/index.php/projects/view/12">RS2526-SHIN</a>
            [2] => <a href="https://www.rsrobotic.in/index.php/clients/view/12">Shintechu Shoji LLP</a>
            [3] => ₹4,000,000.00
            [4] => 2025-04-01
            [5] => 2025-04-01
            [6] => 2026-03-31
            [7] => 2026-03-31
            [8] => <div class='progress' title='0%'>
            <div  class='progress-bar bg-primary' role='progressbar' aria-valuenow='0' aria-valuemin='0' aria-valuemax='100' style='width: 0%'>
            </div>
        </div>
            [9] => 3873419.23
            [10] => Open
            [11] => 
            [12] => <a href="#" class="edit" title="Edit project" data-post-id="12" data-act="ajax-modal" data-title="Edit project" data-action-url="https://www.rsrobotic.in/index.php/projects/modal_form"><i data-feather='edit' class='icon-16'></i></a><a href="#" title="Delete project" class="delete" data-id="12" data-action-url="https://www.rsrobotic.in/index.php/projects/delete" data-action="delete-confirmation"><i data-feather='x' class='icon-16'></i></a>
        )

    [36] => Array
        (
            [0] => <a href="https://www.rsrobotic.in/index.php/projects/view/22">22</a>
            [1] => <a href="https://www.rsrobotic.in/index.php/projects/view/22">RS2502-5174-1 Punch Forming, Finger Forming and Pipe Cutting  Machin</a>
            [2] => <a href="https://www.rsrobotic.in/index.php/clients/view/11">Futaba Industrial Gujarat Ltd.</a>
            [3] => ₹6,862,750.00
            [4] => 2025-03-13
            [5] => 2025-03-13
            [6] => 2025-08-30
            [7] => <span class='text-danger mr5'>2025-08-30</span> 
            [8] => <div class='progress' title='0%'>
            <div  class='progress-bar bg-primary' role='progressbar' aria-valuenow='0' aria-valuemin='0' aria-valuemax='100' style='width: 0%'>
            </div>
        </div>
            [9] => 4212808.42
            [10] => Open
            [11] => 
            [12] => <a href="#" class="edit" title="Edit project" data-post-id="22" data-act="ajax-modal" data-title="Edit project" data-action-url="https://www.rsrobotic.in/index.php/projects/modal_form"><i data-feather='edit' class='icon-16'></i></a><a href="#" title="Delete project" class="delete" data-id="22" data-action-url="https://www.rsrobotic.in/index.php/projects/delete" data-action="delete-confirmation"><i data-feather='x' class='icon-16'></i></a>
        )

    [37] => Array
        (
            [0] => <a href="https://www.rsrobotic.in/index.php/projects/view/16">16</a>
            [1] => <a href="https://www.rsrobotic.in/index.php/projects/view/16">RS2412-5139-1 Cata Stuffing Jig</a>
            [2] => <a href="https://www.rsrobotic.in/index.php/clients/view/13">FMI Automotive Components Private Limited</a>
            [3] => ₹112,000.00
            [4] => 2024-12-28
            [5] => 2024-12-28
            [6] => 2025-08-15
            [7] => <span class='text-danger mr5'>2025-08-15</span> 
            [8] => <div class='progress' title='100%'>
            <div  class='progress-bar progress-bar-success' role='progressbar' aria-valuenow='100' aria-valuemin='0' aria-valuemax='100' style='width: 100%'>
            </div>
        </div>
            [9] => 0
            [10] => Open
            [11] => 
            [12] => <a href="#" class="edit" title="Edit project" data-post-id="16" data-act="ajax-modal" data-title="Edit project" data-action-url="https://www.rsrobotic.in/index.php/projects/modal_form"><i data-feather='edit' class='icon-16'></i></a><a href="#" title="Delete project" class="delete" data-id="16" data-action-url="https://www.rsrobotic.in/index.php/projects/delete" data-action="delete-confirmation"><i data-feather='x' class='icon-16'></i></a>
        )

    [38] => Array
        (
            [0] => <a href="https://www.rsrobotic.in/index.php/projects/view/19">19</a>
            [1] => <a href="https://www.rsrobotic.in/index.php/projects/view/19">RS2504-5252 Buck Storage rack</a>
            [2] => <a href="https://www.rsrobotic.in/index.php/clients/view/14">ASK-Frasle Friction Private Limited</a>
            [3] => ₹1,076,368.00
            [4] => 
            [5] => -
            [6] => 
            [7] => -
            [8] => <div class='progress' title='0%'>
            <div  class='progress-bar bg-primary' role='progressbar' aria-valuenow='0' aria-valuemin='0' aria-valuemax='100' style='width: 0%'>
            </div>
        </div>
            [9] => 1023220.45
            [10] => Open
            [11] => 
            [12] => <a href="#" class="edit" title="Edit project" data-post-id="19" data-act="ajax-modal" data-title="Edit project" data-action-url="https://www.rsrobotic.in/index.php/projects/modal_form"><i data-feather='edit' class='icon-16'></i></a><a href="#" title="Delete project" class="delete" data-id="19" data-action-url="https://www.rsrobotic.in/index.php/projects/delete" data-action="delete-confirmation"><i data-feather='x' class='icon-16'></i></a>
        )

    [39] => Array
        (
            [0] => <a href="https://www.rsrobotic.in/index.php/projects/view/26">26</a>
            [1] => <a href="https://www.rsrobotic.in/index.php/projects/view/26">RS2507-5304 HMCMM-EOL ETB ECU TLC-04</a>
            [2] => <a href="https://www.rsrobotic.in/index.php/clients/view/6">HMC MM AUTO LIMITED</a>
            [3] => ₹1,040,000.00
            [4] => 
            [5] => -
            [6] => 
            [7] => -
            [8] => <div class='progress' title='81%'>
            <div  class='progress-bar bg-primary' role='progressbar' aria-valuenow='81' aria-valuemin='0' aria-valuemax='100' style='width: 81%'>
            </div>
        </div>
            [9] => 627334.11
            [10] => Open
            [11] => 700000
            [12] => <a href="#" class="edit" title="Edit project" data-post-id="26" data-act="ajax-modal" data-title="Edit project" data-action-url="https://www.rsrobotic.in/index.php/projects/modal_form"><i data-feather='edit' class='icon-16'></i></a><a href="#" title="Delete project" class="delete" data-id="26" data-action-url="https://www.rsrobotic.in/index.php/projects/delete" data-action="delete-confirmation"><i data-feather='x' class='icon-16'></i></a>
        )

    [40] => Array
        (
            [0] => <a href="https://www.rsrobotic.in/index.php/projects/view/39">39</a>
            [1] => <a href="https://www.rsrobotic.in/index.php/projects/view/39">RS2409-5054-1_FMI_Robotic Cell</a>
            [2] => <a href="https://www.rsrobotic.in/index.php/clients/view/13">FMI Automotive Components Private Limited</a>
            [3] => ₹200,000.00
            [4] => 
            [5] => -
            [6] => 
            [7] => -
            [8] => <div class='progress' title='0%'>
            <div  class='progress-bar bg-primary' role='progressbar' aria-valuenow='0' aria-valuemin='0' aria-valuemax='100' style='width: 0%'>
            </div>
        </div>
            [9] => 88491.36
            [10] => Open
            [11] => 
            [12] => <a href="#" class="edit" title="Edit project" data-post-id="39" data-act="ajax-modal" data-title="Edit project" data-action-url="https://www.rsrobotic.in/index.php/projects/modal_form"><i data-feather='edit' class='icon-16'></i></a><a href="#" title="Delete project" class="delete" data-id="39" data-action-url="https://www.rsrobotic.in/index.php/projects/delete" data-action="delete-confirmation"><i data-feather='x' class='icon-16'></i></a>
        )

    [41] => Array
        (
            [0] => <a href="https://www.rsrobotic.in/index.php/projects/view/42">42</a>
            [1] => <a href="https://www.rsrobotic.in/index.php/projects/view/42">RS2509-5317_HMC MM FLS Assy. Station</a><br /><span class='mt0 badge  clickable' style='background-color:#ad159e;' title=Label>Manesar Project</span> 
            [2] => <a href="https://www.rsrobotic.in/index.php/clients/view/6">HMC MM AUTO LIMITED</a>
            [3] => ₹20,000.00
            [4] => 
            [5] => -
            [6] => 
            [7] => -
            [8] => <div class='progress' title='0%'>
            <div  class='progress-bar bg-primary' role='progressbar' aria-valuenow='0' aria-valuemin='0' aria-valuemax='100' style='width: 0%'>
            </div>
        </div>
            [9] => 13990
            [10] => Open
            [11] => 
            [12] => <a href="#" class="edit" title="Edit project" data-post-id="42" data-act="ajax-modal" data-title="Edit project" data-action-url="https://www.rsrobotic.in/index.php/projects/modal_form"><i data-feather='edit' class='icon-16'></i></a><a href="#" title="Delete project" class="delete" data-id="42" data-action-url="https://www.rsrobotic.in/index.php/projects/delete" data-action="delete-confirmation"><i data-feather='x' class='icon-16'></i></a>
        )

    [42] => Array
        (
            [0] => <a href="https://www.rsrobotic.in/index.php/projects/view/54">54</a>
            [1] => <a href="https://www.rsrobotic.in/index.php/projects/view/54">RS25-26-JW</a>
            [2] => -
            [3] => ₹200,000.00
            [4] => 
            [5] => -
            [6] => 
            [7] => -
            [8] => <div class='progress' title='0%'>
            <div  class='progress-bar bg-primary' role='progressbar' aria-valuenow='0' aria-valuemin='0' aria-valuemax='100' style='width: 0%'>
            </div>
        </div>
            [9] => 1320
            [10] => Open
            [11] => 
            [12] => <a href="#" class="edit" title="Edit project" data-post-id="54" data-act="ajax-modal" data-title="Edit project" data-action-url="https://www.rsrobotic.in/index.php/projects/modal_form"><i data-feather='edit' class='icon-16'></i></a><a href="#" title="Delete project" class="delete" data-id="54" data-action-url="https://www.rsrobotic.in/index.php/projects/delete" data-action="delete-confirmation"><i data-feather='x' class='icon-16'></i></a>
        )

)

ERROR - 2026-01-30 05:52:28 --> 
              SELECT SQL_CALC_FOUND_ROWS pur_order_number, vendor, order_date, project, department, total, approve_status, delivery_date, delivery_status, number, expense_convert ,rise_pur_orders.id as id,company,pur_order_number,expense_convert,rise_projects.title as project_name,rise_team.title as department_name,currency
              FROM rise_pur_orders
              LEFT JOIN rise_pur_vendor ON rise_pur_vendor.userid = rise_pur_orders.vendor LEFT JOIN rise_team ON rise_team.id = rise_pur_orders.department LEFT JOIN rise_projects ON rise_projects.id = rise_pur_orders.project
              
              
              
              ORDER BY order_date DESC
              LIMIT 0, 25
              
CRITICAL - 2026-01-30 05:52:28 --> Array
(
    [0] => Array
        (
            [pur_order_number] => WTB-00620-Jan-2026-#045
            [vendor] => 45
            [order_date] => 2026-01-29
            [project] => 22
            [department] => 0
            [total] => 1386.82
            [approve_status] => 1
            [delivery_date] => 
            [delivery_status] => 1
            [number] => 620
            [expense_convert] => 0
            [id] => 577
            [company] => SMC Corporation (India) Pvt. Ltd.
            [project_name] => RS2502-5174-1 Punch Forming, Finger Forming and Pipe Cutting  Machin
            [department_name] => 
            [currency] => INR
        )

    [1] => Array
        (
            [pur_order_number] => WTB-00618-Jan-2026-#084
            [vendor] => 84
            [order_date] => 2026-01-29
            [project] => 18
            [department] => 0
            [total] => 42000.00
            [approve_status] => 1
            [delivery_date] => 
            [delivery_status] => 1
            [number] => 618
            [expense_convert] => 0
            [id] => 575
            [company] => Om Engineering Works
            [project_name] => RS2504-5253-02 Elevator for Mixer
            [department_name] => 
            [currency] => INR
        )

    [2] => Array
        (
            [pur_order_number] => WTB-00613-Jan-2026-022
            [vendor] => 22
            [order_date] => 2026-01-26
            [project] => 43
            [department] => 1
            [total] => 920.00
            [approve_status] => 2
            [delivery_date] => 
            [delivery_status] => 1
            [number] => 613
            [expense_convert] => 0
            [id] => 570
            [company] => BKN ELECTRICALS
            [project_name] => RS1-2508-1081 Prospira Bond Test Machine
            [department_name] => AUTOMATION
            [currency] => INR
        )

    [3] => Array
        (
            [pur_order_number] => WTB-00605-Jan-2026-177
            [vendor] => 177
            [order_date] => 2026-01-22
            [project] => 12
            [department] => 1
            [total] => 67500.00
            [approve_status] => 1
            [delivery_date] => 
            [delivery_status] => 1
            [number] => 605
            [expense_convert] => 0
            [id] => 562
            [company] => RETRO AUTOMATION PRIVATE LIMITED 
            [project_name] => RS2526-SHIN
            [department_name] => AUTOMATION
            [currency] => INR
        )

    [4] => Array
        (
            [pur_order_number] => WTB-00606-Jan-2026-#110
            [vendor] => 110
            [order_date] => 2026-01-22
            [project] => 11
            [department] => 2
            [total] => 76347.00
            [approve_status] => 1
            [delivery_date] => 
            [delivery_status] => 1
            [number] => 606
            [expense_convert] => 0
            [id] => 563
            [company] => RAJASTHAN HARDWARE
            [project_name] => RS2526-FIX-SS
            [department_name] => Mechanical Team
            [currency] => INR
        )

    [5] => Array
        (
            [pur_order_number] => WTB-00607-Jan-2026-#110
            [vendor] => 110
            [order_date] => 2026-01-22
            [project] => 11
            [department] => 2
            [total] => 77830.00
            [approve_status] => 1
            [delivery_date] => 
            [delivery_status] => 1
            [number] => 607
            [expense_convert] => 0
            [id] => 564
            [company] => RAJASTHAN HARDWARE
            [project_name] => RS2526-FIX-SS
            [department_name] => Mechanical Team
            [currency] => INR
        )

    [6] => Array
        (
            [pur_order_number] => WTB-00608-Jan-2026-#110
            [vendor] => 110
            [order_date] => 2026-01-22
            [project] => 11
            [department] => 2
            [total] => 48775.00
            [approve_status] => 1
            [delivery_date] => 
            [delivery_status] => 1
            [number] => 608
            [expense_convert] => 0
            [id] => 565
            [company] => RAJASTHAN HARDWARE
            [project_name] => RS2526-FIX-SS
            [department_name] => Mechanical Team
            [currency] => INR
        )

    [7] => Array
        (
            [pur_order_number] => WTB-00609-Jan-2026-#180
            [vendor] => 180
            [order_date] => 2026-01-22
            [project] => 22
            [department] => 2
            [total] => 600.00
            [approve_status] => 1
            [delivery_date] => 
            [delivery_status] => 1
            [number] => 609
            [expense_convert] => 0
            [id] => 566
            [company] => KHAZANI HYDRAULICS PRIVATED LIMITED 
            [project_name] => RS2502-5174-1 Punch Forming, Finger Forming and Pipe Cutting  Machin
            [department_name] => Mechanical Team
            [currency] => INR
        )

    [8] => Array
        (
            [pur_order_number] => WTB-00610-Jan-2026-#075
            [vendor] => 75
            [order_date] => 2026-01-22
            [project] => 12
            [department] => 1
            [total] => 320660.28
            [approve_status] => 1
            [delivery_date] => 
            [delivery_status] => 1
            [number] => 610
            [expense_convert] => 0
            [id] => 567
            [company] => Jindal Electric & Hardware
            [project_name] => RS2526-SHIN
            [department_name] => AUTOMATION
            [currency] => INR
        )

    [9] => Array
        (
            [pur_order_number] => WTB-00611-Jan-2026-003
            [vendor] => 13
            [order_date] => 2026-01-22
            [project] => 58
            [department] => 2
            [total] => 721.60
            [approve_status] => 2
            [delivery_date] => 
            [delivery_status] => 1
            [number] => 611
            [expense_convert] => 0
            [id] => 568
            [company] => Misumi India Pvt Ltd.
            [project_name] => RS3-2512-3008-HMCMM-TFR INSERTION
            [department_name] => Mechanical Team
            [currency] => INR
        )

    [10] => Array
        (
            [pur_order_number] => WTB-00612-Jan-2026-032
            [vendor] => 32
            [order_date] => 2026-01-22
            [project] => 58
            [department] => 2
            [total] => 200.00
            [approve_status] => 2
            [delivery_date] => 
            [delivery_status] => 1
            [number] => 612
            [expense_convert] => 0
            [id] => 569
            [company] => Manglam Sales
            [project_name] => RS3-2512-3008-HMCMM-TFR INSERTION
            [department_name] => Mechanical Team
            [currency] => INR
        )

    [11] => Array
        (
            [pur_order_number] => WTB-00603-Jan-2026-#50 
            [vendor] => 50
            [order_date] => 2026-01-21
            [project] => 38
            [department] => 1
            [total] => 2638.10
            [approve_status] => 1
            [delivery_date] => 
            [delivery_status] => 1
            [number] => 603
            [expense_convert] => 0
            [id] => 560
            [company] => Sunrise Industrial Products
            [project_name] => RS2526-SPARE-E
            [department_name] => AUTOMATION
            [currency] => INR
        )

    [12] => Array
        (
            [pur_order_number] => WTB-00604-Jan-2026-008
            [vendor] => 18
            [order_date] => 2026-01-21
            [project] => 22
            [department] => 0
            [total] => 970700.00
            [approve_status] => 1
            [delivery_date] => 
            [delivery_status] => 1
            [number] => 604
            [expense_convert] => 0
            [id] => 561
            [company] => Yamazen Machinery & Tools India Private Limited
            [project_name] => RS2502-5174-1 Punch Forming, Finger Forming and Pipe Cutting  Machin
            [department_name] => 
            [currency] => INR
        )

    [13] => Array
        (
            [pur_order_number] => WTB-00602-Jan-2026-#045
            [vendor] => 45
            [order_date] => 2026-01-18
            [project] => 12
            [department] => 1
            [total] => 65527.70
            [approve_status] => 1
            [delivery_date] => 
            [delivery_status] => 1
            [number] => 602
            [expense_convert] => 0
            [id] => 559
            [company] => SMC Corporation (India) Pvt. Ltd.
            [project_name] => RS2526-SHIN
            [department_name] => AUTOMATION
            [currency] => INR
        )

    [14] => Array
        (
            [pur_order_number] => WTB-00596-Jan-2026-#096
            [vendor] => 96
            [order_date] => 2026-01-17
            [project] => 18
            [department] => 2
            [total] => 1257.00
            [approve_status] => 2
            [delivery_date] => 
            [delivery_status] => 1
            [number] => 596
            [expense_convert] => 0
            [id] => 553
            [company] => Tara Hardware And Electrical
            [project_name] => RS2504-5253-02 Elevator for Mixer
            [department_name] => Mechanical Team
            [currency] => INR
        )

    [15] => Array
        (
            [pur_order_number] => WTB-00597-Jan-2026-#096
            [vendor] => 96
            [order_date] => 2026-01-17
            [project] => 18
            [department] => 2
            [total] => 1755.08
            [approve_status] => 2
            [delivery_date] => 
            [delivery_status] => 1
            [number] => 597
            [expense_convert] => 0
            [id] => 554
            [company] => Tara Hardware And Electrical
            [project_name] => RS2504-5253-02 Elevator for Mixer
            [department_name] => Mechanical Team
            [currency] => INR
        )

    [16] => Array
        (
            [pur_order_number] => WTB-00598-Jan-2026-#096
            [vendor] => 96
            [order_date] => 2026-01-17
            [project] => 18
            [department] => 2
            [total] => 803.55
            [approve_status] => 2
            [delivery_date] => 
            [delivery_status] => 1
            [number] => 598
            [expense_convert] => 0
            [id] => 555
            [company] => Tara Hardware And Electrical
            [project_name] => RS2504-5253-02 Elevator for Mixer
            [department_name] => Mechanical Team
            [currency] => INR
        )

    [17] => Array
        (
            [pur_order_number] => WTB-00599-Jan-2026-#096
            [vendor] => 96
            [order_date] => 2026-01-17
            [project] => 18
            [department] => 2
            [total] => 1030.00
            [approve_status] => 2
            [delivery_date] => 
            [delivery_status] => 1
            [number] => 599
            [expense_convert] => 0
            [id] => 556
            [company] => Tara Hardware And Electrical
            [project_name] => RS2504-5253-02 Elevator for Mixer
            [department_name] => Mechanical Team
            [currency] => INR
        )

    [18] => Array
        (
            [pur_order_number] => WTB-00600-Jan-2026-#172
            [vendor] => 172
            [order_date] => 2026-01-17
            [project] => 18
            [department] => 2
            [total] => 3033.82
            [approve_status] => 2
            [delivery_date] => 
            [delivery_status] => 1
            [number] => 600
            [expense_convert] => 0
            [id] => 557
            [company] => SHYAM HARDWARE STORE 
            [project_name] => RS2504-5253-02 Elevator for Mixer
            [department_name] => Mechanical Team
            [currency] => INR
        )

    [19] => Array
        (
            [pur_order_number] => WTB-00601-Jan-2026-#180
            [vendor] => 180
            [order_date] => 2026-01-17
            [project] => 22
            [department] => 2
            [total] => 3200.00
            [approve_status] => 1
            [delivery_date] => 
            [delivery_status] => 1
            [number] => 601
            [expense_convert] => 0
            [id] => 558
            [company] => KHAZANI HYDRAULICS PRIVATED LIMITED 
            [project_name] => RS2502-5174-1 Punch Forming, Finger Forming and Pipe Cutting  Machin
            [department_name] => Mechanical Team
            [currency] => INR
        )

    [20] => Array
        (
            [pur_order_number] => WTB-00592-Jan-2026-005
            [vendor] => 15
            [order_date] => 2026-01-16
            [project] => 12
            [department] => 1
            [total] => 29000.00
            [approve_status] => 2
            [delivery_date] => 
            [delivery_status] => 1
            [number] => 592
            [expense_convert] => 0
            [id] => 549
            [company] => Factory Automation Private Limited
            [project_name] => RS2526-SHIN
            [department_name] => AUTOMATION
            [currency] => INR
        )

    [21] => Array
        (
            [pur_order_number] => WTB-00593-Jan-2026-179
            [vendor] => 179
            [order_date] => 2026-01-16
            [project] => 11
            [department] => 2
            [total] => 5212.00
            [approve_status] => 2
            [delivery_date] => 
            [delivery_status] => 1
            [number] => 593
            [expense_convert] => 0
            [id] => 550
            [company] => RAJA MOTORS
            [project_name] => RS2526-FIX-SS
            [department_name] => Mechanical Team
            [currency] => INR
        )

    [22] => Array
        (
            [pur_order_number] => WTB-00594-Jan-2026-#040
            [vendor] => 40
            [order_date] => 2026-01-16
            [project] => 12
            [department] => 1
            [total] => 43166.00
            [approve_status] => 2
            [delivery_date] => 
            [delivery_status] => 1
            [number] => 594
            [expense_convert] => 0
            [id] => 551
            [company] => Vashi Integrated Solutions Limited
            [project_name] => RS2526-SHIN
            [department_name] => AUTOMATION
            [currency] => INR
        )

    [23] => Array
        (
            [pur_order_number] => WTB-00595-Jan-2026-#040
            [vendor] => 40
            [order_date] => 2026-01-16
            [project] => 12
            [department] => 1
            [total] => 224119.40
            [approve_status] => 2
            [delivery_date] => 
            [delivery_status] => 1
            [number] => 595
            [expense_convert] => 0
            [id] => 552
            [company] => Vashi Integrated Solutions Limited
            [project_name] => RS2526-SHIN
            [department_name] => AUTOMATION
            [currency] => INR
        )

    [24] => Array
        (
            [pur_order_number] => WTB-00591-Jan-2026-#045
            [vendor] => 45
            [order_date] => 2026-01-15
            [project] => 12
            [department] => 2
            [total] => 2804.70
            [approve_status] => 2
            [delivery_date] => 
            [delivery_status] => 1
            [number] => 591
            [expense_convert] => 0
            [id] => 548
            [company] => SMC Corporation (India) Pvt. Ltd.
            [project_name] => RS2526-SHIN
            [department_name] => Mechanical Team
            [currency] => INR
        )

)

CRITICAL - 2026-01-30 05:52:28 --> Array
(
    [0] => Array
        (
            [pur_order_number] => WTB-00620-Jan-2026-#045
            [vendor] => 45
            [order_date] => 2026-01-29
            [project] => 22
            [department] => 0
            [total] => 1386.82
            [approve_status] => 1
            [delivery_date] => 
            [delivery_status] => 1
            [number] => 620
            [expense_convert] => 0
            [id] => 577
            [company] => SMC Corporation (India) Pvt. Ltd.
            [project_name] => RS2502-5174-1 Punch Forming, Finger Forming and Pipe Cutting  Machin
            [department_name] => 
            [currency] => INR
            [items] => Array
                (
                )

        )

    [1] => Array
        (
            [pur_order_number] => WTB-00618-Jan-2026-#084
            [vendor] => 84
            [order_date] => 2026-01-29
            [project] => 18
            [department] => 0
            [total] => 42000.00
            [approve_status] => 1
            [delivery_date] => 
            [delivery_status] => 1
            [number] => 618
            [expense_convert] => 0
            [id] => 575
            [company] => Om Engineering Works
            [project_name] => RS2504-5253-02 Elevator for Mixer
            [department_name] => 
            [currency] => INR
            [items] => Array
                (
                )

        )

    [2] => Array
        (
            [pur_order_number] => WTB-00613-Jan-2026-022
            [vendor] => 22
            [order_date] => 2026-01-26
            [project] => 43
            [department] => 1
            [total] => 920.00
            [approve_status] => 2
            [delivery_date] => 
            [delivery_status] => 1
            [number] => 613
            [expense_convert] => 0
            [id] => 570
            [company] => BKN ELECTRICALS
            [project_name] => RS1-2508-1081 Prospira Bond Test Machine
            [department_name] => AUTOMATION
            [currency] => INR
            [items] => Array
                (
                )

        )

    [3] => Array
        (
            [pur_order_number] => WTB-00605-Jan-2026-177
            [vendor] => 177
            [order_date] => 2026-01-22
            [project] => 12
            [department] => 1
            [total] => 67500.00
            [approve_status] => 1
            [delivery_date] => 
            [delivery_status] => 1
            [number] => 605
            [expense_convert] => 0
            [id] => 562
            [company] => RETRO AUTOMATION PRIVATE LIMITED 
            [project_name] => RS2526-SHIN
            [department_name] => AUTOMATION
            [currency] => INR
            [items] => Array
                (
                )

        )

    [4] => Array
        (
            [pur_order_number] => WTB-00606-Jan-2026-#110
            [vendor] => 110
            [order_date] => 2026-01-22
            [project] => 11
            [department] => 2
            [total] => 76347.00
            [approve_status] => 1
            [delivery_date] => 
            [delivery_status] => 1
            [number] => 606
            [expense_convert] => 0
            [id] => 563
            [company] => RAJASTHAN HARDWARE
            [project_name] => RS2526-FIX-SS
            [department_name] => Mechanical Team
            [currency] => INR
            [items] => Array
                (
                )

        )

    [5] => Array
        (
            [pur_order_number] => WTB-00607-Jan-2026-#110
            [vendor] => 110
            [order_date] => 2026-01-22
            [project] => 11
            [department] => 2
            [total] => 77830.00
            [approve_status] => 1
            [delivery_date] => 
            [delivery_status] => 1
            [number] => 607
            [expense_convert] => 0
            [id] => 564
            [company] => RAJASTHAN HARDWARE
            [project_name] => RS2526-FIX-SS
            [department_name] => Mechanical Team
            [currency] => INR
            [items] => Array
                (
                )

        )

    [6] => Array
        (
            [pur_order_number] => WTB-00608-Jan-2026-#110
            [vendor] => 110
            [order_date] => 2026-01-22
            [project] => 11
            [department] => 2
            [total] => 48775.00
            [approve_status] => 1
            [delivery_date] => 
            [delivery_status] => 1
            [number] => 608
            [expense_convert] => 0
            [id] => 565
            [company] => RAJASTHAN HARDWARE
            [project_name] => RS2526-FIX-SS
            [department_name] => Mechanical Team
            [currency] => INR
            [items] => Array
                (
                )

        )

    [7] => Array
        (
            [pur_order_number] => WTB-00609-Jan-2026-#180
            [vendor] => 180
            [order_date] => 2026-01-22
            [project] => 22
            [department] => 2
            [total] => 600.00
            [approve_status] => 1
            [delivery_date] => 
            [delivery_status] => 1
            [number] => 609
            [expense_convert] => 0
            [id] => 566
            [company] => KHAZANI HYDRAULICS PRIVATED LIMITED 
            [project_name] => RS2502-5174-1 Punch Forming, Finger Forming and Pipe Cutting  Machin
            [department_name] => Mechanical Team
            [currency] => INR
            [items] => Array
                (
                )

        )

    [8] => Array
        (
            [pur_order_number] => WTB-00610-Jan-2026-#075
            [vendor] => 75
            [order_date] => 2026-01-22
            [project] => 12
            [department] => 1
            [total] => 320660.28
            [approve_status] => 1
            [delivery_date] => 
            [delivery_status] => 1
            [number] => 610
            [expense_convert] => 0
            [id] => 567
            [company] => Jindal Electric & Hardware
            [project_name] => RS2526-SHIN
            [department_name] => AUTOMATION
            [currency] => INR
            [items] => Array
                (
                )

        )

    [9] => Array
        (
            [pur_order_number] => WTB-00611-Jan-2026-003
            [vendor] => 13
            [order_date] => 2026-01-22
            [project] => 58
            [department] => 2
            [total] => 721.60
            [approve_status] => 2
            [delivery_date] => 
            [delivery_status] => 1
            [number] => 611
            [expense_convert] => 0
            [id] => 568
            [company] => Misumi India Pvt Ltd.
            [project_name] => RS3-2512-3008-HMCMM-TFR INSERTION
            [department_name] => Mechanical Team
            [currency] => INR
            [items] => Array
                (
                )

        )

    [10] => Array
        (
            [pur_order_number] => WTB-00612-Jan-2026-032
            [vendor] => 32
            [order_date] => 2026-01-22
            [project] => 58
            [department] => 2
            [total] => 200.00
            [approve_status] => 2
            [delivery_date] => 
            [delivery_status] => 1
            [number] => 612
            [expense_convert] => 0
            [id] => 569
            [company] => Manglam Sales
            [project_name] => RS3-2512-3008-HMCMM-TFR INSERTION
            [department_name] => Mechanical Team
            [currency] => INR
            [items] => Array
                (
                )

        )

    [11] => Array
        (
            [pur_order_number] => WTB-00603-Jan-2026-#50 
            [vendor] => 50
            [order_date] => 2026-01-21
            [project] => 38
            [department] => 1
            [total] => 2638.10
            [approve_status] => 1
            [delivery_date] => 
            [delivery_status] => 1
            [number] => 603
            [expense_convert] => 0
            [id] => 560
            [company] => Sunrise Industrial Products
            [project_name] => RS2526-SPARE-E
            [department_name] => AUTOMATION
            [currency] => INR
            [items] => Array
                (
                )

        )

    [12] => Array
        (
            [pur_order_number] => WTB-00604-Jan-2026-008
            [vendor] => 18
            [order_date] => 2026-01-21
            [project] => 22
            [department] => 0
            [total] => 970700.00
            [approve_status] => 1
            [delivery_date] => 
            [delivery_status] => 1
            [number] => 604
            [expense_convert] => 0
            [id] => 561
            [company] => Yamazen Machinery & Tools India Private Limited
            [project_name] => RS2502-5174-1 Punch Forming, Finger Forming and Pipe Cutting  Machin
            [department_name] => 
            [currency] => INR
            [items] => Array
                (
                )

        )

    [13] => Array
        (
            [pur_order_number] => WTB-00602-Jan-2026-#045
            [vendor] => 45
            [order_date] => 2026-01-18
            [project] => 12
            [department] => 1
            [total] => 65527.70
            [approve_status] => 1
            [delivery_date] => 
            [delivery_status] => 1
            [number] => 602
            [expense_convert] => 0
            [id] => 559
            [company] => SMC Corporation (India) Pvt. Ltd.
            [project_name] => RS2526-SHIN
            [department_name] => AUTOMATION
            [currency] => INR
            [items] => Array
                (
                )

        )

    [14] => Array
        (
            [pur_order_number] => WTB-00596-Jan-2026-#096
            [vendor] => 96
            [order_date] => 2026-01-17
            [project] => 18
            [department] => 2
            [total] => 1257.00
            [approve_status] => 2
            [delivery_date] => 
            [delivery_status] => 1
            [number] => 596
            [expense_convert] => 0
            [id] => 553
            [company] => Tara Hardware And Electrical
            [project_name] => RS2504-5253-02 Elevator for Mixer
            [department_name] => Mechanical Team
            [currency] => INR
            [items] => Array
                (
                )

        )

    [15] => Array
        (
            [pur_order_number] => WTB-00597-Jan-2026-#096
            [vendor] => 96
            [order_date] => 2026-01-17
            [project] => 18
            [department] => 2
            [total] => 1755.08
            [approve_status] => 2
            [delivery_date] => 
            [delivery_status] => 1
            [number] => 597
            [expense_convert] => 0
            [id] => 554
            [company] => Tara Hardware And Electrical
            [project_name] => RS2504-5253-02 Elevator for Mixer
            [department_name] => Mechanical Team
            [currency] => INR
            [items] => Array
                (
                )

        )

    [16] => Array
        (
            [pur_order_number] => WTB-00598-Jan-2026-#096
            [vendor] => 96
            [order_date] => 2026-01-17
            [project] => 18
            [department] => 2
            [total] => 803.55
            [approve_status] => 2
            [delivery_date] => 
            [delivery_status] => 1
            [number] => 598
            [expense_convert] => 0
            [id] => 555
            [company] => Tara Hardware And Electrical
            [project_name] => RS2504-5253-02 Elevator for Mixer
            [department_name] => Mechanical Team
            [currency] => INR
            [items] => Array
                (
                )

        )

    [17] => Array
        (
            [pur_order_number] => WTB-00599-Jan-2026-#096
            [vendor] => 96
            [order_date] => 2026-01-17
            [project] => 18
            [department] => 2
            [total] => 1030.00
            [approve_status] => 2
            [delivery_date] => 
            [delivery_status] => 1
            [number] => 599
            [expense_convert] => 0
            [id] => 556
            [company] => Tara Hardware And Electrical
            [project_name] => RS2504-5253-02 Elevator for Mixer
            [department_name] => Mechanical Team
            [currency] => INR
            [items] => Array
                (
                )

        )

    [18] => Array
        (
            [pur_order_number] => WTB-00600-Jan-2026-#172
            [vendor] => 172
            [order_date] => 2026-01-17
            [project] => 18
            [department] => 2
            [total] => 3033.82
            [approve_status] => 2
            [delivery_date] => 
            [delivery_status] => 1
            [number] => 600
            [expense_convert] => 0
            [id] => 557
            [company] => SHYAM HARDWARE STORE 
            [project_name] => RS2504-5253-02 Elevator for Mixer
            [department_name] => Mechanical Team
            [currency] => INR
            [items] => Array
                (
                )

        )

    [19] => Array
        (
            [pur_order_number] => WTB-00601-Jan-2026-#180
            [vendor] => 180
            [order_date] => 2026-01-17
            [project] => 22
            [department] => 2
            [total] => 3200.00
            [approve_status] => 1
            [delivery_date] => 
            [delivery_status] => 1
            [number] => 601
            [expense_convert] => 0
            [id] => 558
            [company] => KHAZANI HYDRAULICS PRIVATED LIMITED 
            [project_name] => RS2502-5174-1 Punch Forming, Finger Forming and Pipe Cutting  Machin
            [department_name] => Mechanical Team
            [currency] => INR
            [items] => Array
                (
                )

        )

    [20] => Array
        (
            [pur_order_number] => WTB-00592-Jan-2026-005
            [vendor] => 15
            [order_date] => 2026-01-16
            [project] => 12
            [department] => 1
            [total] => 29000.00
            [approve_status] => 2
            [delivery_date] => 
            [delivery_status] => 1
            [number] => 592
            [expense_convert] => 0
            [id] => 549
            [company] => Factory Automation Private Limited
            [project_name] => RS2526-SHIN
            [department_name] => AUTOMATION
            [currency] => INR
            [items] => Array
                (
                )

        )

    [21] => Array
        (
            [pur_order_number] => WTB-00593-Jan-2026-179
            [vendor] => 179
            [order_date] => 2026-01-16
            [project] => 11
            [department] => 2
            [total] => 5212.00
            [approve_status] => 2
            [delivery_date] => 
            [delivery_status] => 1
            [number] => 593
            [expense_convert] => 0
            [id] => 550
            [company] => RAJA MOTORS
            [project_name] => RS2526-FIX-SS
            [department_name] => Mechanical Team
            [currency] => INR
            [items] => Array
                (
                )

        )

    [22] => Array
        (
            [pur_order_number] => WTB-00594-Jan-2026-#040
            [vendor] => 40
            [order_date] => 2026-01-16
            [project] => 12
            [department] => 1
            [total] => 43166.00
            [approve_status] => 2
            [delivery_date] => 
            [delivery_status] => 1
            [number] => 594
            [expense_convert] => 0
            [id] => 551
            [company] => Vashi Integrated Solutions Limited
            [project_name] => RS2526-SHIN
            [department_name] => AUTOMATION
            [currency] => INR
            [items] => Array
                (
                )

        )

    [23] => Array
        (
            [pur_order_number] => WTB-00595-Jan-2026-#040
            [vendor] => 40
            [order_date] => 2026-01-16
            [project] => 12
            [department] => 1
            [total] => 224119.40
            [approve_status] => 2
            [delivery_date] => 
            [delivery_status] => 1
            [number] => 595
            [expense_convert] => 0
            [id] => 552
            [company] => Vashi Integrated Solutions Limited
            [project_name] => RS2526-SHIN
            [department_name] => AUTOMATION
            [currency] => INR
            [items] => Array
                (
                )

        )

    [24] => Array
        (
            [pur_order_number] => WTB-00591-Jan-2026-#045
            [vendor] => 45
            [order_date] => 2026-01-15
            [project] => 12
            [department] => 2
            [total] => 2804.70
            [approve_status] => 2
            [delivery_date] => 
            [delivery_status] => 1
            [number] => 591
            [expense_convert] => 0
            [id] => 548
            [company] => SMC Corporation (India) Pvt. Ltd.
            [project_name] => RS2526-SHIN
            [department_name] => Mechanical Team
            [currency] => INR
            [items] => Array
                (
                )

        )

)

CRITICAL - 2026-01-30 05:52:46 --> 
ERROR - 2026-01-30 05:53:59 --> 
              SELECT SQL_CALC_FOUND_ROWS pur_rq_code, requester, department, request_date, project, rise_pur_request.status, rise_pur_request.id ,rise_pur_request.id,pur_rq_code,rise_team.title as department_title,first_name,last_name,rise_projects.title as project
              FROM rise_pur_request
              LEFT JOIN rise_team ON rise_team.id = rise_pur_request.department LEFT JOIN rise_users ON rise_users.id = rise_pur_request.requester LEFT JOIN rise_projects ON rise_projects.id = rise_pur_request.project
              
              
              
              ORDER BY pur_rq_code DESC
              LIMIT 0, 25
              
CRITICAL - 2026-01-30 05:53:59 --> Array
(
    [0] => Array
        (
            [pur_rq_code] => #-00449-2026
            [requester] => 15
            [department] => 2
            [request_date] => 2026-01-29 06:02:23
            [project] => RS2-2511-1033_HMM TS_Helium Leak Testing Quick Coupler
            [status] => 2
            [id] => 449
            [department_title] => Mechanical Team
            [first_name] => Ravi
            [last_name] => Saini
        )

    [1] => Array
        (
            [pur_rq_code] => #-00448-2026
            [requester] => 15
            [department] => 2
            [request_date] => 2026-01-29 05:44:14
            [project] => RS2-2511-1039_HMM TS_Door Assy Checking Poka-Yoka Fixture
            [status] => 2
            [id] => 448
            [department_title] => Mechanical Team
            [first_name] => Ravi
            [last_name] => Saini
        )

    [2] => Array
        (
            [pur_rq_code] => #-00447-2026
            [requester] => 55
            [department] => 2
            [request_date] => 2026-01-29 03:06:58
            [project] => RS2526-SPARE-E
            [status] => 2
            [id] => 447
            [department_title] => Mechanical Team
            [first_name] => Sahil
            [last_name] => Dhaka
        )

    [3] => Array
        (
            [pur_rq_code] => #-00446-2026
            [requester] => 14
            [department] => 2
            [request_date] => 2026-01-29 00:55:59
            [project] => RS1-2508-1081 Prospira Bond Test Machine
            [status] => 2
            [id] => 446
            [department_title] => Mechanical Team
            [first_name] => Sanish 
            [last_name] => Dhariwal
        )

    [4] => Array
        (
            [pur_rq_code] => #-00445-2026
            [requester] => 14
            [department] => 2
            [request_date] => 2026-01-29 00:29:40
            [project] => RS1-2508-1081 Prospira Bond Test Machine
            [status] => 1
            [id] => 445
            [department_title] => Mechanical Team
            [first_name] => Sanish 
            [last_name] => Dhariwal
        )

    [5] => Array
        (
            [pur_rq_code] => #-00444-2026
            [requester] => 55
            [department] => 2
            [request_date] => 2026-01-28 01:27:25
            [project] => RS1-2508-1081 Prospira Bond Test Machine
            [status] => 2
            [id] => 444
            [department_title] => Mechanical Team
            [first_name] => Sahil
            [last_name] => Dhaka
        )

    [6] => Array
        (
            [pur_rq_code] => #-00443-2026
            [requester] => 15
            [department] => 2
            [request_date] => 2026-01-28 00:28:22
            [project] => RS2-2511-1034_HMM TS_Main Line Fixture
            [status] => 2
            [id] => 443
            [department_title] => Mechanical Team
            [first_name] => Ravi
            [last_name] => Saini
        )

    [7] => Array
        (
            [pur_rq_code] => #-00442-2026
            [requester] => 15
            [department] => 2
            [request_date] => 2026-01-23 23:35:25
            [project] => RS2-2511-1033_HMM TS_Helium Leak Testing Quick Coupler
            [status] => 2
            [id] => 442
            [department_title] => Mechanical Team
            [first_name] => Ravi
            [last_name] => Saini
        )

    [8] => Array
        (
            [pur_rq_code] => #-00441-2026
            [requester] => 15
            [department] => 2
            [request_date] => 2026-01-23 23:21:13
            [project] => RS2-2511-1034_HMM TS_Main Line Fixture
            [status] => 2
            [id] => 441
            [department_title] => Mechanical Team
            [first_name] => Ravi
            [last_name] => Saini
        )

    [9] => Array
        (
            [pur_rq_code] => #-00440-2026
            [requester] => 9
            [department] => 2
            [request_date] => 2026-01-21 22:46:05
            [project] => RS2526-FIX-SS
            [status] => 2
            [id] => 440
            [department_title] => Mechanical Team
            [first_name] => Anand
            [last_name] => Dhariwal
        )

    [10] => Array
        (
            [pur_rq_code] => #-00439-2026
            [requester] => 11
            [department] => 1
            [request_date] => 2026-01-21 03:11:05
            [project] => RS2526-SHIN
            [status] => 2
            [id] => 439
            [department_title] => AUTOMATION
            [first_name] => Komal
            [last_name] => Yadav
        )

    [11] => Array
        (
            [pur_rq_code] => #-00438-2026
            [requester] => 11
            [department] => 1
            [request_date] => 2026-01-20 23:46:20
            [project] => RS2526-SHIN
            [status] => 2
            [id] => 438
            [department_title] => AUTOMATION
            [first_name] => Komal
            [last_name] => Yadav
        )

    [12] => Array
        (
            [pur_rq_code] => #-00437-2026
            [requester] => 55
            [department] => 2
            [request_date] => 2026-01-20 06:30:20
            [project] => RS2502-5174-1 Punch Forming, Finger Forming and Pipe Cutting  Machin
            [status] => 2
            [id] => 437
            [department_title] => Mechanical Team
            [first_name] => Sahil
            [last_name] => Dhaka
        )

    [13] => Array
        (
            [pur_rq_code] => #-00436-2026
            [requester] => 8
            [department] => 1
            [request_date] => 2026-01-20 05:23:42
            [project] => RS1-2508-1081 Prospira Bond Test Machine
            [status] => 2
            [id] => 436
            [department_title] => AUTOMATION
            [first_name] => Tikam
            [last_name] => Singh
        )

    [14] => Array
        (
            [pur_rq_code] => #-00435-2026
            [requester] => 21
            [department] => 2
            [request_date] => 2026-01-20 01:24:02
            [project] => RS3-2512-3008-HMCMM-TFR INSERTION
            [status] => 2
            [id] => 435
            [department_title] => Mechanical Team
            [first_name] => Parvesh
            [last_name] => Beniwal
        )

    [15] => Array
        (
            [pur_rq_code] => #-00434-2026
            [requester] => 21
            [department] => 0
            [request_date] => 2026-01-20 00:05:52
            [project] => RS3-2512-3008-HMCMM-TFR INSERTION
            [status] => 2
            [id] => 434
            [department_title] => 
            [first_name] => Parvesh
            [last_name] => Beniwal
        )

    [16] => Array
        (
            [pur_rq_code] => #-00433-2026
            [requester] => 21
            [department] => 2
            [request_date] => 2026-01-19 23:42:10
            [project] => RS2-2510-5324_Seat Testing Fixture
            [status] => 2
            [id] => 433
            [department_title] => Mechanical Team
            [first_name] => Parvesh
            [last_name] => Beniwal
        )

    [17] => Array
        (
            [pur_rq_code] => #-00432-2026
            [requester] => 14
            [department] => 2
            [request_date] => 2026-01-17 05:51:05
            [project] => RS2502-5174-1 Punch Forming, Finger Forming and Pipe Cutting  Machin
            [status] => 2
            [id] => 432
            [department_title] => Mechanical Team
            [first_name] => Sanish 
            [last_name] => Dhariwal
        )

    [18] => Array
        (
            [pur_rq_code] => #-00431-2026
            [requester] => 11
            [department] => 2
            [request_date] => 2026-01-17 04:47:03
            [project] => RS2526-SPARE-E
            [status] => 2
            [id] => 431
            [department_title] => Mechanical Team
            [first_name] => Komal
            [last_name] => Yadav
        )

    [19] => Array
        (
            [pur_rq_code] => #-00430-2026
            [requester] => 14
            [department] => 2
            [request_date] => 2026-01-17 04:43:11
            [project] => RS2502-5174-1 Punch Forming, Finger Forming and Pipe Cutting  Machin
            [status] => 2
            [id] => 430
            [department_title] => Mechanical Team
            [first_name] => Sanish 
            [last_name] => Dhariwal
        )

    [20] => Array
        (
            [pur_rq_code] => #-00429-2026
            [requester] => 21
            [department] => 0
            [request_date] => 2026-01-17 04:40:13
            [project] => RS2504-5253-02 Elevator for Mixer
            [status] => 2
            [id] => 429
            [department_title] => 
            [first_name] => Parvesh
            [last_name] => Beniwal
        )

    [21] => Array
        (
            [pur_rq_code] => #-00428-2026
            [requester] => 21
            [department] => 2
            [request_date] => 2026-01-17 04:32:57
            [project] => RS2504-5253-02 Elevator for Mixer
            [status] => 2
            [id] => 428
            [department_title] => Mechanical Team
            [first_name] => Parvesh
            [last_name] => Beniwal
        )

    [22] => Array
        (
            [pur_rq_code] => #-00426-2026
            [requester] => 11
            [department] => 2
            [request_date] => 2026-01-16 05:24:00
            [project] => RS2526-SHIN
            [status] => 2
            [id] => 426
            [department_title] => Mechanical Team
            [first_name] => Komal
            [last_name] => Yadav
        )

    [23] => Array
        (
            [pur_rq_code] => #-00425-2026
            [requester] => 31
            [department] => 2
            [request_date] => 2026-01-16 02:40:35
            [project] => RS2526-FIX-SS
            [status] => 2
            [id] => 425
            [department_title] => Mechanical Team
            [first_name] => Sudesh
            [last_name] => Kumar
        )

    [24] => Array
        (
            [pur_rq_code] => #-00424-2026
            [requester] => 11
            [department] => 1
            [request_date] => 2026-01-16 02:30:44
            [project] => RS2526-SHIN
            [status] => 2
            [id] => 424
            [department_title] => AUTOMATION
            [first_name] => Komal
            [last_name] => Yadav
        )

)

ERROR - 2026-01-30 05:54:05 --> 
              SELECT SQL_CALC_FOUND_ROWS pur_order_number, vendor, order_date, project, department, total, approve_status, delivery_date, delivery_status, number, expense_convert ,rise_pur_orders.id as id,company,pur_order_number,expense_convert,rise_projects.title as project_name,rise_team.title as department_name,currency
              FROM rise_pur_orders
              LEFT JOIN rise_pur_vendor ON rise_pur_vendor.userid = rise_pur_orders.vendor LEFT JOIN rise_team ON rise_team.id = rise_pur_orders.department LEFT JOIN rise_projects ON rise_projects.id = rise_pur_orders.project
              
              
              
              ORDER BY order_date DESC
              LIMIT 0, 25
              
CRITICAL - 2026-01-30 05:54:05 --> Array
(
    [0] => Array
        (
            [pur_order_number] => WTB-00620-Jan-2026-#045
            [vendor] => 45
            [order_date] => 2026-01-29
            [project] => 22
            [department] => 0
            [total] => 1386.82
            [approve_status] => 1
            [delivery_date] => 
            [delivery_status] => 1
            [number] => 620
            [expense_convert] => 0
            [id] => 577
            [company] => SMC Corporation (India) Pvt. Ltd.
            [project_name] => RS2502-5174-1 Punch Forming, Finger Forming and Pipe Cutting  Machin
            [department_name] => 
            [currency] => INR
        )

    [1] => Array
        (
            [pur_order_number] => WTB-00618-Jan-2026-#084
            [vendor] => 84
            [order_date] => 2026-01-29
            [project] => 18
            [department] => 0
            [total] => 42000.00
            [approve_status] => 1
            [delivery_date] => 
            [delivery_status] => 1
            [number] => 618
            [expense_convert] => 0
            [id] => 575
            [company] => Om Engineering Works
            [project_name] => RS2504-5253-02 Elevator for Mixer
            [department_name] => 
            [currency] => INR
        )

    [2] => Array
        (
            [pur_order_number] => WTB-00613-Jan-2026-022
            [vendor] => 22
            [order_date] => 2026-01-26
            [project] => 43
            [department] => 1
            [total] => 920.00
            [approve_status] => 2
            [delivery_date] => 
            [delivery_status] => 1
            [number] => 613
            [expense_convert] => 0
            [id] => 570
            [company] => BKN ELECTRICALS
            [project_name] => RS1-2508-1081 Prospira Bond Test Machine
            [department_name] => AUTOMATION
            [currency] => INR
        )

    [3] => Array
        (
            [pur_order_number] => WTB-00605-Jan-2026-177
            [vendor] => 177
            [order_date] => 2026-01-22
            [project] => 12
            [department] => 1
            [total] => 67500.00
            [approve_status] => 1
            [delivery_date] => 
            [delivery_status] => 1
            [number] => 605
            [expense_convert] => 0
            [id] => 562
            [company] => RETRO AUTOMATION PRIVATE LIMITED 
            [project_name] => RS2526-SHIN
            [department_name] => AUTOMATION
            [currency] => INR
        )

    [4] => Array
        (
            [pur_order_number] => WTB-00606-Jan-2026-#110
            [vendor] => 110
            [order_date] => 2026-01-22
            [project] => 11
            [department] => 2
            [total] => 76347.00
            [approve_status] => 1
            [delivery_date] => 
            [delivery_status] => 1
            [number] => 606
            [expense_convert] => 0
            [id] => 563
            [company] => RAJASTHAN HARDWARE
            [project_name] => RS2526-FIX-SS
            [department_name] => Mechanical Team
            [currency] => INR
        )

    [5] => Array
        (
            [pur_order_number] => WTB-00607-Jan-2026-#110
            [vendor] => 110
            [order_date] => 2026-01-22
            [project] => 11
            [department] => 2
            [total] => 77830.00
            [approve_status] => 1
            [delivery_date] => 
            [delivery_status] => 1
            [number] => 607
            [expense_convert] => 0
            [id] => 564
            [company] => RAJASTHAN HARDWARE
            [project_name] => RS2526-FIX-SS
            [department_name] => Mechanical Team
            [currency] => INR
        )

    [6] => Array
        (
            [pur_order_number] => WTB-00608-Jan-2026-#110
            [vendor] => 110
            [order_date] => 2026-01-22
            [project] => 11
            [department] => 2
            [total] => 48775.00
            [approve_status] => 1
            [delivery_date] => 
            [delivery_status] => 1
            [number] => 608
            [expense_convert] => 0
            [id] => 565
            [company] => RAJASTHAN HARDWARE
            [project_name] => RS2526-FIX-SS
            [department_name] => Mechanical Team
            [currency] => INR
        )

    [7] => Array
        (
            [pur_order_number] => WTB-00609-Jan-2026-#180
            [vendor] => 180
            [order_date] => 2026-01-22
            [project] => 22
            [department] => 2
            [total] => 600.00
            [approve_status] => 1
            [delivery_date] => 
            [delivery_status] => 1
            [number] => 609
            [expense_convert] => 0
            [id] => 566
            [company] => KHAZANI HYDRAULICS PRIVATED LIMITED 
            [project_name] => RS2502-5174-1 Punch Forming, Finger Forming and Pipe Cutting  Machin
            [department_name] => Mechanical Team
            [currency] => INR
        )

    [8] => Array
        (
            [pur_order_number] => WTB-00610-Jan-2026-#075
            [vendor] => 75
            [order_date] => 2026-01-22
            [project] => 12
            [department] => 1
            [total] => 320660.28
            [approve_status] => 1
            [delivery_date] => 
            [delivery_status] => 1
            [number] => 610
            [expense_convert] => 0
            [id] => 567
            [company] => Jindal Electric & Hardware
            [project_name] => RS2526-SHIN
            [department_name] => AUTOMATION
            [currency] => INR
        )

    [9] => Array
        (
            [pur_order_number] => WTB-00611-Jan-2026-003
            [vendor] => 13
            [order_date] => 2026-01-22
            [project] => 58
            [department] => 2
            [total] => 721.60
            [approve_status] => 2
            [delivery_date] => 
            [delivery_status] => 1
            [number] => 611
            [expense_convert] => 0
            [id] => 568
            [company] => Misumi India Pvt Ltd.
            [project_name] => RS3-2512-3008-HMCMM-TFR INSERTION
            [department_name] => Mechanical Team
            [currency] => INR
        )

    [10] => Array
        (
            [pur_order_number] => WTB-00612-Jan-2026-032
            [vendor] => 32
            [order_date] => 2026-01-22
            [project] => 58
            [department] => 2
            [total] => 200.00
            [approve_status] => 2
            [delivery_date] => 
            [delivery_status] => 1
            [number] => 612
            [expense_convert] => 0
            [id] => 569
            [company] => Manglam Sales
            [project_name] => RS3-2512-3008-HMCMM-TFR INSERTION
            [department_name] => Mechanical Team
            [currency] => INR
        )

    [11] => Array
        (
            [pur_order_number] => WTB-00603-Jan-2026-#50 
            [vendor] => 50
            [order_date] => 2026-01-21
            [project] => 38
            [department] => 1
            [total] => 2638.10
            [approve_status] => 1
            [delivery_date] => 
            [delivery_status] => 1
            [number] => 603
            [expense_convert] => 0
            [id] => 560
            [company] => Sunrise Industrial Products
            [project_name] => RS2526-SPARE-E
            [department_name] => AUTOMATION
            [currency] => INR
        )

    [12] => Array
        (
            [pur_order_number] => WTB-00604-Jan-2026-008
            [vendor] => 18
            [order_date] => 2026-01-21
            [project] => 22
            [department] => 0
            [total] => 970700.00
            [approve_status] => 1
            [delivery_date] => 
            [delivery_status] => 1
            [number] => 604
            [expense_convert] => 0
            [id] => 561
            [company] => Yamazen Machinery & Tools India Private Limited
            [project_name] => RS2502-5174-1 Punch Forming, Finger Forming and Pipe Cutting  Machin
            [department_name] => 
            [currency] => INR
        )

    [13] => Array
        (
            [pur_order_number] => WTB-00602-Jan-2026-#045
            [vendor] => 45
            [order_date] => 2026-01-18
            [project] => 12
            [department] => 1
            [total] => 65527.70
            [approve_status] => 1
            [delivery_date] => 
            [delivery_status] => 1
            [number] => 602
            [expense_convert] => 0
            [id] => 559
            [company] => SMC Corporation (India) Pvt. Ltd.
            [project_name] => RS2526-SHIN
            [department_name] => AUTOMATION
            [currency] => INR
        )

    [14] => Array
        (
            [pur_order_number] => WTB-00596-Jan-2026-#096
            [vendor] => 96
            [order_date] => 2026-01-17
            [project] => 18
            [department] => 2
            [total] => 1257.00
            [approve_status] => 2
            [delivery_date] => 
            [delivery_status] => 1
            [number] => 596
            [expense_convert] => 0
            [id] => 553
            [company] => Tara Hardware And Electrical
            [project_name] => RS2504-5253-02 Elevator for Mixer
            [department_name] => Mechanical Team
            [currency] => INR
        )

    [15] => Array
        (
            [pur_order_number] => WTB-00597-Jan-2026-#096
            [vendor] => 96
            [order_date] => 2026-01-17
            [project] => 18
            [department] => 2
            [total] => 1755.08
            [approve_status] => 2
            [delivery_date] => 
            [delivery_status] => 1
            [number] => 597
            [expense_convert] => 0
            [id] => 554
            [company] => Tara Hardware And Electrical
            [project_name] => RS2504-5253-02 Elevator for Mixer
            [department_name] => Mechanical Team
            [currency] => INR
        )

    [16] => Array
        (
            [pur_order_number] => WTB-00598-Jan-2026-#096
            [vendor] => 96
            [order_date] => 2026-01-17
            [project] => 18
            [department] => 2
            [total] => 803.55
            [approve_status] => 2
            [delivery_date] => 
            [delivery_status] => 1
            [number] => 598
            [expense_convert] => 0
            [id] => 555
            [company] => Tara Hardware And Electrical
            [project_name] => RS2504-5253-02 Elevator for Mixer
            [department_name] => Mechanical Team
            [currency] => INR
        )

    [17] => Array
        (
            [pur_order_number] => WTB-00599-Jan-2026-#096
            [vendor] => 96
            [order_date] => 2026-01-17
            [project] => 18
            [department] => 2
            [total] => 1030.00
            [approve_status] => 2
            [delivery_date] => 
            [delivery_status] => 1
            [number] => 599
            [expense_convert] => 0
            [id] => 556
            [company] => Tara Hardware And Electrical
            [project_name] => RS2504-5253-02 Elevator for Mixer
            [department_name] => Mechanical Team
            [currency] => INR
        )

    [18] => Array
        (
            [pur_order_number] => WTB-00600-Jan-2026-#172
            [vendor] => 172
            [order_date] => 2026-01-17
            [project] => 18
            [department] => 2
            [total] => 3033.82
            [approve_status] => 2
            [delivery_date] => 
            [delivery_status] => 1
            [number] => 600
            [expense_convert] => 0
            [id] => 557
            [company] => SHYAM HARDWARE STORE 
            [project_name] => RS2504-5253-02 Elevator for Mixer
            [department_name] => Mechanical Team
            [currency] => INR
        )

    [19] => Array
        (
            [pur_order_number] => WTB-00601-Jan-2026-#180
            [vendor] => 180
            [order_date] => 2026-01-17
            [project] => 22
            [department] => 2
            [total] => 3200.00
            [approve_status] => 1
            [delivery_date] => 
            [delivery_status] => 1
            [number] => 601
            [expense_convert] => 0
            [id] => 558
            [company] => KHAZANI HYDRAULICS PRIVATED LIMITED 
            [project_name] => RS2502-5174-1 Punch Forming, Finger Forming and Pipe Cutting  Machin
            [department_name] => Mechanical Team
            [currency] => INR
        )

    [20] => Array
        (
            [pur_order_number] => WTB-00592-Jan-2026-005
            [vendor] => 15
            [order_date] => 2026-01-16
            [project] => 12
            [department] => 1
            [total] => 29000.00
            [approve_status] => 2
            [delivery_date] => 
            [delivery_status] => 1
            [number] => 592
            [expense_convert] => 0
            [id] => 549
            [company] => Factory Automation Private Limited
            [project_name] => RS2526-SHIN
            [department_name] => AUTOMATION
            [currency] => INR
        )

    [21] => Array
        (
            [pur_order_number] => WTB-00593-Jan-2026-179
            [vendor] => 179
            [order_date] => 2026-01-16
            [project] => 11
            [department] => 2
            [total] => 5212.00
            [approve_status] => 2
            [delivery_date] => 
            [delivery_status] => 1
            [number] => 593
            [expense_convert] => 0
            [id] => 550
            [company] => RAJA MOTORS
            [project_name] => RS2526-FIX-SS
            [department_name] => Mechanical Team
            [currency] => INR
        )

    [22] => Array
        (
            [pur_order_number] => WTB-00594-Jan-2026-#040
            [vendor] => 40
            [order_date] => 2026-01-16
            [project] => 12
            [department] => 1
            [total] => 43166.00
            [approve_status] => 2
            [delivery_date] => 
            [delivery_status] => 1
            [number] => 594
            [expense_convert] => 0
            [id] => 551
            [company] => Vashi Integrated Solutions Limited
            [project_name] => RS2526-SHIN
            [department_name] => AUTOMATION
            [currency] => INR
        )

    [23] => Array
        (
            [pur_order_number] => WTB-00595-Jan-2026-#040
            [vendor] => 40
            [order_date] => 2026-01-16
            [project] => 12
            [department] => 1
            [total] => 224119.40
            [approve_status] => 2
            [delivery_date] => 
            [delivery_status] => 1
            [number] => 595
            [expense_convert] => 0
            [id] => 552
            [company] => Vashi Integrated Solutions Limited
            [project_name] => RS2526-SHIN
            [department_name] => AUTOMATION
            [currency] => INR
        )

    [24] => Array
        (
            [pur_order_number] => WTB-00591-Jan-2026-#045
            [vendor] => 45
            [order_date] => 2026-01-15
            [project] => 12
            [department] => 2
            [total] => 2804.70
            [approve_status] => 2
            [delivery_date] => 
            [delivery_status] => 1
            [number] => 591
            [expense_convert] => 0
            [id] => 548
            [company] => SMC Corporation (India) Pvt. Ltd.
            [project_name] => RS2526-SHIN
            [department_name] => Mechanical Team
            [currency] => INR
        )

)

CRITICAL - 2026-01-30 05:54:05 --> Array
(
    [0] => Array
        (
            [pur_order_number] => WTB-00620-Jan-2026-#045
            [vendor] => 45
            [order_date] => 2026-01-29
            [project] => 22
            [department] => 0
            [total] => 1386.82
            [approve_status] => 1
            [delivery_date] => 
            [delivery_status] => 1
            [number] => 620
            [expense_convert] => 0
            [id] => 577
            [company] => SMC Corporation (India) Pvt. Ltd.
            [project_name] => RS2502-5174-1 Punch Forming, Finger Forming and Pipe Cutting  Machin
            [department_name] => 
            [currency] => INR
            [items] => Array
                (
                )

        )

    [1] => Array
        (
            [pur_order_number] => WTB-00618-Jan-2026-#084
            [vendor] => 84
            [order_date] => 2026-01-29
            [project] => 18
            [department] => 0
            [total] => 42000.00
            [approve_status] => 1
            [delivery_date] => 
            [delivery_status] => 1
            [number] => 618
            [expense_convert] => 0
            [id] => 575
            [company] => Om Engineering Works
            [project_name] => RS2504-5253-02 Elevator for Mixer
            [department_name] => 
            [currency] => INR
            [items] => Array
                (
                )

        )

    [2] => Array
        (
            [pur_order_number] => WTB-00613-Jan-2026-022
            [vendor] => 22
            [order_date] => 2026-01-26
            [project] => 43
            [department] => 1
            [total] => 920.00
            [approve_status] => 2
            [delivery_date] => 
            [delivery_status] => 1
            [number] => 613
            [expense_convert] => 0
            [id] => 570
            [company] => BKN ELECTRICALS
            [project_name] => RS1-2508-1081 Prospira Bond Test Machine
            [department_name] => AUTOMATION
            [currency] => INR
            [items] => Array
                (
                )

        )

    [3] => Array
        (
            [pur_order_number] => WTB-00605-Jan-2026-177
            [vendor] => 177
            [order_date] => 2026-01-22
            [project] => 12
            [department] => 1
            [total] => 67500.00
            [approve_status] => 1
            [delivery_date] => 
            [delivery_status] => 1
            [number] => 605
            [expense_convert] => 0
            [id] => 562
            [company] => RETRO AUTOMATION PRIVATE LIMITED 
            [project_name] => RS2526-SHIN
            [department_name] => AUTOMATION
            [currency] => INR
            [items] => Array
                (
                )

        )

    [4] => Array
        (
            [pur_order_number] => WTB-00606-Jan-2026-#110
            [vendor] => 110
            [order_date] => 2026-01-22
            [project] => 11
            [department] => 2
            [total] => 76347.00
            [approve_status] => 1
            [delivery_date] => 
            [delivery_status] => 1
            [number] => 606
            [expense_convert] => 0
            [id] => 563
            [company] => RAJASTHAN HARDWARE
            [project_name] => RS2526-FIX-SS
            [department_name] => Mechanical Team
            [currency] => INR
            [items] => Array
                (
                )

        )

    [5] => Array
        (
            [pur_order_number] => WTB-00607-Jan-2026-#110
            [vendor] => 110
            [order_date] => 2026-01-22
            [project] => 11
            [department] => 2
            [total] => 77830.00
            [approve_status] => 1
            [delivery_date] => 
            [delivery_status] => 1
            [number] => 607
            [expense_convert] => 0
            [id] => 564
            [company] => RAJASTHAN HARDWARE
            [project_name] => RS2526-FIX-SS
            [department_name] => Mechanical Team
            [currency] => INR
            [items] => Array
                (
                )

        )

    [6] => Array
        (
            [pur_order_number] => WTB-00608-Jan-2026-#110
            [vendor] => 110
            [order_date] => 2026-01-22
            [project] => 11
            [department] => 2
            [total] => 48775.00
            [approve_status] => 1
            [delivery_date] => 
            [delivery_status] => 1
            [number] => 608
            [expense_convert] => 0
            [id] => 565
            [company] => RAJASTHAN HARDWARE
            [project_name] => RS2526-FIX-SS
            [department_name] => Mechanical Team
            [currency] => INR
            [items] => Array
                (
                )

        )

    [7] => Array
        (
            [pur_order_number] => WTB-00609-Jan-2026-#180
            [vendor] => 180
            [order_date] => 2026-01-22
            [project] => 22
            [department] => 2
            [total] => 600.00
            [approve_status] => 1
            [delivery_date] => 
            [delivery_status] => 1
            [number] => 609
            [expense_convert] => 0
            [id] => 566
            [company] => KHAZANI HYDRAULICS PRIVATED LIMITED 
            [project_name] => RS2502-5174-1 Punch Forming, Finger Forming and Pipe Cutting  Machin
            [department_name] => Mechanical Team
            [currency] => INR
            [items] => Array
                (
                )

        )

    [8] => Array
        (
            [pur_order_number] => WTB-00610-Jan-2026-#075
            [vendor] => 75
            [order_date] => 2026-01-22
            [project] => 12
            [department] => 1
            [total] => 320660.28
            [approve_status] => 1
            [delivery_date] => 
            [delivery_status] => 1
            [number] => 610
            [expense_convert] => 0
            [id] => 567
            [company] => Jindal Electric & Hardware
            [project_name] => RS2526-SHIN
            [department_name] => AUTOMATION
            [currency] => INR
            [items] => Array
                (
                )

        )

    [9] => Array
        (
            [pur_order_number] => WTB-00611-Jan-2026-003
            [vendor] => 13
            [order_date] => 2026-01-22
            [project] => 58
            [department] => 2
            [total] => 721.60
            [approve_status] => 2
            [delivery_date] => 
            [delivery_status] => 1
            [number] => 611
            [expense_convert] => 0
            [id] => 568
            [company] => Misumi India Pvt Ltd.
            [project_name] => RS3-2512-3008-HMCMM-TFR INSERTION
            [department_name] => Mechanical Team
            [currency] => INR
            [items] => Array
                (
                )

        )

    [10] => Array
        (
            [pur_order_number] => WTB-00612-Jan-2026-032
            [vendor] => 32
            [order_date] => 2026-01-22
            [project] => 58
            [department] => 2
            [total] => 200.00
            [approve_status] => 2
            [delivery_date] => 
            [delivery_status] => 1
            [number] => 612
            [expense_convert] => 0
            [id] => 569
            [company] => Manglam Sales
            [project_name] => RS3-2512-3008-HMCMM-TFR INSERTION
            [department_name] => Mechanical Team
            [currency] => INR
            [items] => Array
                (
                )

        )

    [11] => Array
        (
            [pur_order_number] => WTB-00603-Jan-2026-#50 
            [vendor] => 50
            [order_date] => 2026-01-21
            [project] => 38
            [department] => 1
            [total] => 2638.10
            [approve_status] => 1
            [delivery_date] => 
            [delivery_status] => 1
            [number] => 603
            [expense_convert] => 0
            [id] => 560
            [company] => Sunrise Industrial Products
            [project_name] => RS2526-SPARE-E
            [department_name] => AUTOMATION
            [currency] => INR
            [items] => Array
                (
                )

        )

    [12] => Array
        (
            [pur_order_number] => WTB-00604-Jan-2026-008
            [vendor] => 18
            [order_date] => 2026-01-21
            [project] => 22
            [department] => 0
            [total] => 970700.00
            [approve_status] => 1
            [delivery_date] => 
            [delivery_status] => 1
            [number] => 604
            [expense_convert] => 0
            [id] => 561
            [company] => Yamazen Machinery & Tools India Private Limited
            [project_name] => RS2502-5174-1 Punch Forming, Finger Forming and Pipe Cutting  Machin
            [department_name] => 
            [currency] => INR
            [items] => Array
                (
                )

        )

    [13] => Array
        (
            [pur_order_number] => WTB-00602-Jan-2026-#045
            [vendor] => 45
            [order_date] => 2026-01-18
            [project] => 12
            [department] => 1
            [total] => 65527.70
            [approve_status] => 1
            [delivery_date] => 
            [delivery_status] => 1
            [number] => 602
            [expense_convert] => 0
            [id] => 559
            [company] => SMC Corporation (India) Pvt. Ltd.
            [project_name] => RS2526-SHIN
            [department_name] => AUTOMATION
            [currency] => INR
            [items] => Array
                (
                )

        )

    [14] => Array
        (
            [pur_order_number] => WTB-00596-Jan-2026-#096
            [vendor] => 96
            [order_date] => 2026-01-17
            [project] => 18
            [department] => 2
            [total] => 1257.00
            [approve_status] => 2
            [delivery_date] => 
            [delivery_status] => 1
            [number] => 596
            [expense_convert] => 0
            [id] => 553
            [company] => Tara Hardware And Electrical
            [project_name] => RS2504-5253-02 Elevator for Mixer
            [department_name] => Mechanical Team
            [currency] => INR
            [items] => Array
                (
                )

        )

    [15] => Array
        (
            [pur_order_number] => WTB-00597-Jan-2026-#096
            [vendor] => 96
            [order_date] => 2026-01-17
            [project] => 18
            [department] => 2
            [total] => 1755.08
            [approve_status] => 2
            [delivery_date] => 
            [delivery_status] => 1
            [number] => 597
            [expense_convert] => 0
            [id] => 554
            [company] => Tara Hardware And Electrical
            [project_name] => RS2504-5253-02 Elevator for Mixer
            [department_name] => Mechanical Team
            [currency] => INR
            [items] => Array
                (
                )

        )

    [16] => Array
        (
            [pur_order_number] => WTB-00598-Jan-2026-#096
            [vendor] => 96
            [order_date] => 2026-01-17
            [project] => 18
            [department] => 2
            [total] => 803.55
            [approve_status] => 2
            [delivery_date] => 
            [delivery_status] => 1
            [number] => 598
            [expense_convert] => 0
            [id] => 555
            [company] => Tara Hardware And Electrical
            [project_name] => RS2504-5253-02 Elevator for Mixer
            [department_name] => Mechanical Team
            [currency] => INR
            [items] => Array
                (
                )

        )

    [17] => Array
        (
            [pur_order_number] => WTB-00599-Jan-2026-#096
            [vendor] => 96
            [order_date] => 2026-01-17
            [project] => 18
            [department] => 2
            [total] => 1030.00
            [approve_status] => 2
            [delivery_date] => 
            [delivery_status] => 1
            [number] => 599
            [expense_convert] => 0
            [id] => 556
            [company] => Tara Hardware And Electrical
            [project_name] => RS2504-5253-02 Elevator for Mixer
            [department_name] => Mechanical Team
            [currency] => INR
            [items] => Array
                (
                )

        )

    [18] => Array
        (
            [pur_order_number] => WTB-00600-Jan-2026-#172
            [vendor] => 172
            [order_date] => 2026-01-17
            [project] => 18
            [department] => 2
            [total] => 3033.82
            [approve_status] => 2
            [delivery_date] => 
            [delivery_status] => 1
            [number] => 600
            [expense_convert] => 0
            [id] => 557
            [company] => SHYAM HARDWARE STORE 
            [project_name] => RS2504-5253-02 Elevator for Mixer
            [department_name] => Mechanical Team
            [currency] => INR
            [items] => Array
                (
                )

        )

    [19] => Array
        (
            [pur_order_number] => WTB-00601-Jan-2026-#180
            [vendor] => 180
            [order_date] => 2026-01-17
            [project] => 22
            [department] => 2
            [total] => 3200.00
            [approve_status] => 1
            [delivery_date] => 
            [delivery_status] => 1
            [number] => 601
            [expense_convert] => 0
            [id] => 558
            [company] => KHAZANI HYDRAULICS PRIVATED LIMITED 
            [project_name] => RS2502-5174-1 Punch Forming, Finger Forming and Pipe Cutting  Machin
            [department_name] => Mechanical Team
            [currency] => INR
            [items] => Array
                (
                )

        )

    [20] => Array
        (
            [pur_order_number] => WTB-00592-Jan-2026-005
            [vendor] => 15
            [order_date] => 2026-01-16
            [project] => 12
            [department] => 1
            [total] => 29000.00
            [approve_status] => 2
            [delivery_date] => 
            [delivery_status] => 1
            [number] => 592
            [expense_convert] => 0
            [id] => 549
            [company] => Factory Automation Private Limited
            [project_name] => RS2526-SHIN
            [department_name] => AUTOMATION
            [currency] => INR
            [items] => Array
                (
                )

        )

    [21] => Array
        (
            [pur_order_number] => WTB-00593-Jan-2026-179
            [vendor] => 179
            [order_date] => 2026-01-16
            [project] => 11
            [department] => 2
            [total] => 5212.00
            [approve_status] => 2
            [delivery_date] => 
            [delivery_status] => 1
            [number] => 593
            [expense_convert] => 0
            [id] => 550
            [company] => RAJA MOTORS
            [project_name] => RS2526-FIX-SS
            [department_name] => Mechanical Team
            [currency] => INR
            [items] => Array
                (
                )

        )

    [22] => Array
        (
            [pur_order_number] => WTB-00594-Jan-2026-#040
            [vendor] => 40
            [order_date] => 2026-01-16
            [project] => 12
            [department] => 1
            [total] => 43166.00
            [approve_status] => 2
            [delivery_date] => 
            [delivery_status] => 1
            [number] => 594
            [expense_convert] => 0
            [id] => 551
            [company] => Vashi Integrated Solutions Limited
            [project_name] => RS2526-SHIN
            [department_name] => AUTOMATION
            [currency] => INR
            [items] => Array
                (
                )

        )

    [23] => Array
        (
            [pur_order_number] => WTB-00595-Jan-2026-#040
            [vendor] => 40
            [order_date] => 2026-01-16
            [project] => 12
            [department] => 1
            [total] => 224119.40
            [approve_status] => 2
            [delivery_date] => 
            [delivery_status] => 1
            [number] => 595
            [expense_convert] => 0
            [id] => 552
            [company] => Vashi Integrated Solutions Limited
            [project_name] => RS2526-SHIN
            [department_name] => AUTOMATION
            [currency] => INR
            [items] => Array
                (
                )

        )

    [24] => Array
        (
            [pur_order_number] => WTB-00591-Jan-2026-#045
            [vendor] => 45
            [order_date] => 2026-01-15
            [project] => 12
            [department] => 2
            [total] => 2804.70
            [approve_status] => 2
            [delivery_date] => 
            [delivery_status] => 1
            [number] => 591
            [expense_convert] => 0
            [id] => 548
            [company] => SMC Corporation (India) Pvt. Ltd.
            [project_name] => RS2526-SHIN
            [department_name] => Mechanical Team
            [currency] => INR
            [items] => Array
                (
                )

        )

)

CRITICAL - 2026-01-30 05:56:03 --> 
ERROR - 2026-01-30 05:56:18 --> 
              SELECT SQL_CALC_FOUND_ROWS pur_rq_code, requester, department, request_date, project, rise_pur_request.status, rise_pur_request.id ,rise_pur_request.id,pur_rq_code,rise_team.title as department_title,first_name,last_name,rise_projects.title as project
              FROM rise_pur_request
              LEFT JOIN rise_team ON rise_team.id = rise_pur_request.department LEFT JOIN rise_users ON rise_users.id = rise_pur_request.requester LEFT JOIN rise_projects ON rise_projects.id = rise_pur_request.project
              
              
              
              ORDER BY pur_rq_code DESC
              LIMIT 0, 25
              
CRITICAL - 2026-01-30 05:56:18 --> Array
(
    [0] => Array
        (
            [pur_rq_code] => #-00449-2026
            [requester] => 15
            [department] => 2
            [request_date] => 2026-01-29 06:02:23
            [project] => RS2-2511-1033_HMM TS_Helium Leak Testing Quick Coupler
            [status] => 2
            [id] => 449
            [department_title] => Mechanical Team
            [first_name] => Ravi
            [last_name] => Saini
        )

    [1] => Array
        (
            [pur_rq_code] => #-00448-2026
            [requester] => 15
            [department] => 2
            [request_date] => 2026-01-29 05:44:14
            [project] => RS2-2511-1039_HMM TS_Door Assy Checking Poka-Yoka Fixture
            [status] => 2
            [id] => 448
            [department_title] => Mechanical Team
            [first_name] => Ravi
            [last_name] => Saini
        )

    [2] => Array
        (
            [pur_rq_code] => #-00447-2026
            [requester] => 55
            [department] => 2
            [request_date] => 2026-01-29 03:06:58
            [project] => RS2526-SPARE-E
            [status] => 2
            [id] => 447
            [department_title] => Mechanical Team
            [first_name] => Sahil
            [last_name] => Dhaka
        )

    [3] => Array
        (
            [pur_rq_code] => #-00446-2026
            [requester] => 14
            [department] => 2
            [request_date] => 2026-01-29 00:55:59
            [project] => RS1-2508-1081 Prospira Bond Test Machine
            [status] => 2
            [id] => 446
            [department_title] => Mechanical Team
            [first_name] => Sanish 
            [last_name] => Dhariwal
        )

    [4] => Array
        (
            [pur_rq_code] => #-00445-2026
            [requester] => 14
            [department] => 2
            [request_date] => 2026-01-29 00:29:40
            [project] => RS1-2508-1081 Prospira Bond Test Machine
            [status] => 1
            [id] => 445
            [department_title] => Mechanical Team
            [first_name] => Sanish 
            [last_name] => Dhariwal
        )

    [5] => Array
        (
            [pur_rq_code] => #-00444-2026
            [requester] => 55
            [department] => 2
            [request_date] => 2026-01-28 01:27:25
            [project] => RS1-2508-1081 Prospira Bond Test Machine
            [status] => 2
            [id] => 444
            [department_title] => Mechanical Team
            [first_name] => Sahil
            [last_name] => Dhaka
        )

    [6] => Array
        (
            [pur_rq_code] => #-00443-2026
            [requester] => 15
            [department] => 2
            [request_date] => 2026-01-28 00:28:22
            [project] => RS2-2511-1034_HMM TS_Main Line Fixture
            [status] => 2
            [id] => 443
            [department_title] => Mechanical Team
            [first_name] => Ravi
            [last_name] => Saini
        )

    [7] => Array
        (
            [pur_rq_code] => #-00442-2026
            [requester] => 15
            [department] => 2
            [request_date] => 2026-01-23 23:35:25
            [project] => RS2-2511-1033_HMM TS_Helium Leak Testing Quick Coupler
            [status] => 2
            [id] => 442
            [department_title] => Mechanical Team
            [first_name] => Ravi
            [last_name] => Saini
        )

    [8] => Array
        (
            [pur_rq_code] => #-00441-2026
            [requester] => 15
            [department] => 2
            [request_date] => 2026-01-23 23:21:13
            [project] => RS2-2511-1034_HMM TS_Main Line Fixture
            [status] => 2
            [id] => 441
            [department_title] => Mechanical Team
            [first_name] => Ravi
            [last_name] => Saini
        )

    [9] => Array
        (
            [pur_rq_code] => #-00440-2026
            [requester] => 9
            [department] => 2
            [request_date] => 2026-01-21 22:46:05
            [project] => RS2526-FIX-SS
            [status] => 2
            [id] => 440
            [department_title] => Mechanical Team
            [first_name] => Anand
            [last_name] => Dhariwal
        )

    [10] => Array
        (
            [pur_rq_code] => #-00439-2026
            [requester] => 11
            [department] => 1
            [request_date] => 2026-01-21 03:11:05
            [project] => RS2526-SHIN
            [status] => 2
            [id] => 439
            [department_title] => AUTOMATION
            [first_name] => Komal
            [last_name] => Yadav
        )

    [11] => Array
        (
            [pur_rq_code] => #-00438-2026
            [requester] => 11
            [department] => 1
            [request_date] => 2026-01-20 23:46:20
            [project] => RS2526-SHIN
            [status] => 2
            [id] => 438
            [department_title] => AUTOMATION
            [first_name] => Komal
            [last_name] => Yadav
        )

    [12] => Array
        (
            [pur_rq_code] => #-00437-2026
            [requester] => 55
            [department] => 2
            [request_date] => 2026-01-20 06:30:20
            [project] => RS2502-5174-1 Punch Forming, Finger Forming and Pipe Cutting  Machin
            [status] => 2
            [id] => 437
            [department_title] => Mechanical Team
            [first_name] => Sahil
            [last_name] => Dhaka
        )

    [13] => Array
        (
            [pur_rq_code] => #-00436-2026
            [requester] => 8
            [department] => 1
            [request_date] => 2026-01-20 05:23:42
            [project] => RS1-2508-1081 Prospira Bond Test Machine
            [status] => 2
            [id] => 436
            [department_title] => AUTOMATION
            [first_name] => Tikam
            [last_name] => Singh
        )

    [14] => Array
        (
            [pur_rq_code] => #-00435-2026
            [requester] => 21
            [department] => 2
            [request_date] => 2026-01-20 01:24:02
            [project] => RS3-2512-3008-HMCMM-TFR INSERTION
            [status] => 2
            [id] => 435
            [department_title] => Mechanical Team
            [first_name] => Parvesh
            [last_name] => Beniwal
        )

    [15] => Array
        (
            [pur_rq_code] => #-00434-2026
            [requester] => 21
            [department] => 0
            [request_date] => 2026-01-20 00:05:52
            [project] => RS3-2512-3008-HMCMM-TFR INSERTION
            [status] => 2
            [id] => 434
            [department_title] => 
            [first_name] => Parvesh
            [last_name] => Beniwal
        )

    [16] => Array
        (
            [pur_rq_code] => #-00433-2026
            [requester] => 21
            [department] => 2
            [request_date] => 2026-01-19 23:42:10
            [project] => RS2-2510-5324_Seat Testing Fixture
            [status] => 2
            [id] => 433
            [department_title] => Mechanical Team
            [first_name] => Parvesh
            [last_name] => Beniwal
        )

    [17] => Array
        (
            [pur_rq_code] => #-00432-2026
            [requester] => 14
            [department] => 2
            [request_date] => 2026-01-17 05:51:05
            [project] => RS2502-5174-1 Punch Forming, Finger Forming and Pipe Cutting  Machin
            [status] => 2
            [id] => 432
            [department_title] => Mechanical Team
            [first_name] => Sanish 
            [last_name] => Dhariwal
        )

    [18] => Array
        (
            [pur_rq_code] => #-00431-2026
            [requester] => 11
            [department] => 2
            [request_date] => 2026-01-17 04:47:03
            [project] => RS2526-SPARE-E
            [status] => 2
            [id] => 431
            [department_title] => Mechanical Team
            [first_name] => Komal
            [last_name] => Yadav
        )

    [19] => Array
        (
            [pur_rq_code] => #-00430-2026
            [requester] => 14
            [department] => 2
            [request_date] => 2026-01-17 04:43:11
            [project] => RS2502-5174-1 Punch Forming, Finger Forming and Pipe Cutting  Machin
            [status] => 2
            [id] => 430
            [department_title] => Mechanical Team
            [first_name] => Sanish 
            [last_name] => Dhariwal
        )

    [20] => Array
        (
            [pur_rq_code] => #-00429-2026
            [requester] => 21
            [department] => 0
            [request_date] => 2026-01-17 04:40:13
            [project] => RS2504-5253-02 Elevator for Mixer
            [status] => 2
            [id] => 429
            [department_title] => 
            [first_name] => Parvesh
            [last_name] => Beniwal
        )

    [21] => Array
        (
            [pur_rq_code] => #-00428-2026
            [requester] => 21
            [department] => 2
            [request_date] => 2026-01-17 04:32:57
            [project] => RS2504-5253-02 Elevator for Mixer
            [status] => 2
            [id] => 428
            [department_title] => Mechanical Team
            [first_name] => Parvesh
            [last_name] => Beniwal
        )

    [22] => Array
        (
            [pur_rq_code] => #-00426-2026
            [requester] => 11
            [department] => 2
            [request_date] => 2026-01-16 05:24:00
            [project] => RS2526-SHIN
            [status] => 2
            [id] => 426
            [department_title] => Mechanical Team
            [first_name] => Komal
            [last_name] => Yadav
        )

    [23] => Array
        (
            [pur_rq_code] => #-00425-2026
            [requester] => 31
            [department] => 2
            [request_date] => 2026-01-16 02:40:35
            [project] => RS2526-FIX-SS
            [status] => 2
            [id] => 425
            [department_title] => Mechanical Team
            [first_name] => Sudesh
            [last_name] => Kumar
        )

    [24] => Array
        (
            [pur_rq_code] => #-00424-2026
            [requester] => 11
            [department] => 1
            [request_date] => 2026-01-16 02:30:44
            [project] => RS2526-SHIN
            [status] => 2
            [id] => 424
            [department_title] => AUTOMATION
            [first_name] => Komal
            [last_name] => Yadav
        )

)

ERROR - 2026-01-30 05:56:21 --> 
              SELECT SQL_CALC_FOUND_ROWS pur_order_number, vendor, order_date, project, department, total, approve_status, delivery_date, delivery_status, number, expense_convert ,rise_pur_orders.id as id,company,pur_order_number,expense_convert,rise_projects.title as project_name,rise_team.title as department_name,currency
              FROM rise_pur_orders
              LEFT JOIN rise_pur_vendor ON rise_pur_vendor.userid = rise_pur_orders.vendor LEFT JOIN rise_team ON rise_team.id = rise_pur_orders.department LEFT JOIN rise_projects ON rise_projects.id = rise_pur_orders.project
              
              
              
              ORDER BY order_date DESC
              LIMIT 0, 25
              
CRITICAL - 2026-01-30 05:56:21 --> Array
(
    [0] => Array
        (
            [pur_order_number] => WTB-00620-Jan-2026-#045
            [vendor] => 45
            [order_date] => 2026-01-29
            [project] => 22
            [department] => 0
            [total] => 1386.82
            [approve_status] => 1
            [delivery_date] => 
            [delivery_status] => 1
            [number] => 620
            [expense_convert] => 0
            [id] => 577
            [company] => SMC Corporation (India) Pvt. Ltd.
            [project_name] => RS2502-5174-1 Punch Forming, Finger Forming and Pipe Cutting  Machin
            [department_name] => 
            [currency] => INR
        )

    [1] => Array
        (
            [pur_order_number] => WTB-00618-Jan-2026-#084
            [vendor] => 84
            [order_date] => 2026-01-29
            [project] => 18
            [department] => 0
            [total] => 42000.00
            [approve_status] => 1
            [delivery_date] => 
            [delivery_status] => 1
            [number] => 618
            [expense_convert] => 0
            [id] => 575
            [company] => Om Engineering Works
            [project_name] => RS2504-5253-02 Elevator for Mixer
            [department_name] => 
            [currency] => INR
        )

    [2] => Array
        (
            [pur_order_number] => WTB-00613-Jan-2026-022
            [vendor] => 22
            [order_date] => 2026-01-26
            [project] => 43
            [department] => 1
            [total] => 920.00
            [approve_status] => 2
            [delivery_date] => 
            [delivery_status] => 1
            [number] => 613
            [expense_convert] => 0
            [id] => 570
            [company] => BKN ELECTRICALS
            [project_name] => RS1-2508-1081 Prospira Bond Test Machine
            [department_name] => AUTOMATION
            [currency] => INR
        )

    [3] => Array
        (
            [pur_order_number] => WTB-00605-Jan-2026-177
            [vendor] => 177
            [order_date] => 2026-01-22
            [project] => 12
            [department] => 1
            [total] => 67500.00
            [approve_status] => 1
            [delivery_date] => 
            [delivery_status] => 1
            [number] => 605
            [expense_convert] => 0
            [id] => 562
            [company] => RETRO AUTOMATION PRIVATE LIMITED 
            [project_name] => RS2526-SHIN
            [department_name] => AUTOMATION
            [currency] => INR
        )

    [4] => Array
        (
            [pur_order_number] => WTB-00606-Jan-2026-#110
            [vendor] => 110
            [order_date] => 2026-01-22
            [project] => 11
            [department] => 2
            [total] => 76347.00
            [approve_status] => 1
            [delivery_date] => 
            [delivery_status] => 1
            [number] => 606
            [expense_convert] => 0
            [id] => 563
            [company] => RAJASTHAN HARDWARE
            [project_name] => RS2526-FIX-SS
            [department_name] => Mechanical Team
            [currency] => INR
        )

    [5] => Array
        (
            [pur_order_number] => WTB-00607-Jan-2026-#110
            [vendor] => 110
            [order_date] => 2026-01-22
            [project] => 11
            [department] => 2
            [total] => 77830.00
            [approve_status] => 1
            [delivery_date] => 
            [delivery_status] => 1
            [number] => 607
            [expense_convert] => 0
            [id] => 564
            [company] => RAJASTHAN HARDWARE
            [project_name] => RS2526-FIX-SS
            [department_name] => Mechanical Team
            [currency] => INR
        )

    [6] => Array
        (
            [pur_order_number] => WTB-00608-Jan-2026-#110
            [vendor] => 110
            [order_date] => 2026-01-22
            [project] => 11
            [department] => 2
            [total] => 48775.00
            [approve_status] => 1
            [delivery_date] => 
            [delivery_status] => 1
            [number] => 608
            [expense_convert] => 0
            [id] => 565
            [company] => RAJASTHAN HARDWARE
            [project_name] => RS2526-FIX-SS
            [department_name] => Mechanical Team
            [currency] => INR
        )

    [7] => Array
        (
            [pur_order_number] => WTB-00609-Jan-2026-#180
            [vendor] => 180
            [order_date] => 2026-01-22
            [project] => 22
            [department] => 2
            [total] => 600.00
            [approve_status] => 1
            [delivery_date] => 
            [delivery_status] => 1
            [number] => 609
            [expense_convert] => 0
            [id] => 566
            [company] => KHAZANI HYDRAULICS PRIVATED LIMITED 
            [project_name] => RS2502-5174-1 Punch Forming, Finger Forming and Pipe Cutting  Machin
            [department_name] => Mechanical Team
            [currency] => INR
        )

    [8] => Array
        (
            [pur_order_number] => WTB-00610-Jan-2026-#075
            [vendor] => 75
            [order_date] => 2026-01-22
            [project] => 12
            [department] => 1
            [total] => 320660.28
            [approve_status] => 1
            [delivery_date] => 
            [delivery_status] => 1
            [number] => 610
            [expense_convert] => 0
            [id] => 567
            [company] => Jindal Electric & Hardware
            [project_name] => RS2526-SHIN
            [department_name] => AUTOMATION
            [currency] => INR
        )

    [9] => Array
        (
            [pur_order_number] => WTB-00611-Jan-2026-003
            [vendor] => 13
            [order_date] => 2026-01-22
            [project] => 58
            [department] => 2
            [total] => 721.60
            [approve_status] => 2
            [delivery_date] => 
            [delivery_status] => 1
            [number] => 611
            [expense_convert] => 0
            [id] => 568
            [company] => Misumi India Pvt Ltd.
            [project_name] => RS3-2512-3008-HMCMM-TFR INSERTION
            [department_name] => Mechanical Team
            [currency] => INR
        )

    [10] => Array
        (
            [pur_order_number] => WTB-00612-Jan-2026-032
            [vendor] => 32
            [order_date] => 2026-01-22
            [project] => 58
            [department] => 2
            [total] => 200.00
            [approve_status] => 2
            [delivery_date] => 
            [delivery_status] => 1
            [number] => 612
            [expense_convert] => 0
            [id] => 569
            [company] => Manglam Sales
            [project_name] => RS3-2512-3008-HMCMM-TFR INSERTION
            [department_name] => Mechanical Team
            [currency] => INR
        )

    [11] => Array
        (
            [pur_order_number] => WTB-00603-Jan-2026-#50 
            [vendor] => 50
            [order_date] => 2026-01-21
            [project] => 38
            [department] => 1
            [total] => 2638.10
            [approve_status] => 1
            [delivery_date] => 
            [delivery_status] => 1
            [number] => 603
            [expense_convert] => 0
            [id] => 560
            [company] => Sunrise Industrial Products
            [project_name] => RS2526-SPARE-E
            [department_name] => AUTOMATION
            [currency] => INR
        )

    [12] => Array
        (
            [pur_order_number] => WTB-00604-Jan-2026-008
            [vendor] => 18
            [order_date] => 2026-01-21
            [project] => 22
            [department] => 0
            [total] => 970700.00
            [approve_status] => 1
            [delivery_date] => 
            [delivery_status] => 1
            [number] => 604
            [expense_convert] => 0
            [id] => 561
            [company] => Yamazen Machinery & Tools India Private Limited
            [project_name] => RS2502-5174-1 Punch Forming, Finger Forming and Pipe Cutting  Machin
            [department_name] => 
            [currency] => INR
        )

    [13] => Array
        (
            [pur_order_number] => WTB-00602-Jan-2026-#045
            [vendor] => 45
            [order_date] => 2026-01-18
            [project] => 12
            [department] => 1
            [total] => 65527.70
            [approve_status] => 1
            [delivery_date] => 
            [delivery_status] => 1
            [number] => 602
            [expense_convert] => 0
            [id] => 559
            [company] => SMC Corporation (India) Pvt. Ltd.
            [project_name] => RS2526-SHIN
            [department_name] => AUTOMATION
            [currency] => INR
        )

    [14] => Array
        (
            [pur_order_number] => WTB-00596-Jan-2026-#096
            [vendor] => 96
            [order_date] => 2026-01-17
            [project] => 18
            [department] => 2
            [total] => 1257.00
            [approve_status] => 2
            [delivery_date] => 
            [delivery_status] => 1
            [number] => 596
            [expense_convert] => 0
            [id] => 553
            [company] => Tara Hardware And Electrical
            [project_name] => RS2504-5253-02 Elevator for Mixer
            [department_name] => Mechanical Team
            [currency] => INR
        )

    [15] => Array
        (
            [pur_order_number] => WTB-00597-Jan-2026-#096
            [vendor] => 96
            [order_date] => 2026-01-17
            [project] => 18
            [department] => 2
            [total] => 1755.08
            [approve_status] => 2
            [delivery_date] => 
            [delivery_status] => 1
            [number] => 597
            [expense_convert] => 0
            [id] => 554
            [company] => Tara Hardware And Electrical
            [project_name] => RS2504-5253-02 Elevator for Mixer
            [department_name] => Mechanical Team
            [currency] => INR
        )

    [16] => Array
        (
            [pur_order_number] => WTB-00598-Jan-2026-#096
            [vendor] => 96
            [order_date] => 2026-01-17
            [project] => 18
            [department] => 2
            [total] => 803.55
            [approve_status] => 2
            [delivery_date] => 
            [delivery_status] => 1
            [number] => 598
            [expense_convert] => 0
            [id] => 555
            [company] => Tara Hardware And Electrical
            [project_name] => RS2504-5253-02 Elevator for Mixer
            [department_name] => Mechanical Team
            [currency] => INR
        )

    [17] => Array
        (
            [pur_order_number] => WTB-00599-Jan-2026-#096
            [vendor] => 96
            [order_date] => 2026-01-17
            [project] => 18
            [department] => 2
            [total] => 1030.00
            [approve_status] => 2
            [delivery_date] => 
            [delivery_status] => 1
            [number] => 599
            [expense_convert] => 0
            [id] => 556
            [company] => Tara Hardware And Electrical
            [project_name] => RS2504-5253-02 Elevator for Mixer
            [department_name] => Mechanical Team
            [currency] => INR
        )

    [18] => Array
        (
            [pur_order_number] => WTB-00600-Jan-2026-#172
            [vendor] => 172
            [order_date] => 2026-01-17
            [project] => 18
            [department] => 2
            [total] => 3033.82
            [approve_status] => 2
            [delivery_date] => 
            [delivery_status] => 1
            [number] => 600
            [expense_convert] => 0
            [id] => 557
            [company] => SHYAM HARDWARE STORE 
            [project_name] => RS2504-5253-02 Elevator for Mixer
            [department_name] => Mechanical Team
            [currency] => INR
        )

    [19] => Array
        (
            [pur_order_number] => WTB-00601-Jan-2026-#180
            [vendor] => 180
            [order_date] => 2026-01-17
            [project] => 22
            [department] => 2
            [total] => 3200.00
            [approve_status] => 1
            [delivery_date] => 
            [delivery_status] => 1
            [number] => 601
            [expense_convert] => 0
            [id] => 558
            [company] => KHAZANI HYDRAULICS PRIVATED LIMITED 
            [project_name] => RS2502-5174-1 Punch Forming, Finger Forming and Pipe Cutting  Machin
            [department_name] => Mechanical Team
            [currency] => INR
        )

    [20] => Array
        (
            [pur_order_number] => WTB-00592-Jan-2026-005
            [vendor] => 15
            [order_date] => 2026-01-16
            [project] => 12
            [department] => 1
            [total] => 29000.00
            [approve_status] => 2
            [delivery_date] => 
            [delivery_status] => 1
            [number] => 592
            [expense_convert] => 0
            [id] => 549
            [company] => Factory Automation Private Limited
            [project_name] => RS2526-SHIN
            [department_name] => AUTOMATION
            [currency] => INR
        )

    [21] => Array
        (
            [pur_order_number] => WTB-00593-Jan-2026-179
            [vendor] => 179
            [order_date] => 2026-01-16
            [project] => 11
            [department] => 2
            [total] => 5212.00
            [approve_status] => 2
            [delivery_date] => 
            [delivery_status] => 1
            [number] => 593
            [expense_convert] => 0
            [id] => 550
            [company] => RAJA MOTORS
            [project_name] => RS2526-FIX-SS
            [department_name] => Mechanical Team
            [currency] => INR
        )

    [22] => Array
        (
            [pur_order_number] => WTB-00594-Jan-2026-#040
            [vendor] => 40
            [order_date] => 2026-01-16
            [project] => 12
            [department] => 1
            [total] => 43166.00
            [approve_status] => 2
            [delivery_date] => 
            [delivery_status] => 1
            [number] => 594
            [expense_convert] => 0
            [id] => 551
            [company] => Vashi Integrated Solutions Limited
            [project_name] => RS2526-SHIN
            [department_name] => AUTOMATION
            [currency] => INR
        )

    [23] => Array
        (
            [pur_order_number] => WTB-00595-Jan-2026-#040
            [vendor] => 40
            [order_date] => 2026-01-16
            [project] => 12
            [department] => 1
            [total] => 224119.40
            [approve_status] => 2
            [delivery_date] => 
            [delivery_status] => 1
            [number] => 595
            [expense_convert] => 0
            [id] => 552
            [company] => Vashi Integrated Solutions Limited
            [project_name] => RS2526-SHIN
            [department_name] => AUTOMATION
            [currency] => INR
        )

    [24] => Array
        (
            [pur_order_number] => WTB-00591-Jan-2026-#045
            [vendor] => 45
            [order_date] => 2026-01-15
            [project] => 12
            [department] => 2
            [total] => 2804.70
            [approve_status] => 2
            [delivery_date] => 
            [delivery_status] => 1
            [number] => 591
            [expense_convert] => 0
            [id] => 548
            [company] => SMC Corporation (India) Pvt. Ltd.
            [project_name] => RS2526-SHIN
            [department_name] => Mechanical Team
            [currency] => INR
        )

)

CRITICAL - 2026-01-30 05:56:21 --> Array
(
    [0] => Array
        (
            [pur_order_number] => WTB-00620-Jan-2026-#045
            [vendor] => 45
            [order_date] => 2026-01-29
            [project] => 22
            [department] => 0
            [total] => 1386.82
            [approve_status] => 1
            [delivery_date] => 
            [delivery_status] => 1
            [number] => 620
            [expense_convert] => 0
            [id] => 577
            [company] => SMC Corporation (India) Pvt. Ltd.
            [project_name] => RS2502-5174-1 Punch Forming, Finger Forming and Pipe Cutting  Machin
            [department_name] => 
            [currency] => INR
            [items] => Array
                (
                )

        )

    [1] => Array
        (
            [pur_order_number] => WTB-00618-Jan-2026-#084
            [vendor] => 84
            [order_date] => 2026-01-29
            [project] => 18
            [department] => 0
            [total] => 42000.00
            [approve_status] => 1
            [delivery_date] => 
            [delivery_status] => 1
            [number] => 618
            [expense_convert] => 0
            [id] => 575
            [company] => Om Engineering Works
            [project_name] => RS2504-5253-02 Elevator for Mixer
            [department_name] => 
            [currency] => INR
            [items] => Array
                (
                )

        )

    [2] => Array
        (
            [pur_order_number] => WTB-00613-Jan-2026-022
            [vendor] => 22
            [order_date] => 2026-01-26
            [project] => 43
            [department] => 1
            [total] => 920.00
            [approve_status] => 2
            [delivery_date] => 
            [delivery_status] => 1
            [number] => 613
            [expense_convert] => 0
            [id] => 570
            [company] => BKN ELECTRICALS
            [project_name] => RS1-2508-1081 Prospira Bond Test Machine
            [department_name] => AUTOMATION
            [currency] => INR
            [items] => Array
                (
                )

        )

    [3] => Array
        (
            [pur_order_number] => WTB-00605-Jan-2026-177
            [vendor] => 177
            [order_date] => 2026-01-22
            [project] => 12
            [department] => 1
            [total] => 67500.00
            [approve_status] => 1
            [delivery_date] => 
            [delivery_status] => 1
            [number] => 605
            [expense_convert] => 0
            [id] => 562
            [company] => RETRO AUTOMATION PRIVATE LIMITED 
            [project_name] => RS2526-SHIN
            [department_name] => AUTOMATION
            [currency] => INR
            [items] => Array
                (
                )

        )

    [4] => Array
        (
            [pur_order_number] => WTB-00606-Jan-2026-#110
            [vendor] => 110
            [order_date] => 2026-01-22
            [project] => 11
            [department] => 2
            [total] => 76347.00
            [approve_status] => 1
            [delivery_date] => 
            [delivery_status] => 1
            [number] => 606
            [expense_convert] => 0
            [id] => 563
            [company] => RAJASTHAN HARDWARE
            [project_name] => RS2526-FIX-SS
            [department_name] => Mechanical Team
            [currency] => INR
            [items] => Array
                (
                )

        )

    [5] => Array
        (
            [pur_order_number] => WTB-00607-Jan-2026-#110
            [vendor] => 110
            [order_date] => 2026-01-22
            [project] => 11
            [department] => 2
            [total] => 77830.00
            [approve_status] => 1
            [delivery_date] => 
            [delivery_status] => 1
            [number] => 607
            [expense_convert] => 0
            [id] => 564
            [company] => RAJASTHAN HARDWARE
            [project_name] => RS2526-FIX-SS
            [department_name] => Mechanical Team
            [currency] => INR
            [items] => Array
                (
                )

        )

    [6] => Array
        (
            [pur_order_number] => WTB-00608-Jan-2026-#110
            [vendor] => 110
            [order_date] => 2026-01-22
            [project] => 11
            [department] => 2
            [total] => 48775.00
            [approve_status] => 1
            [delivery_date] => 
            [delivery_status] => 1
            [number] => 608
            [expense_convert] => 0
            [id] => 565
            [company] => RAJASTHAN HARDWARE
            [project_name] => RS2526-FIX-SS
            [department_name] => Mechanical Team
            [currency] => INR
            [items] => Array
                (
                )

        )

    [7] => Array
        (
            [pur_order_number] => WTB-00609-Jan-2026-#180
            [vendor] => 180
            [order_date] => 2026-01-22
            [project] => 22
            [department] => 2
            [total] => 600.00
            [approve_status] => 1
            [delivery_date] => 
            [delivery_status] => 1
            [number] => 609
            [expense_convert] => 0
            [id] => 566
            [company] => KHAZANI HYDRAULICS PRIVATED LIMITED 
            [project_name] => RS2502-5174-1 Punch Forming, Finger Forming and Pipe Cutting  Machin
            [department_name] => Mechanical Team
            [currency] => INR
            [items] => Array
                (
                )

        )

    [8] => Array
        (
            [pur_order_number] => WTB-00610-Jan-2026-#075
            [vendor] => 75
            [order_date] => 2026-01-22
            [project] => 12
            [department] => 1
            [total] => 320660.28
            [approve_status] => 1
            [delivery_date] => 
            [delivery_status] => 1
            [number] => 610
            [expense_convert] => 0
            [id] => 567
            [company] => Jindal Electric & Hardware
            [project_name] => RS2526-SHIN
            [department_name] => AUTOMATION
            [currency] => INR
            [items] => Array
                (
                )

        )

    [9] => Array
        (
            [pur_order_number] => WTB-00611-Jan-2026-003
            [vendor] => 13
            [order_date] => 2026-01-22
            [project] => 58
            [department] => 2
            [total] => 721.60
            [approve_status] => 2
            [delivery_date] => 
            [delivery_status] => 1
            [number] => 611
            [expense_convert] => 0
            [id] => 568
            [company] => Misumi India Pvt Ltd.
            [project_name] => RS3-2512-3008-HMCMM-TFR INSERTION
            [department_name] => Mechanical Team
            [currency] => INR
            [items] => Array
                (
                )

        )

    [10] => Array
        (
            [pur_order_number] => WTB-00612-Jan-2026-032
            [vendor] => 32
            [order_date] => 2026-01-22
            [project] => 58
            [department] => 2
            [total] => 200.00
            [approve_status] => 2
            [delivery_date] => 
            [delivery_status] => 1
            [number] => 612
            [expense_convert] => 0
            [id] => 569
            [company] => Manglam Sales
            [project_name] => RS3-2512-3008-HMCMM-TFR INSERTION
            [department_name] => Mechanical Team
            [currency] => INR
            [items] => Array
                (
                )

        )

    [11] => Array
        (
            [pur_order_number] => WTB-00603-Jan-2026-#50 
            [vendor] => 50
            [order_date] => 2026-01-21
            [project] => 38
            [department] => 1
            [total] => 2638.10
            [approve_status] => 1
            [delivery_date] => 
            [delivery_status] => 1
            [number] => 603
            [expense_convert] => 0
            [id] => 560
            [company] => Sunrise Industrial Products
            [project_name] => RS2526-SPARE-E
            [department_name] => AUTOMATION
            [currency] => INR
            [items] => Array
                (
                )

        )

    [12] => Array
        (
            [pur_order_number] => WTB-00604-Jan-2026-008
            [vendor] => 18
            [order_date] => 2026-01-21
            [project] => 22
            [department] => 0
            [total] => 970700.00
            [approve_status] => 1
            [delivery_date] => 
            [delivery_status] => 1
            [number] => 604
            [expense_convert] => 0
            [id] => 561
            [company] => Yamazen Machinery & Tools India Private Limited
            [project_name] => RS2502-5174-1 Punch Forming, Finger Forming and Pipe Cutting  Machin
            [department_name] => 
            [currency] => INR
            [items] => Array
                (
                )

        )

    [13] => Array
        (
            [pur_order_number] => WTB-00602-Jan-2026-#045
            [vendor] => 45
            [order_date] => 2026-01-18
            [project] => 12
            [department] => 1
            [total] => 65527.70
            [approve_status] => 1
            [delivery_date] => 
            [delivery_status] => 1
            [number] => 602
            [expense_convert] => 0
            [id] => 559
            [company] => SMC Corporation (India) Pvt. Ltd.
            [project_name] => RS2526-SHIN
            [department_name] => AUTOMATION
            [currency] => INR
            [items] => Array
                (
                )

        )

    [14] => Array
        (
            [pur_order_number] => WTB-00596-Jan-2026-#096
            [vendor] => 96
            [order_date] => 2026-01-17
            [project] => 18
            [department] => 2
            [total] => 1257.00
            [approve_status] => 2
            [delivery_date] => 
            [delivery_status] => 1
            [number] => 596
            [expense_convert] => 0
            [id] => 553
            [company] => Tara Hardware And Electrical
            [project_name] => RS2504-5253-02 Elevator for Mixer
            [department_name] => Mechanical Team
            [currency] => INR
            [items] => Array
                (
                )

        )

    [15] => Array
        (
            [pur_order_number] => WTB-00597-Jan-2026-#096
            [vendor] => 96
            [order_date] => 2026-01-17
            [project] => 18
            [department] => 2
            [total] => 1755.08
            [approve_status] => 2
            [delivery_date] => 
            [delivery_status] => 1
            [number] => 597
            [expense_convert] => 0
            [id] => 554
            [company] => Tara Hardware And Electrical
            [project_name] => RS2504-5253-02 Elevator for Mixer
            [department_name] => Mechanical Team
            [currency] => INR
            [items] => Array
                (
                )

        )

    [16] => Array
        (
            [pur_order_number] => WTB-00598-Jan-2026-#096
            [vendor] => 96
            [order_date] => 2026-01-17
            [project] => 18
            [department] => 2
            [total] => 803.55
            [approve_status] => 2
            [delivery_date] => 
            [delivery_status] => 1
            [number] => 598
            [expense_convert] => 0
            [id] => 555
            [company] => Tara Hardware And Electrical
            [project_name] => RS2504-5253-02 Elevator for Mixer
            [department_name] => Mechanical Team
            [currency] => INR
            [items] => Array
                (
                )

        )

    [17] => Array
        (
            [pur_order_number] => WTB-00599-Jan-2026-#096
            [vendor] => 96
            [order_date] => 2026-01-17
            [project] => 18
            [department] => 2
            [total] => 1030.00
            [approve_status] => 2
            [delivery_date] => 
            [delivery_status] => 1
            [number] => 599
            [expense_convert] => 0
            [id] => 556
            [company] => Tara Hardware And Electrical
            [project_name] => RS2504-5253-02 Elevator for Mixer
            [department_name] => Mechanical Team
            [currency] => INR
            [items] => Array
                (
                )

        )

    [18] => Array
        (
            [pur_order_number] => WTB-00600-Jan-2026-#172
            [vendor] => 172
            [order_date] => 2026-01-17
            [project] => 18
            [department] => 2
            [total] => 3033.82
            [approve_status] => 2
            [delivery_date] => 
            [delivery_status] => 1
            [number] => 600
            [expense_convert] => 0
            [id] => 557
            [company] => SHYAM HARDWARE STORE 
            [project_name] => RS2504-5253-02 Elevator for Mixer
            [department_name] => Mechanical Team
            [currency] => INR
            [items] => Array
                (
                )

        )

    [19] => Array
        (
            [pur_order_number] => WTB-00601-Jan-2026-#180
            [vendor] => 180
            [order_date] => 2026-01-17
            [project] => 22
            [department] => 2
            [total] => 3200.00
            [approve_status] => 1
            [delivery_date] => 
            [delivery_status] => 1
            [number] => 601
            [expense_convert] => 0
            [id] => 558
            [company] => KHAZANI HYDRAULICS PRIVATED LIMITED 
            [project_name] => RS2502-5174-1 Punch Forming, Finger Forming and Pipe Cutting  Machin
            [department_name] => Mechanical Team
            [currency] => INR
            [items] => Array
                (
                )

        )

    [20] => Array
        (
            [pur_order_number] => WTB-00592-Jan-2026-005
            [vendor] => 15
            [order_date] => 2026-01-16
            [project] => 12
            [department] => 1
            [total] => 29000.00
            [approve_status] => 2
            [delivery_date] => 
            [delivery_status] => 1
            [number] => 592
            [expense_convert] => 0
            [id] => 549
            [company] => Factory Automation Private Limited
            [project_name] => RS2526-SHIN
            [department_name] => AUTOMATION
            [currency] => INR
            [items] => Array
                (
                )

        )

    [21] => Array
        (
            [pur_order_number] => WTB-00593-Jan-2026-179
            [vendor] => 179
            [order_date] => 2026-01-16
            [project] => 11
            [department] => 2
            [total] => 5212.00
            [approve_status] => 2
            [delivery_date] => 
            [delivery_status] => 1
            [number] => 593
            [expense_convert] => 0
            [id] => 550
            [company] => RAJA MOTORS
            [project_name] => RS2526-FIX-SS
            [department_name] => Mechanical Team
            [currency] => INR
            [items] => Array
                (
                )

        )

    [22] => Array
        (
            [pur_order_number] => WTB-00594-Jan-2026-#040
            [vendor] => 40
            [order_date] => 2026-01-16
            [project] => 12
            [department] => 1
            [total] => 43166.00
            [approve_status] => 2
            [delivery_date] => 
            [delivery_status] => 1
            [number] => 594
            [expense_convert] => 0
            [id] => 551
            [company] => Vashi Integrated Solutions Limited
            [project_name] => RS2526-SHIN
            [department_name] => AUTOMATION
            [currency] => INR
            [items] => Array
                (
                )

        )

    [23] => Array
        (
            [pur_order_number] => WTB-00595-Jan-2026-#040
            [vendor] => 40
            [order_date] => 2026-01-16
            [project] => 12
            [department] => 1
            [total] => 224119.40
            [approve_status] => 2
            [delivery_date] => 
            [delivery_status] => 1
            [number] => 595
            [expense_convert] => 0
            [id] => 552
            [company] => Vashi Integrated Solutions Limited
            [project_name] => RS2526-SHIN
            [department_name] => AUTOMATION
            [currency] => INR
            [items] => Array
                (
                )

        )

    [24] => Array
        (
            [pur_order_number] => WTB-00591-Jan-2026-#045
            [vendor] => 45
            [order_date] => 2026-01-15
            [project] => 12
            [department] => 2
            [total] => 2804.70
            [approve_status] => 2
            [delivery_date] => 
            [delivery_status] => 1
            [number] => 591
            [expense_convert] => 0
            [id] => 548
            [company] => SMC Corporation (India) Pvt. Ltd.
            [project_name] => RS2526-SHIN
            [department_name] => Mechanical Team
            [currency] => INR
            [items] => Array
                (
                )

        )

)

CRITICAL - 2026-01-30 05:56:30 --> 
CRITICAL - 2026-01-30 05:56:30 --> 
CRITICAL - 2026-01-30 05:57:39 --> Undefined array key "currency"
in FCPATH/plugins/Purchase/Models/Purchase_model.php on line 5503.
 1 FCPATH/plugins/Purchase/Models/Purchase_model.php(5503): CodeIgniter\Debug\Exceptions->errorHandler()
 2 FCPATH/plugins/Purchase/Controllers/Purchase.php(3666): Purchase\Models\Purchase_model->add_pur_order()
 3 SYSTEMPATH/CodeIgniter.php(898): Purchase\Controllers\Purchase->pur_order()
 4 SYSTEMPATH/CodeIgniter.php(468): CodeIgniter\CodeIgniter->runController()
 5 SYSTEMPATH/CodeIgniter.php(351): CodeIgniter\CodeIgniter->handleRequest()
 6 FCPATH/index.php(84): CodeIgniter\CodeIgniter->run()
ERROR - 2026-01-30 22:14:41 --> 
              SELECT SQL_CALC_FOUND_ROWS pur_rq_code, requester, department, request_date, project, rise_pur_request.status, rise_pur_request.id ,rise_pur_request.id,pur_rq_code,rise_team.title as department_title,first_name,last_name,rise_projects.title as project
              FROM rise_pur_request
              LEFT JOIN rise_team ON rise_team.id = rise_pur_request.department LEFT JOIN rise_users ON rise_users.id = rise_pur_request.requester LEFT JOIN rise_projects ON rise_projects.id = rise_pur_request.project
              
              
              
              ORDER BY pur_rq_code DESC
              LIMIT 0, 25
              
CRITICAL - 2026-01-30 22:14:41 --> Array
(
    [0] => Array
        (
            [pur_rq_code] => #-00449-2026
            [requester] => 15
            [department] => 2
            [request_date] => 2026-01-29 06:02:23
            [project] => RS2-2511-1033_HMM TS_Helium Leak Testing Quick Coupler
            [status] => 2
            [id] => 449
            [department_title] => Mechanical Team
            [first_name] => Ravi
            [last_name] => Saini
        )

    [1] => Array
        (
            [pur_rq_code] => #-00448-2026
            [requester] => 15
            [department] => 2
            [request_date] => 2026-01-29 05:44:14
            [project] => RS2-2511-1039_HMM TS_Door Assy Checking Poka-Yoka Fixture
            [status] => 2
            [id] => 448
            [department_title] => Mechanical Team
            [first_name] => Ravi
            [last_name] => Saini
        )

    [2] => Array
        (
            [pur_rq_code] => #-00447-2026
            [requester] => 55
            [department] => 2
            [request_date] => 2026-01-29 03:06:58
            [project] => RS2526-SPARE-E
            [status] => 2
            [id] => 447
            [department_title] => Mechanical Team
            [first_name] => Sahil
            [last_name] => Dhaka
        )

    [3] => Array
        (
            [pur_rq_code] => #-00446-2026
            [requester] => 14
            [department] => 2
            [request_date] => 2026-01-29 00:55:59
            [project] => RS1-2508-1081 Prospira Bond Test Machine
            [status] => 2
            [id] => 446
            [department_title] => Mechanical Team
            [first_name] => Sanish 
            [last_name] => Dhariwal
        )

    [4] => Array
        (
            [pur_rq_code] => #-00445-2026
            [requester] => 14
            [department] => 2
            [request_date] => 2026-01-29 00:29:40
            [project] => RS1-2508-1081 Prospira Bond Test Machine
            [status] => 1
            [id] => 445
            [department_title] => Mechanical Team
            [first_name] => Sanish 
            [last_name] => Dhariwal
        )

    [5] => Array
        (
            [pur_rq_code] => #-00444-2026
            [requester] => 55
            [department] => 2
            [request_date] => 2026-01-28 01:27:25
            [project] => RS1-2508-1081 Prospira Bond Test Machine
            [status] => 2
            [id] => 444
            [department_title] => Mechanical Team
            [first_name] => Sahil
            [last_name] => Dhaka
        )

    [6] => Array
        (
            [pur_rq_code] => #-00443-2026
            [requester] => 15
            [department] => 2
            [request_date] => 2026-01-28 00:28:22
            [project] => RS2-2511-1034_HMM TS_Main Line Fixture
            [status] => 2
            [id] => 443
            [department_title] => Mechanical Team
            [first_name] => Ravi
            [last_name] => Saini
        )

    [7] => Array
        (
            [pur_rq_code] => #-00442-2026
            [requester] => 15
            [department] => 2
            [request_date] => 2026-01-23 23:35:25
            [project] => RS2-2511-1033_HMM TS_Helium Leak Testing Quick Coupler
            [status] => 2
            [id] => 442
            [department_title] => Mechanical Team
            [first_name] => Ravi
            [last_name] => Saini
        )

    [8] => Array
        (
            [pur_rq_code] => #-00441-2026
            [requester] => 15
            [department] => 2
            [request_date] => 2026-01-23 23:21:13
            [project] => RS2-2511-1034_HMM TS_Main Line Fixture
            [status] => 2
            [id] => 441
            [department_title] => Mechanical Team
            [first_name] => Ravi
            [last_name] => Saini
        )

    [9] => Array
        (
            [pur_rq_code] => #-00440-2026
            [requester] => 9
            [department] => 2
            [request_date] => 2026-01-21 22:46:05
            [project] => RS2526-FIX-SS
            [status] => 2
            [id] => 440
            [department_title] => Mechanical Team
            [first_name] => Anand
            [last_name] => Dhariwal
        )

    [10] => Array
        (
            [pur_rq_code] => #-00439-2026
            [requester] => 11
            [department] => 1
            [request_date] => 2026-01-21 03:11:05
            [project] => RS2526-SHIN
            [status] => 2
            [id] => 439
            [department_title] => AUTOMATION
            [first_name] => Komal
            [last_name] => Yadav
        )

    [11] => Array
        (
            [pur_rq_code] => #-00438-2026
            [requester] => 11
            [department] => 1
            [request_date] => 2026-01-20 23:46:20
            [project] => RS2526-SHIN
            [status] => 2
            [id] => 438
            [department_title] => AUTOMATION
            [first_name] => Komal
            [last_name] => Yadav
        )

    [12] => Array
        (
            [pur_rq_code] => #-00437-2026
            [requester] => 55
            [department] => 2
            [request_date] => 2026-01-20 06:30:20
            [project] => RS2502-5174-1 Punch Forming, Finger Forming and Pipe Cutting  Machin
            [status] => 2
            [id] => 437
            [department_title] => Mechanical Team
            [first_name] => Sahil
            [last_name] => Dhaka
        )

    [13] => Array
        (
            [pur_rq_code] => #-00436-2026
            [requester] => 8
            [department] => 1
            [request_date] => 2026-01-20 05:23:42
            [project] => RS1-2508-1081 Prospira Bond Test Machine
            [status] => 2
            [id] => 436
            [department_title] => AUTOMATION
            [first_name] => Tikam
            [last_name] => Singh
        )

    [14] => Array
        (
            [pur_rq_code] => #-00435-2026
            [requester] => 21
            [department] => 2
            [request_date] => 2026-01-20 01:24:02
            [project] => RS3-2512-3008-HMCMM-TFR INSERTION
            [status] => 2
            [id] => 435
            [department_title] => Mechanical Team
            [first_name] => Parvesh
            [last_name] => Beniwal
        )

    [15] => Array
        (
            [pur_rq_code] => #-00434-2026
            [requester] => 21
            [department] => 0
            [request_date] => 2026-01-20 00:05:52
            [project] => RS3-2512-3008-HMCMM-TFR INSERTION
            [status] => 2
            [id] => 434
            [department_title] => 
            [first_name] => Parvesh
            [last_name] => Beniwal
        )

    [16] => Array
        (
            [pur_rq_code] => #-00433-2026
            [requester] => 21
            [department] => 2
            [request_date] => 2026-01-19 23:42:10
            [project] => RS2-2510-5324_Seat Testing Fixture
            [status] => 2
            [id] => 433
            [department_title] => Mechanical Team
            [first_name] => Parvesh
            [last_name] => Beniwal
        )

    [17] => Array
        (
            [pur_rq_code] => #-00432-2026
            [requester] => 14
            [department] => 2
            [request_date] => 2026-01-17 05:51:05
            [project] => RS2502-5174-1 Punch Forming, Finger Forming and Pipe Cutting  Machin
            [status] => 2
            [id] => 432
            [department_title] => Mechanical Team
            [first_name] => Sanish 
            [last_name] => Dhariwal
        )

    [18] => Array
        (
            [pur_rq_code] => #-00431-2026
            [requester] => 11
            [department] => 2
            [request_date] => 2026-01-17 04:47:03
            [project] => RS2526-SPARE-E
            [status] => 2
            [id] => 431
            [department_title] => Mechanical Team
            [first_name] => Komal
            [last_name] => Yadav
        )

    [19] => Array
        (
            [pur_rq_code] => #-00430-2026
            [requester] => 14
            [department] => 2
            [request_date] => 2026-01-17 04:43:11
            [project] => RS2502-5174-1 Punch Forming, Finger Forming and Pipe Cutting  Machin
            [status] => 2
            [id] => 430
            [department_title] => Mechanical Team
            [first_name] => Sanish 
            [last_name] => Dhariwal
        )

    [20] => Array
        (
            [pur_rq_code] => #-00429-2026
            [requester] => 21
            [department] => 0
            [request_date] => 2026-01-17 04:40:13
            [project] => RS2504-5253-02 Elevator for Mixer
            [status] => 2
            [id] => 429
            [department_title] => 
            [first_name] => Parvesh
            [last_name] => Beniwal
        )

    [21] => Array
        (
            [pur_rq_code] => #-00428-2026
            [requester] => 21
            [department] => 2
            [request_date] => 2026-01-17 04:32:57
            [project] => RS2504-5253-02 Elevator for Mixer
            [status] => 2
            [id] => 428
            [department_title] => Mechanical Team
            [first_name] => Parvesh
            [last_name] => Beniwal
        )

    [22] => Array
        (
            [pur_rq_code] => #-00426-2026
            [requester] => 11
            [department] => 2
            [request_date] => 2026-01-16 05:24:00
            [project] => RS2526-SHIN
            [status] => 2
            [id] => 426
            [department_title] => Mechanical Team
            [first_name] => Komal
            [last_name] => Yadav
        )

    [23] => Array
        (
            [pur_rq_code] => #-00425-2026
            [requester] => 31
            [department] => 2
            [request_date] => 2026-01-16 02:40:35
            [project] => RS2526-FIX-SS
            [status] => 2
            [id] => 425
            [department_title] => Mechanical Team
            [first_name] => Sudesh
            [last_name] => Kumar
        )

    [24] => Array
        (
            [pur_rq_code] => #-00424-2026
            [requester] => 11
            [department] => 1
            [request_date] => 2026-01-16 02:30:44
            [project] => RS2526-SHIN
            [status] => 2
            [id] => 424
            [department_title] => AUTOMATION
            [first_name] => Komal
            [last_name] => Yadav
        )

)

ERROR - 2026-01-30 22:14:51 --> 
              SELECT SQL_CALC_FOUND_ROWS pur_order_number, vendor, order_date, project, department, total, approve_status, delivery_date, delivery_status, number, expense_convert ,rise_pur_orders.id as id,company,pur_order_number,expense_convert,rise_projects.title as project_name,rise_team.title as department_name,currency
              FROM rise_pur_orders
              LEFT JOIN rise_pur_vendor ON rise_pur_vendor.userid = rise_pur_orders.vendor LEFT JOIN rise_team ON rise_team.id = rise_pur_orders.department LEFT JOIN rise_projects ON rise_projects.id = rise_pur_orders.project
              
              
              
              ORDER BY order_date DESC
              LIMIT 0, 25
              
CRITICAL - 2026-01-30 22:14:51 --> Array
(
    [0] => Array
        (
            [pur_order_number] => WTB-00620-Jan-2026-#045
            [vendor] => 45
            [order_date] => 2026-01-29
            [project] => 22
            [department] => 0
            [total] => 1386.82
            [approve_status] => 1
            [delivery_date] => 
            [delivery_status] => 1
            [number] => 620
            [expense_convert] => 0
            [id] => 577
            [company] => SMC Corporation (India) Pvt. Ltd.
            [project_name] => RS2502-5174-1 Punch Forming, Finger Forming and Pipe Cutting  Machin
            [department_name] => 
            [currency] => INR
        )

    [1] => Array
        (
            [pur_order_number] => WTB-00618-Jan-2026-#084
            [vendor] => 84
            [order_date] => 2026-01-29
            [project] => 18
            [department] => 0
            [total] => 42000.00
            [approve_status] => 1
            [delivery_date] => 
            [delivery_status] => 1
            [number] => 618
            [expense_convert] => 0
            [id] => 575
            [company] => Om Engineering Works
            [project_name] => RS2504-5253-02 Elevator for Mixer
            [department_name] => 
            [currency] => INR
        )

    [2] => Array
        (
            [pur_order_number] => WTB-00613-Jan-2026-022
            [vendor] => 22
            [order_date] => 2026-01-26
            [project] => 43
            [department] => 1
            [total] => 920.00
            [approve_status] => 2
            [delivery_date] => 
            [delivery_status] => 1
            [number] => 613
            [expense_convert] => 0
            [id] => 570
            [company] => BKN ELECTRICALS
            [project_name] => RS1-2508-1081 Prospira Bond Test Machine
            [department_name] => AUTOMATION
            [currency] => INR
        )

    [3] => Array
        (
            [pur_order_number] => WTB-00605-Jan-2026-177
            [vendor] => 177
            [order_date] => 2026-01-22
            [project] => 12
            [department] => 1
            [total] => 67500.00
            [approve_status] => 1
            [delivery_date] => 
            [delivery_status] => 1
            [number] => 605
            [expense_convert] => 0
            [id] => 562
            [company] => RETRO AUTOMATION PRIVATE LIMITED 
            [project_name] => RS2526-SHIN
            [department_name] => AUTOMATION
            [currency] => INR
        )

    [4] => Array
        (
            [pur_order_number] => WTB-00606-Jan-2026-#110
            [vendor] => 110
            [order_date] => 2026-01-22
            [project] => 11
            [department] => 2
            [total] => 76347.00
            [approve_status] => 1
            [delivery_date] => 
            [delivery_status] => 1
            [number] => 606
            [expense_convert] => 0
            [id] => 563
            [company] => RAJASTHAN HARDWARE
            [project_name] => RS2526-FIX-SS
            [department_name] => Mechanical Team
            [currency] => INR
        )

    [5] => Array
        (
            [pur_order_number] => WTB-00607-Jan-2026-#110
            [vendor] => 110
            [order_date] => 2026-01-22
            [project] => 11
            [department] => 2
            [total] => 77830.00
            [approve_status] => 1
            [delivery_date] => 
            [delivery_status] => 1
            [number] => 607
            [expense_convert] => 0
            [id] => 564
            [company] => RAJASTHAN HARDWARE
            [project_name] => RS2526-FIX-SS
            [department_name] => Mechanical Team
            [currency] => INR
        )

    [6] => Array
        (
            [pur_order_number] => WTB-00608-Jan-2026-#110
            [vendor] => 110
            [order_date] => 2026-01-22
            [project] => 11
            [department] => 2
            [total] => 48775.00
            [approve_status] => 1
            [delivery_date] => 
            [delivery_status] => 1
            [number] => 608
            [expense_convert] => 0
            [id] => 565
            [company] => RAJASTHAN HARDWARE
            [project_name] => RS2526-FIX-SS
            [department_name] => Mechanical Team
            [currency] => INR
        )

    [7] => Array
        (
            [pur_order_number] => WTB-00609-Jan-2026-#180
            [vendor] => 180
            [order_date] => 2026-01-22
            [project] => 22
            [department] => 2
            [total] => 600.00
            [approve_status] => 1
            [delivery_date] => 
            [delivery_status] => 1
            [number] => 609
            [expense_convert] => 0
            [id] => 566
            [company] => KHAZANI HYDRAULICS PRIVATED LIMITED 
            [project_name] => RS2502-5174-1 Punch Forming, Finger Forming and Pipe Cutting  Machin
            [department_name] => Mechanical Team
            [currency] => INR
        )

    [8] => Array
        (
            [pur_order_number] => WTB-00610-Jan-2026-#075
            [vendor] => 75
            [order_date] => 2026-01-22
            [project] => 12
            [department] => 1
            [total] => 320660.28
            [approve_status] => 1
            [delivery_date] => 
            [delivery_status] => 1
            [number] => 610
            [expense_convert] => 0
            [id] => 567
            [company] => Jindal Electric & Hardware
            [project_name] => RS2526-SHIN
            [department_name] => AUTOMATION
            [currency] => INR
        )

    [9] => Array
        (
            [pur_order_number] => WTB-00611-Jan-2026-003
            [vendor] => 13
            [order_date] => 2026-01-22
            [project] => 58
            [department] => 2
            [total] => 721.60
            [approve_status] => 2
            [delivery_date] => 
            [delivery_status] => 1
            [number] => 611
            [expense_convert] => 0
            [id] => 568
            [company] => Misumi India Pvt Ltd.
            [project_name] => RS3-2512-3008-HMCMM-TFR INSERTION
            [department_name] => Mechanical Team
            [currency] => INR
        )

    [10] => Array
        (
            [pur_order_number] => WTB-00612-Jan-2026-032
            [vendor] => 32
            [order_date] => 2026-01-22
            [project] => 58
            [department] => 2
            [total] => 200.00
            [approve_status] => 2
            [delivery_date] => 
            [delivery_status] => 1
            [number] => 612
            [expense_convert] => 0
            [id] => 569
            [company] => Manglam Sales
            [project_name] => RS3-2512-3008-HMCMM-TFR INSERTION
            [department_name] => Mechanical Team
            [currency] => INR
        )

    [11] => Array
        (
            [pur_order_number] => WTB-00603-Jan-2026-#50 
            [vendor] => 50
            [order_date] => 2026-01-21
            [project] => 38
            [department] => 1
            [total] => 2638.10
            [approve_status] => 1
            [delivery_date] => 
            [delivery_status] => 1
            [number] => 603
            [expense_convert] => 0
            [id] => 560
            [company] => Sunrise Industrial Products
            [project_name] => RS2526-SPARE-E
            [department_name] => AUTOMATION
            [currency] => INR
        )

    [12] => Array
        (
            [pur_order_number] => WTB-00604-Jan-2026-008
            [vendor] => 18
            [order_date] => 2026-01-21
            [project] => 22
            [department] => 0
            [total] => 970700.00
            [approve_status] => 1
            [delivery_date] => 
            [delivery_status] => 1
            [number] => 604
            [expense_convert] => 0
            [id] => 561
            [company] => Yamazen Machinery & Tools India Private Limited
            [project_name] => RS2502-5174-1 Punch Forming, Finger Forming and Pipe Cutting  Machin
            [department_name] => 
            [currency] => INR
        )

    [13] => Array
        (
            [pur_order_number] => WTB-00602-Jan-2026-#045
            [vendor] => 45
            [order_date] => 2026-01-18
            [project] => 12
            [department] => 1
            [total] => 65527.70
            [approve_status] => 1
            [delivery_date] => 
            [delivery_status] => 1
            [number] => 602
            [expense_convert] => 0
            [id] => 559
            [company] => SMC Corporation (India) Pvt. Ltd.
            [project_name] => RS2526-SHIN
            [department_name] => AUTOMATION
            [currency] => INR
        )

    [14] => Array
        (
            [pur_order_number] => WTB-00596-Jan-2026-#096
            [vendor] => 96
            [order_date] => 2026-01-17
            [project] => 18
            [department] => 2
            [total] => 1257.00
            [approve_status] => 2
            [delivery_date] => 
            [delivery_status] => 1
            [number] => 596
            [expense_convert] => 0
            [id] => 553
            [company] => Tara Hardware And Electrical
            [project_name] => RS2504-5253-02 Elevator for Mixer
            [department_name] => Mechanical Team
            [currency] => INR
        )

    [15] => Array
        (
            [pur_order_number] => WTB-00597-Jan-2026-#096
            [vendor] => 96
            [order_date] => 2026-01-17
            [project] => 18
            [department] => 2
            [total] => 1755.08
            [approve_status] => 2
            [delivery_date] => 
            [delivery_status] => 1
            [number] => 597
            [expense_convert] => 0
            [id] => 554
            [company] => Tara Hardware And Electrical
            [project_name] => RS2504-5253-02 Elevator for Mixer
            [department_name] => Mechanical Team
            [currency] => INR
        )

    [16] => Array
        (
            [pur_order_number] => WTB-00598-Jan-2026-#096
            [vendor] => 96
            [order_date] => 2026-01-17
            [project] => 18
            [department] => 2
            [total] => 803.55
            [approve_status] => 2
            [delivery_date] => 
            [delivery_status] => 1
            [number] => 598
            [expense_convert] => 0
            [id] => 555
            [company] => Tara Hardware And Electrical
            [project_name] => RS2504-5253-02 Elevator for Mixer
            [department_name] => Mechanical Team
            [currency] => INR
        )

    [17] => Array
        (
            [pur_order_number] => WTB-00599-Jan-2026-#096
            [vendor] => 96
            [order_date] => 2026-01-17
            [project] => 18
            [department] => 2
            [total] => 1030.00
            [approve_status] => 2
            [delivery_date] => 
            [delivery_status] => 1
            [number] => 599
            [expense_convert] => 0
            [id] => 556
            [company] => Tara Hardware And Electrical
            [project_name] => RS2504-5253-02 Elevator for Mixer
            [department_name] => Mechanical Team
            [currency] => INR
        )

    [18] => Array
        (
            [pur_order_number] => WTB-00600-Jan-2026-#172
            [vendor] => 172
            [order_date] => 2026-01-17
            [project] => 18
            [department] => 2
            [total] => 3033.82
            [approve_status] => 2
            [delivery_date] => 
            [delivery_status] => 1
            [number] => 600
            [expense_convert] => 0
            [id] => 557
            [company] => SHYAM HARDWARE STORE 
            [project_name] => RS2504-5253-02 Elevator for Mixer
            [department_name] => Mechanical Team
            [currency] => INR
        )

    [19] => Array
        (
            [pur_order_number] => WTB-00601-Jan-2026-#180
            [vendor] => 180
            [order_date] => 2026-01-17
            [project] => 22
            [department] => 2
            [total] => 3200.00
            [approve_status] => 1
            [delivery_date] => 
            [delivery_status] => 1
            [number] => 601
            [expense_convert] => 0
            [id] => 558
            [company] => KHAZANI HYDRAULICS PRIVATED LIMITED 
            [project_name] => RS2502-5174-1 Punch Forming, Finger Forming and Pipe Cutting  Machin
            [department_name] => Mechanical Team
            [currency] => INR
        )

    [20] => Array
        (
            [pur_order_number] => WTB-00592-Jan-2026-005
            [vendor] => 15
            [order_date] => 2026-01-16
            [project] => 12
            [department] => 1
            [total] => 29000.00
            [approve_status] => 2
            [delivery_date] => 
            [delivery_status] => 1
            [number] => 592
            [expense_convert] => 0
            [id] => 549
            [company] => Factory Automation Private Limited
            [project_name] => RS2526-SHIN
            [department_name] => AUTOMATION
            [currency] => INR
        )

    [21] => Array
        (
            [pur_order_number] => WTB-00593-Jan-2026-179
            [vendor] => 179
            [order_date] => 2026-01-16
            [project] => 11
            [department] => 2
            [total] => 5212.00
            [approve_status] => 2
            [delivery_date] => 
            [delivery_status] => 1
            [number] => 593
            [expense_convert] => 0
            [id] => 550
            [company] => RAJA MOTORS
            [project_name] => RS2526-FIX-SS
            [department_name] => Mechanical Team
            [currency] => INR
        )

    [22] => Array
        (
            [pur_order_number] => WTB-00594-Jan-2026-#040
            [vendor] => 40
            [order_date] => 2026-01-16
            [project] => 12
            [department] => 1
            [total] => 43166.00
            [approve_status] => 2
            [delivery_date] => 
            [delivery_status] => 1
            [number] => 594
            [expense_convert] => 0
            [id] => 551
            [company] => Vashi Integrated Solutions Limited
            [project_name] => RS2526-SHIN
            [department_name] => AUTOMATION
            [currency] => INR
        )

    [23] => Array
        (
            [pur_order_number] => WTB-00595-Jan-2026-#040
            [vendor] => 40
            [order_date] => 2026-01-16
            [project] => 12
            [department] => 1
            [total] => 224119.40
            [approve_status] => 2
            [delivery_date] => 
            [delivery_status] => 1
            [number] => 595
            [expense_convert] => 0
            [id] => 552
            [company] => Vashi Integrated Solutions Limited
            [project_name] => RS2526-SHIN
            [department_name] => AUTOMATION
            [currency] => INR
        )

    [24] => Array
        (
            [pur_order_number] => WTB-00591-Jan-2026-#045
            [vendor] => 45
            [order_date] => 2026-01-15
            [project] => 12
            [department] => 2
            [total] => 2804.70
            [approve_status] => 2
            [delivery_date] => 
            [delivery_status] => 1
            [number] => 591
            [expense_convert] => 0
            [id] => 548
            [company] => SMC Corporation (India) Pvt. Ltd.
            [project_name] => RS2526-SHIN
            [department_name] => Mechanical Team
            [currency] => INR
        )

)

CRITICAL - 2026-01-30 22:14:51 --> Array
(
    [0] => Array
        (
            [pur_order_number] => WTB-00620-Jan-2026-#045
            [vendor] => 45
            [order_date] => 2026-01-29
            [project] => 22
            [department] => 0
            [total] => 1386.82
            [approve_status] => 1
            [delivery_date] => 
            [delivery_status] => 1
            [number] => 620
            [expense_convert] => 0
            [id] => 577
            [company] => SMC Corporation (India) Pvt. Ltd.
            [project_name] => RS2502-5174-1 Punch Forming, Finger Forming and Pipe Cutting  Machin
            [department_name] => 
            [currency] => INR
            [items] => Array
                (
                )

        )

    [1] => Array
        (
            [pur_order_number] => WTB-00618-Jan-2026-#084
            [vendor] => 84
            [order_date] => 2026-01-29
            [project] => 18
            [department] => 0
            [total] => 42000.00
            [approve_status] => 1
            [delivery_date] => 
            [delivery_status] => 1
            [number] => 618
            [expense_convert] => 0
            [id] => 575
            [company] => Om Engineering Works
            [project_name] => RS2504-5253-02 Elevator for Mixer
            [department_name] => 
            [currency] => INR
            [items] => Array
                (
                )

        )

    [2] => Array
        (
            [pur_order_number] => WTB-00613-Jan-2026-022
            [vendor] => 22
            [order_date] => 2026-01-26
            [project] => 43
            [department] => 1
            [total] => 920.00
            [approve_status] => 2
            [delivery_date] => 
            [delivery_status] => 1
            [number] => 613
            [expense_convert] => 0
            [id] => 570
            [company] => BKN ELECTRICALS
            [project_name] => RS1-2508-1081 Prospira Bond Test Machine
            [department_name] => AUTOMATION
            [currency] => INR
            [items] => Array
                (
                )

        )

    [3] => Array
        (
            [pur_order_number] => WTB-00605-Jan-2026-177
            [vendor] => 177
            [order_date] => 2026-01-22
            [project] => 12
            [department] => 1
            [total] => 67500.00
            [approve_status] => 1
            [delivery_date] => 
            [delivery_status] => 1
            [number] => 605
            [expense_convert] => 0
            [id] => 562
            [company] => RETRO AUTOMATION PRIVATE LIMITED 
            [project_name] => RS2526-SHIN
            [department_name] => AUTOMATION
            [currency] => INR
            [items] => Array
                (
                )

        )

    [4] => Array
        (
            [pur_order_number] => WTB-00606-Jan-2026-#110
            [vendor] => 110
            [order_date] => 2026-01-22
            [project] => 11
            [department] => 2
            [total] => 76347.00
            [approve_status] => 1
            [delivery_date] => 
            [delivery_status] => 1
            [number] => 606
            [expense_convert] => 0
            [id] => 563
            [company] => RAJASTHAN HARDWARE
            [project_name] => RS2526-FIX-SS
            [department_name] => Mechanical Team
            [currency] => INR
            [items] => Array
                (
                )

        )

    [5] => Array
        (
            [pur_order_number] => WTB-00607-Jan-2026-#110
            [vendor] => 110
            [order_date] => 2026-01-22
            [project] => 11
            [department] => 2
            [total] => 77830.00
            [approve_status] => 1
            [delivery_date] => 
            [delivery_status] => 1
            [number] => 607
            [expense_convert] => 0
            [id] => 564
            [company] => RAJASTHAN HARDWARE
            [project_name] => RS2526-FIX-SS
            [department_name] => Mechanical Team
            [currency] => INR
            [items] => Array
                (
                )

        )

    [6] => Array
        (
            [pur_order_number] => WTB-00608-Jan-2026-#110
            [vendor] => 110
            [order_date] => 2026-01-22
            [project] => 11
            [department] => 2
            [total] => 48775.00
            [approve_status] => 1
            [delivery_date] => 
            [delivery_status] => 1
            [number] => 608
            [expense_convert] => 0
            [id] => 565
            [company] => RAJASTHAN HARDWARE
            [project_name] => RS2526-FIX-SS
            [department_name] => Mechanical Team
            [currency] => INR
            [items] => Array
                (
                )

        )

    [7] => Array
        (
            [pur_order_number] => WTB-00609-Jan-2026-#180
            [vendor] => 180
            [order_date] => 2026-01-22
            [project] => 22
            [department] => 2
            [total] => 600.00
            [approve_status] => 1
            [delivery_date] => 
            [delivery_status] => 1
            [number] => 609
            [expense_convert] => 0
            [id] => 566
            [company] => KHAZANI HYDRAULICS PRIVATED LIMITED 
            [project_name] => RS2502-5174-1 Punch Forming, Finger Forming and Pipe Cutting  Machin
            [department_name] => Mechanical Team
            [currency] => INR
            [items] => Array
                (
                )

        )

    [8] => Array
        (
            [pur_order_number] => WTB-00610-Jan-2026-#075
            [vendor] => 75
            [order_date] => 2026-01-22
            [project] => 12
            [department] => 1
            [total] => 320660.28
            [approve_status] => 1
            [delivery_date] => 
            [delivery_status] => 1
            [number] => 610
            [expense_convert] => 0
            [id] => 567
            [company] => Jindal Electric & Hardware
            [project_name] => RS2526-SHIN
            [department_name] => AUTOMATION
            [currency] => INR
            [items] => Array
                (
                )

        )

    [9] => Array
        (
            [pur_order_number] => WTB-00611-Jan-2026-003
            [vendor] => 13
            [order_date] => 2026-01-22
            [project] => 58
            [department] => 2
            [total] => 721.60
            [approve_status] => 2
            [delivery_date] => 
            [delivery_status] => 1
            [number] => 611
            [expense_convert] => 0
            [id] => 568
            [company] => Misumi India Pvt Ltd.
            [project_name] => RS3-2512-3008-HMCMM-TFR INSERTION
            [department_name] => Mechanical Team
            [currency] => INR
            [items] => Array
                (
                )

        )

    [10] => Array
        (
            [pur_order_number] => WTB-00612-Jan-2026-032
            [vendor] => 32
            [order_date] => 2026-01-22
            [project] => 58
            [department] => 2
            [total] => 200.00
            [approve_status] => 2
            [delivery_date] => 
            [delivery_status] => 1
            [number] => 612
            [expense_convert] => 0
            [id] => 569
            [company] => Manglam Sales
            [project_name] => RS3-2512-3008-HMCMM-TFR INSERTION
            [department_name] => Mechanical Team
            [currency] => INR
            [items] => Array
                (
                )

        )

    [11] => Array
        (
            [pur_order_number] => WTB-00603-Jan-2026-#50 
            [vendor] => 50
            [order_date] => 2026-01-21
            [project] => 38
            [department] => 1
            [total] => 2638.10
            [approve_status] => 1
            [delivery_date] => 
            [delivery_status] => 1
            [number] => 603
            [expense_convert] => 0
            [id] => 560
            [company] => Sunrise Industrial Products
            [project_name] => RS2526-SPARE-E
            [department_name] => AUTOMATION
            [currency] => INR
            [items] => Array
                (
                )

        )

    [12] => Array
        (
            [pur_order_number] => WTB-00604-Jan-2026-008
            [vendor] => 18
            [order_date] => 2026-01-21
            [project] => 22
            [department] => 0
            [total] => 970700.00
            [approve_status] => 1
            [delivery_date] => 
            [delivery_status] => 1
            [number] => 604
            [expense_convert] => 0
            [id] => 561
            [company] => Yamazen Machinery & Tools India Private Limited
            [project_name] => RS2502-5174-1 Punch Forming, Finger Forming and Pipe Cutting  Machin
            [department_name] => 
            [currency] => INR
            [items] => Array
                (
                )

        )

    [13] => Array
        (
            [pur_order_number] => WTB-00602-Jan-2026-#045
            [vendor] => 45
            [order_date] => 2026-01-18
            [project] => 12
            [department] => 1
            [total] => 65527.70
            [approve_status] => 1
            [delivery_date] => 
            [delivery_status] => 1
            [number] => 602
            [expense_convert] => 0
            [id] => 559
            [company] => SMC Corporation (India) Pvt. Ltd.
            [project_name] => RS2526-SHIN
            [department_name] => AUTOMATION
            [currency] => INR
            [items] => Array
                (
                )

        )

    [14] => Array
        (
            [pur_order_number] => WTB-00596-Jan-2026-#096
            [vendor] => 96
            [order_date] => 2026-01-17
            [project] => 18
            [department] => 2
            [total] => 1257.00
            [approve_status] => 2
            [delivery_date] => 
            [delivery_status] => 1
            [number] => 596
            [expense_convert] => 0
            [id] => 553
            [company] => Tara Hardware And Electrical
            [project_name] => RS2504-5253-02 Elevator for Mixer
            [department_name] => Mechanical Team
            [currency] => INR
            [items] => Array
                (
                )

        )

    [15] => Array
        (
            [pur_order_number] => WTB-00597-Jan-2026-#096
            [vendor] => 96
            [order_date] => 2026-01-17
            [project] => 18
            [department] => 2
            [total] => 1755.08
            [approve_status] => 2
            [delivery_date] => 
            [delivery_status] => 1
            [number] => 597
            [expense_convert] => 0
            [id] => 554
            [company] => Tara Hardware And Electrical
            [project_name] => RS2504-5253-02 Elevator for Mixer
            [department_name] => Mechanical Team
            [currency] => INR
            [items] => Array
                (
                )

        )

    [16] => Array
        (
            [pur_order_number] => WTB-00598-Jan-2026-#096
            [vendor] => 96
            [order_date] => 2026-01-17
            [project] => 18
            [department] => 2
            [total] => 803.55
            [approve_status] => 2
            [delivery_date] => 
            [delivery_status] => 1
            [number] => 598
            [expense_convert] => 0
            [id] => 555
            [company] => Tara Hardware And Electrical
            [project_name] => RS2504-5253-02 Elevator for Mixer
            [department_name] => Mechanical Team
            [currency] => INR
            [items] => Array
                (
                )

        )

    [17] => Array
        (
            [pur_order_number] => WTB-00599-Jan-2026-#096
            [vendor] => 96
            [order_date] => 2026-01-17
            [project] => 18
            [department] => 2
            [total] => 1030.00
            [approve_status] => 2
            [delivery_date] => 
            [delivery_status] => 1
            [number] => 599
            [expense_convert] => 0
            [id] => 556
            [company] => Tara Hardware And Electrical
            [project_name] => RS2504-5253-02 Elevator for Mixer
            [department_name] => Mechanical Team
            [currency] => INR
            [items] => Array
                (
                )

        )

    [18] => Array
        (
            [pur_order_number] => WTB-00600-Jan-2026-#172
            [vendor] => 172
            [order_date] => 2026-01-17
            [project] => 18
            [department] => 2
            [total] => 3033.82
            [approve_status] => 2
            [delivery_date] => 
            [delivery_status] => 1
            [number] => 600
            [expense_convert] => 0
            [id] => 557
            [company] => SHYAM HARDWARE STORE 
            [project_name] => RS2504-5253-02 Elevator for Mixer
            [department_name] => Mechanical Team
            [currency] => INR
            [items] => Array
                (
                )

        )

    [19] => Array
        (
            [pur_order_number] => WTB-00601-Jan-2026-#180
            [vendor] => 180
            [order_date] => 2026-01-17
            [project] => 22
            [department] => 2
            [total] => 3200.00
            [approve_status] => 1
            [delivery_date] => 
            [delivery_status] => 1
            [number] => 601
            [expense_convert] => 0
            [id] => 558
            [company] => KHAZANI HYDRAULICS PRIVATED LIMITED 
            [project_name] => RS2502-5174-1 Punch Forming, Finger Forming and Pipe Cutting  Machin
            [department_name] => Mechanical Team
            [currency] => INR
            [items] => Array
                (
                )

        )

    [20] => Array
        (
            [pur_order_number] => WTB-00592-Jan-2026-005
            [vendor] => 15
            [order_date] => 2026-01-16
            [project] => 12
            [department] => 1
            [total] => 29000.00
            [approve_status] => 2
            [delivery_date] => 
            [delivery_status] => 1
            [number] => 592
            [expense_convert] => 0
            [id] => 549
            [company] => Factory Automation Private Limited
            [project_name] => RS2526-SHIN
            [department_name] => AUTOMATION
            [currency] => INR
            [items] => Array
                (
                )

        )

    [21] => Array
        (
            [pur_order_number] => WTB-00593-Jan-2026-179
            [vendor] => 179
            [order_date] => 2026-01-16
            [project] => 11
            [department] => 2
            [total] => 5212.00
            [approve_status] => 2
            [delivery_date] => 
            [delivery_status] => 1
            [number] => 593
            [expense_convert] => 0
            [id] => 550
            [company] => RAJA MOTORS
            [project_name] => RS2526-FIX-SS
            [department_name] => Mechanical Team
            [currency] => INR
            [items] => Array
                (
                )

        )

    [22] => Array
        (
            [pur_order_number] => WTB-00594-Jan-2026-#040
            [vendor] => 40
            [order_date] => 2026-01-16
            [project] => 12
            [department] => 1
            [total] => 43166.00
            [approve_status] => 2
            [delivery_date] => 
            [delivery_status] => 1
            [number] => 594
            [expense_convert] => 0
            [id] => 551
            [company] => Vashi Integrated Solutions Limited
            [project_name] => RS2526-SHIN
            [department_name] => AUTOMATION
            [currency] => INR
            [items] => Array
                (
                )

        )

    [23] => Array
        (
            [pur_order_number] => WTB-00595-Jan-2026-#040
            [vendor] => 40
            [order_date] => 2026-01-16
            [project] => 12
            [department] => 1
            [total] => 224119.40
            [approve_status] => 2
            [delivery_date] => 
            [delivery_status] => 1
            [number] => 595
            [expense_convert] => 0
            [id] => 552
            [company] => Vashi Integrated Solutions Limited
            [project_name] => RS2526-SHIN
            [department_name] => AUTOMATION
            [currency] => INR
            [items] => Array
                (
                )

        )

    [24] => Array
        (
            [pur_order_number] => WTB-00591-Jan-2026-#045
            [vendor] => 45
            [order_date] => 2026-01-15
            [project] => 12
            [department] => 2
            [total] => 2804.70
            [approve_status] => 2
            [delivery_date] => 
            [delivery_status] => 1
            [number] => 591
            [expense_convert] => 0
            [id] => 548
            [company] => SMC Corporation (India) Pvt. Ltd.
            [project_name] => RS2526-SHIN
            [department_name] => Mechanical Team
            [currency] => INR
            [items] => Array
                (
                )

        )

)

CRITICAL - 2026-01-30 22:15:00 --> 
CRITICAL - 2026-01-30 22:15:00 --> 
CRITICAL - 2026-01-30 22:16:00 --> Undefined array key "currency"
in FCPATH/plugins/Purchase/Models/Purchase_model.php on line 5503.
 1 FCPATH/plugins/Purchase/Models/Purchase_model.php(5503): CodeIgniter\Debug\Exceptions->errorHandler()
 2 FCPATH/plugins/Purchase/Controllers/Purchase.php(3666): Purchase\Models\Purchase_model->add_pur_order()
 3 SYSTEMPATH/CodeIgniter.php(898): Purchase\Controllers\Purchase->pur_order()
 4 SYSTEMPATH/CodeIgniter.php(468): CodeIgniter\CodeIgniter->runController()
 5 SYSTEMPATH/CodeIgniter.php(351): CodeIgniter\CodeIgniter->handleRequest()
 6 FCPATH/index.php(84): CodeIgniter\CodeIgniter->run()
CRITICAL - 2026-01-30 22:22:20 --> Array
(
    [0] => Array
        (
            [0] => <a href="https://rsrobotic.in/index.php/projects/view/46">46</a>
            [1] => <a href="https://rsrobotic.in/index.php/projects/view/46">RS1-2506-1052_Power Supply Connector</a>
            [2] => <a href="https://rsrobotic.in/index.php/clients/view/10">HAMABO INDIA PVT LTD</a>
            [3] => -
            [4] => 2025-12-01
            [5] => 2025-12-01
            [6] => 2025-12-14
            [7] => <span class='text-danger mr5'>2025-12-14</span> 
            [8] => <div class='progress' title='0%'>
            <div  class='progress-bar bg-primary' role='progressbar' aria-valuenow='0' aria-valuemin='0' aria-valuemax='100' style='width: 0%'>
            </div>
        </div>
            [9] => 39054
            [10] => Open
            [11] => 
        )

    [1] => Array
        (
            [0] => <a href="https://rsrobotic.in/index.php/projects/view/41">41</a>
            [1] => <a href="https://rsrobotic.in/index.php/projects/view/41">RS1-2509-1099_HAMABO_VRV 6L_Power Supply Jig</a>
            [2] => <a href="https://rsrobotic.in/index.php/clients/view/10">HAMABO INDIA PVT LTD</a>
            [3] => -
            [4] => 2025-09-24
            [5] => 2025-09-24
            [6] => 2025-10-04
            [7] => <span class='text-danger mr5'>2025-10-04</span> 
            [8] => <div class='progress' title='0%'>
            <div  class='progress-bar bg-primary' role='progressbar' aria-valuenow='0' aria-valuemin='0' aria-valuemax='100' style='width: 0%'>
            </div>
        </div>
            [9] => 175668.2
            [10] => Open
            [11] => 
        )

    [2] => Array
        (
            [0] => <a href="https://rsrobotic.in/index.php/projects/view/32">32</a>
            [1] => <a href="https://rsrobotic.in/index.php/projects/view/32">RS1-2508-1069-5_HMC MM_Tools</a>
            [2] => <a href="https://rsrobotic.in/index.php/clients/view/6">HMC MM AUTO LIMITED</a>
            [3] => -
            [4] => 2025-08-08
            [5] => 2025-08-08
            [6] => 2025-08-22
            [7] => <span class='text-danger mr5'>2025-08-22</span> 
            [8] => <div class='progress' title='0%'>
            <div  class='progress-bar bg-primary' role='progressbar' aria-valuenow='0' aria-valuemin='0' aria-valuemax='100' style='width: 0%'>
            </div>
        </div>
            [9] => 24735.5
            [10] => Open
            [11] => 
        )

    [3] => Array
        (
            [0] => <a href="https://rsrobotic.in/index.php/projects/view/31">31</a>
            [1] => <a href="https://rsrobotic.in/index.php/projects/view/31">RS2405-4977_Runout Checking M/C</a>
            [2] => <a href="https://rsrobotic.in/index.php/clients/view/18">Exedy India Limited</a>
            [3] => -
            [4] => 2025-08-06
            [5] => 2025-08-06
            [6] => 2025-08-16
            [7] => <span class='text-danger mr5'>2025-08-16</span> 
            [8] => <div class='progress' title='0%'>
            <div  class='progress-bar bg-primary' role='progressbar' aria-valuenow='0' aria-valuemin='0' aria-valuemax='100' style='width: 0%'>
            </div>
        </div>
            [9] => 14200
            [10] => Open
            [11] => 
        )

    [4] => Array
        (
            [0] => <a href="https://rsrobotic.in/index.php/projects/view/36">36</a>
            [1] => <a href="https://rsrobotic.in/index.php/projects/view/36">RS2526-SHIN-007 Vision Inspection Station</a>
            [2] => <a href="https://rsrobotic.in/index.php/clients/view/12">Shintechu Shoji LLP</a>
            [3] => -
            [4] => 2025-08-04
            [5] => 2025-08-04
            [6] => 2025-09-04
            [7] => <span class='text-danger mr5'>2025-09-04</span> 
            [8] => <div class='progress' title='0%'>
            <div  class='progress-bar bg-primary' role='progressbar' aria-valuenow='0' aria-valuemin='0' aria-valuemax='100' style='width: 0%'>
            </div>
        </div>
            [9] => 748616.78
            [10] => Open
            [11] => 
        )

    [5] => Array
        (
            [0] => <a href="https://rsrobotic.in/index.php/projects/view/25">25</a>
            [1] => <a href="https://rsrobotic.in/index.php/projects/view/25">RS2-2507-1012  Inspection Machine Modification</a><br /><span class='mt0 badge  clickable' style='background-color:#ad159e;' title=Label>Manesar Project</span> 
            [2] => <a href="https://rsrobotic.in/index.php/clients/view/17">QS Metrology</a>
            [3] => -
            [4] => 2025-07-28
            [5] => 2025-07-28
            [6] => 2025-08-08
            [7] => <span class='text-danger mr5'>2025-08-08</span> 
            [8] => <div class='progress' title='25%'>
            <div  class='progress-bar bg-primary' role='progressbar' aria-valuenow='25' aria-valuemin='0' aria-valuemax='100' style='width: 25%'>
            </div>
        </div>
            [9] => 0
            [10] => Open
            [11] => 
        )

    [6] => Array
        (
            [0] => <a href="https://rsrobotic.in/index.php/projects/view/17">17</a>
            [1] => <a href="https://rsrobotic.in/index.php/projects/view/17">RS2505-5277-2 Chamfer Machine Modifiaction</a>
            [2] => <a href="https://rsrobotic.in/index.php/clients/view/14">ASK-Frasle Friction Private Limited</a>
            [3] => -
            [4] => 2025-07-05
            [5] => 2025-07-05
            [6] => 2025-08-15
            [7] => <span class='text-danger mr5'>2025-08-15</span> 
            [8] => <div class='progress' title='40%'>
            <div  class='progress-bar bg-primary' role='progressbar' aria-valuenow='40' aria-valuemin='0' aria-valuemax='100' style='width: 40%'>
            </div>
        </div>
            [9] => 86565.94
            [10] => Open
            [11] => 
        )

    [7] => Array
        (
            [0] => <a href="https://rsrobotic.in/index.php/projects/view/18">18</a>
            [1] => <a href="https://rsrobotic.in/index.php/projects/view/18">RS2504-5253-02 Elevator for Mixer</a>
            [2] => <a href="https://rsrobotic.in/index.php/clients/view/14">ASK-Frasle Friction Private Limited</a>
            [3] => -
            [4] => 2025-07-05
            [5] => 2025-07-05
            [6] => 2025-08-15
            [7] => <span class='text-danger mr5'>2025-08-15</span> 
            [8] => <div class='progress' title='10%'>
            <div  class='progress-bar bg-primary' role='progressbar' aria-valuenow='10' aria-valuemin='0' aria-valuemax='100' style='width: 10%'>
            </div>
        </div>
            [9] => 1205758.99
            [10] => Open
            [11] => 
        )

    [8] => Array
        (
            [0] => <a href="https://rsrobotic.in/index.php/projects/view/21">21</a>
            [1] => <a href="https://rsrobotic.in/index.php/projects/view/21">RS2504-5262 YHB ROBOTIC CELL</a>
            [2] => <a href="https://rsrobotic.in/index.php/clients/view/7">Agro Engineering Works, Manesar</a>
            [3] => -
            [4] => 2025-05-10
            [5] => 2025-05-10
            [6] => 
            [7] => -
            [8] => <div class='progress' title='100%'>
            <div  class='progress-bar progress-bar-success' role='progressbar' aria-valuenow='100' aria-valuemin='0' aria-valuemax='100' style='width: 100%'>
            </div>
        </div>
            [9] => 5400
            [10] => Open
            [11] => 
        )

    [9] => Array
        (
            [0] => <a href="https://rsrobotic.in/index.php/projects/view/26">26</a>
            [1] => <a href="https://rsrobotic.in/index.php/projects/view/26">RS2507-5304 HMCMM-EOL ETB ECU TLC-04</a>
            [2] => <a href="https://rsrobotic.in/index.php/clients/view/6">HMC MM AUTO LIMITED</a>
            [3] => -
            [4] => 
            [5] => -
            [6] => 
            [7] => -
            [8] => <div class='progress' title='81%'>
            <div  class='progress-bar bg-primary' role='progressbar' aria-valuenow='81' aria-valuemin='0' aria-valuemax='100' style='width: 81%'>
            </div>
        </div>
            [9] => 627334.11
            [10] => Open
            [11] => 
        )

    [10] => Array
        (
            [0] => <a href="https://rsrobotic.in/index.php/projects/view/42">42</a>
            [1] => <a href="https://rsrobotic.in/index.php/projects/view/42">RS2509-5317_HMC MM FLS Assy. Station</a><br /><span class='mt0 badge  clickable' style='background-color:#ad159e;' title=Label>Manesar Project</span> 
            [2] => <a href="https://rsrobotic.in/index.php/clients/view/6">HMC MM AUTO LIMITED</a>
            [3] => -
            [4] => 
            [5] => -
            [6] => 
            [7] => -
            [8] => <div class='progress' title='0%'>
            <div  class='progress-bar bg-primary' role='progressbar' aria-valuenow='0' aria-valuemin='0' aria-valuemax='100' style='width: 0%'>
            </div>
        </div>
            [9] => 13990
            [10] => Open
            [11] => 
        )

)

ERROR - 2026-01-30 22:22:25 --> 
              SELECT SQL_CALC_FOUND_ROWS pur_rq_code, requester, department, request_date, project, rise_pur_request.status, rise_pur_request.id ,rise_pur_request.id,pur_rq_code,rise_team.title as department_title,first_name,last_name,rise_projects.title as project
              FROM rise_pur_request
              LEFT JOIN rise_team ON rise_team.id = rise_pur_request.department LEFT JOIN rise_users ON rise_users.id = rise_pur_request.requester LEFT JOIN rise_projects ON rise_projects.id = rise_pur_request.project
              
              
              
              ORDER BY pur_rq_code DESC
              LIMIT 0, 25
              
CRITICAL - 2026-01-30 22:22:25 --> Array
(
    [0] => Array
        (
            [pur_rq_code] => #-00449-2026
            [requester] => 15
            [department] => 2
            [request_date] => 2026-01-29 06:02:23
            [project] => RS2-2511-1033_HMM TS_Helium Leak Testing Quick Coupler
            [status] => 2
            [id] => 449
            [department_title] => Mechanical Team
            [first_name] => Ravi
            [last_name] => Saini
        )

    [1] => Array
        (
            [pur_rq_code] => #-00448-2026
            [requester] => 15
            [department] => 2
            [request_date] => 2026-01-29 05:44:14
            [project] => RS2-2511-1039_HMM TS_Door Assy Checking Poka-Yoka Fixture
            [status] => 2
            [id] => 448
            [department_title] => Mechanical Team
            [first_name] => Ravi
            [last_name] => Saini
        )

    [2] => Array
        (
            [pur_rq_code] => #-00447-2026
            [requester] => 55
            [department] => 2
            [request_date] => 2026-01-29 03:06:58
            [project] => RS2526-SPARE-E
            [status] => 2
            [id] => 447
            [department_title] => Mechanical Team
            [first_name] => Sahil
            [last_name] => Dhaka
        )

    [3] => Array
        (
            [pur_rq_code] => #-00446-2026
            [requester] => 14
            [department] => 2
            [request_date] => 2026-01-29 00:55:59
            [project] => RS1-2508-1081 Prospira Bond Test Machine
            [status] => 2
            [id] => 446
            [department_title] => Mechanical Team
            [first_name] => Sanish 
            [last_name] => Dhariwal
        )

    [4] => Array
        (
            [pur_rq_code] => #-00445-2026
            [requester] => 14
            [department] => 2
            [request_date] => 2026-01-29 00:29:40
            [project] => RS1-2508-1081 Prospira Bond Test Machine
            [status] => 1
            [id] => 445
            [department_title] => Mechanical Team
            [first_name] => Sanish 
            [last_name] => Dhariwal
        )

    [5] => Array
        (
            [pur_rq_code] => #-00444-2026
            [requester] => 55
            [department] => 2
            [request_date] => 2026-01-28 01:27:25
            [project] => RS1-2508-1081 Prospira Bond Test Machine
            [status] => 2
            [id] => 444
            [department_title] => Mechanical Team
            [first_name] => Sahil
            [last_name] => Dhaka
        )

    [6] => Array
        (
            [pur_rq_code] => #-00443-2026
            [requester] => 15
            [department] => 2
            [request_date] => 2026-01-28 00:28:22
            [project] => RS2-2511-1034_HMM TS_Main Line Fixture
            [status] => 2
            [id] => 443
            [department_title] => Mechanical Team
            [first_name] => Ravi
            [last_name] => Saini
        )

    [7] => Array
        (
            [pur_rq_code] => #-00442-2026
            [requester] => 15
            [department] => 2
            [request_date] => 2026-01-23 23:35:25
            [project] => RS2-2511-1033_HMM TS_Helium Leak Testing Quick Coupler
            [status] => 2
            [id] => 442
            [department_title] => Mechanical Team
            [first_name] => Ravi
            [last_name] => Saini
        )

    [8] => Array
        (
            [pur_rq_code] => #-00441-2026
            [requester] => 15
            [department] => 2
            [request_date] => 2026-01-23 23:21:13
            [project] => RS2-2511-1034_HMM TS_Main Line Fixture
            [status] => 2
            [id] => 441
            [department_title] => Mechanical Team
            [first_name] => Ravi
            [last_name] => Saini
        )

    [9] => Array
        (
            [pur_rq_code] => #-00440-2026
            [requester] => 9
            [department] => 2
            [request_date] => 2026-01-21 22:46:05
            [project] => RS2526-FIX-SS
            [status] => 2
            [id] => 440
            [department_title] => Mechanical Team
            [first_name] => Anand
            [last_name] => Dhariwal
        )

    [10] => Array
        (
            [pur_rq_code] => #-00439-2026
            [requester] => 11
            [department] => 1
            [request_date] => 2026-01-21 03:11:05
            [project] => RS2526-SHIN
            [status] => 2
            [id] => 439
            [department_title] => AUTOMATION
            [first_name] => Komal
            [last_name] => Yadav
        )

    [11] => Array
        (
            [pur_rq_code] => #-00438-2026
            [requester] => 11
            [department] => 1
            [request_date] => 2026-01-20 23:46:20
            [project] => RS2526-SHIN
            [status] => 2
            [id] => 438
            [department_title] => AUTOMATION
            [first_name] => Komal
            [last_name] => Yadav
        )

    [12] => Array
        (
            [pur_rq_code] => #-00437-2026
            [requester] => 55
            [department] => 2
            [request_date] => 2026-01-20 06:30:20
            [project] => RS2502-5174-1 Punch Forming, Finger Forming and Pipe Cutting  Machin
            [status] => 2
            [id] => 437
            [department_title] => Mechanical Team
            [first_name] => Sahil
            [last_name] => Dhaka
        )

    [13] => Array
        (
            [pur_rq_code] => #-00436-2026
            [requester] => 8
            [department] => 1
            [request_date] => 2026-01-20 05:23:42
            [project] => RS1-2508-1081 Prospira Bond Test Machine
            [status] => 2
            [id] => 436
            [department_title] => AUTOMATION
            [first_name] => Tikam
            [last_name] => Singh
        )

    [14] => Array
        (
            [pur_rq_code] => #-00435-2026
            [requester] => 21
            [department] => 2
            [request_date] => 2026-01-20 01:24:02
            [project] => RS3-2512-3008-HMCMM-TFR INSERTION
            [status] => 2
            [id] => 435
            [department_title] => Mechanical Team
            [first_name] => Parvesh
            [last_name] => Beniwal
        )

    [15] => Array
        (
            [pur_rq_code] => #-00434-2026
            [requester] => 21
            [department] => 0
            [request_date] => 2026-01-20 00:05:52
            [project] => RS3-2512-3008-HMCMM-TFR INSERTION
            [status] => 2
            [id] => 434
            [department_title] => 
            [first_name] => Parvesh
            [last_name] => Beniwal
        )

    [16] => Array
        (
            [pur_rq_code] => #-00433-2026
            [requester] => 21
            [department] => 2
            [request_date] => 2026-01-19 23:42:10
            [project] => RS2-2510-5324_Seat Testing Fixture
            [status] => 2
            [id] => 433
            [department_title] => Mechanical Team
            [first_name] => Parvesh
            [last_name] => Beniwal
        )

    [17] => Array
        (
            [pur_rq_code] => #-00432-2026
            [requester] => 14
            [department] => 2
            [request_date] => 2026-01-17 05:51:05
            [project] => RS2502-5174-1 Punch Forming, Finger Forming and Pipe Cutting  Machin
            [status] => 2
            [id] => 432
            [department_title] => Mechanical Team
            [first_name] => Sanish 
            [last_name] => Dhariwal
        )

    [18] => Array
        (
            [pur_rq_code] => #-00431-2026
            [requester] => 11
            [department] => 2
            [request_date] => 2026-01-17 04:47:03
            [project] => RS2526-SPARE-E
            [status] => 2
            [id] => 431
            [department_title] => Mechanical Team
            [first_name] => Komal
            [last_name] => Yadav
        )

    [19] => Array
        (
            [pur_rq_code] => #-00430-2026
            [requester] => 14
            [department] => 2
            [request_date] => 2026-01-17 04:43:11
            [project] => RS2502-5174-1 Punch Forming, Finger Forming and Pipe Cutting  Machin
            [status] => 2
            [id] => 430
            [department_title] => Mechanical Team
            [first_name] => Sanish 
            [last_name] => Dhariwal
        )

    [20] => Array
        (
            [pur_rq_code] => #-00429-2026
            [requester] => 21
            [department] => 0
            [request_date] => 2026-01-17 04:40:13
            [project] => RS2504-5253-02 Elevator for Mixer
            [status] => 2
            [id] => 429
            [department_title] => 
            [first_name] => Parvesh
            [last_name] => Beniwal
        )

    [21] => Array
        (
            [pur_rq_code] => #-00428-2026
            [requester] => 21
            [department] => 2
            [request_date] => 2026-01-17 04:32:57
            [project] => RS2504-5253-02 Elevator for Mixer
            [status] => 2
            [id] => 428
            [department_title] => Mechanical Team
            [first_name] => Parvesh
            [last_name] => Beniwal
        )

    [22] => Array
        (
            [pur_rq_code] => #-00426-2026
            [requester] => 11
            [department] => 2
            [request_date] => 2026-01-16 05:24:00
            [project] => RS2526-SHIN
            [status] => 2
            [id] => 426
            [department_title] => Mechanical Team
            [first_name] => Komal
            [last_name] => Yadav
        )

    [23] => Array
        (
            [pur_rq_code] => #-00425-2026
            [requester] => 31
            [department] => 2
            [request_date] => 2026-01-16 02:40:35
            [project] => RS2526-FIX-SS
            [status] => 2
            [id] => 425
            [department_title] => Mechanical Team
            [first_name] => Sudesh
            [last_name] => Kumar
        )

    [24] => Array
        (
            [pur_rq_code] => #-00424-2026
            [requester] => 11
            [department] => 1
            [request_date] => 2026-01-16 02:30:44
            [project] => RS2526-SHIN
            [status] => 2
            [id] => 424
            [department_title] => AUTOMATION
            [first_name] => Komal
            [last_name] => Yadav
        )

)

ERROR - 2026-01-30 22:22:54 --> 
              SELECT SQL_CALC_FOUND_ROWS pur_rq_code, requester, department, request_date, project, rise_pur_request.status, rise_pur_request.id ,rise_pur_request.id,pur_rq_code,rise_team.title as department_title,first_name,last_name,rise_projects.title as project
              FROM rise_pur_request
              LEFT JOIN rise_team ON rise_team.id = rise_pur_request.department LEFT JOIN rise_users ON rise_users.id = rise_pur_request.requester LEFT JOIN rise_projects ON rise_projects.id = rise_pur_request.project
              
              WHERE  department = "2"
              
              ORDER BY pur_rq_code DESC
              LIMIT 0, 25
              
CRITICAL - 2026-01-30 22:22:54 --> Array
(
    [0] => Array
        (
            [pur_rq_code] => #-00449-2026
            [requester] => 15
            [department] => 2
            [request_date] => 2026-01-29 06:02:23
            [project] => RS2-2511-1033_HMM TS_Helium Leak Testing Quick Coupler
            [status] => 2
            [id] => 449
            [department_title] => Mechanical Team
            [first_name] => Ravi
            [last_name] => Saini
        )

    [1] => Array
        (
            [pur_rq_code] => #-00448-2026
            [requester] => 15
            [department] => 2
            [request_date] => 2026-01-29 05:44:14
            [project] => RS2-2511-1039_HMM TS_Door Assy Checking Poka-Yoka Fixture
            [status] => 2
            [id] => 448
            [department_title] => Mechanical Team
            [first_name] => Ravi
            [last_name] => Saini
        )

    [2] => Array
        (
            [pur_rq_code] => #-00447-2026
            [requester] => 55
            [department] => 2
            [request_date] => 2026-01-29 03:06:58
            [project] => RS2526-SPARE-E
            [status] => 2
            [id] => 447
            [department_title] => Mechanical Team
            [first_name] => Sahil
            [last_name] => Dhaka
        )

    [3] => Array
        (
            [pur_rq_code] => #-00446-2026
            [requester] => 14
            [department] => 2
            [request_date] => 2026-01-29 00:55:59
            [project] => RS1-2508-1081 Prospira Bond Test Machine
            [status] => 2
            [id] => 446
            [department_title] => Mechanical Team
            [first_name] => Sanish 
            [last_name] => Dhariwal
        )

    [4] => Array
        (
            [pur_rq_code] => #-00445-2026
            [requester] => 14
            [department] => 2
            [request_date] => 2026-01-29 00:29:40
            [project] => RS1-2508-1081 Prospira Bond Test Machine
            [status] => 1
            [id] => 445
            [department_title] => Mechanical Team
            [first_name] => Sanish 
            [last_name] => Dhariwal
        )

    [5] => Array
        (
            [pur_rq_code] => #-00444-2026
            [requester] => 55
            [department] => 2
            [request_date] => 2026-01-28 01:27:25
            [project] => RS1-2508-1081 Prospira Bond Test Machine
            [status] => 2
            [id] => 444
            [department_title] => Mechanical Team
            [first_name] => Sahil
            [last_name] => Dhaka
        )

    [6] => Array
        (
            [pur_rq_code] => #-00443-2026
            [requester] => 15
            [department] => 2
            [request_date] => 2026-01-28 00:28:22
            [project] => RS2-2511-1034_HMM TS_Main Line Fixture
            [status] => 2
            [id] => 443
            [department_title] => Mechanical Team
            [first_name] => Ravi
            [last_name] => Saini
        )

    [7] => Array
        (
            [pur_rq_code] => #-00442-2026
            [requester] => 15
            [department] => 2
            [request_date] => 2026-01-23 23:35:25
            [project] => RS2-2511-1033_HMM TS_Helium Leak Testing Quick Coupler
            [status] => 2
            [id] => 442
            [department_title] => Mechanical Team
            [first_name] => Ravi
            [last_name] => Saini
        )

    [8] => Array
        (
            [pur_rq_code] => #-00441-2026
            [requester] => 15
            [department] => 2
            [request_date] => 2026-01-23 23:21:13
            [project] => RS2-2511-1034_HMM TS_Main Line Fixture
            [status] => 2
            [id] => 441
            [department_title] => Mechanical Team
            [first_name] => Ravi
            [last_name] => Saini
        )

    [9] => Array
        (
            [pur_rq_code] => #-00440-2026
            [requester] => 9
            [department] => 2
            [request_date] => 2026-01-21 22:46:05
            [project] => RS2526-FIX-SS
            [status] => 2
            [id] => 440
            [department_title] => Mechanical Team
            [first_name] => Anand
            [last_name] => Dhariwal
        )

    [10] => Array
        (
            [pur_rq_code] => #-00437-2026
            [requester] => 55
            [department] => 2
            [request_date] => 2026-01-20 06:30:20
            [project] => RS2502-5174-1 Punch Forming, Finger Forming and Pipe Cutting  Machin
            [status] => 2
            [id] => 437
            [department_title] => Mechanical Team
            [first_name] => Sahil
            [last_name] => Dhaka
        )

    [11] => Array
        (
            [pur_rq_code] => #-00435-2026
            [requester] => 21
            [department] => 2
            [request_date] => 2026-01-20 01:24:02
            [project] => RS3-2512-3008-HMCMM-TFR INSERTION
            [status] => 2
            [id] => 435
            [department_title] => Mechanical Team
            [first_name] => Parvesh
            [last_name] => Beniwal
        )

    [12] => Array
        (
            [pur_rq_code] => #-00433-2026
            [requester] => 21
            [department] => 2
            [request_date] => 2026-01-19 23:42:10
            [project] => RS2-2510-5324_Seat Testing Fixture
            [status] => 2
            [id] => 433
            [department_title] => Mechanical Team
            [first_name] => Parvesh
            [last_name] => Beniwal
        )

    [13] => Array
        (
            [pur_rq_code] => #-00432-2026
            [requester] => 14
            [department] => 2
            [request_date] => 2026-01-17 05:51:05
            [project] => RS2502-5174-1 Punch Forming, Finger Forming and Pipe Cutting  Machin
            [status] => 2
            [id] => 432
            [department_title] => Mechanical Team
            [first_name] => Sanish 
            [last_name] => Dhariwal
        )

    [14] => Array
        (
            [pur_rq_code] => #-00431-2026
            [requester] => 11
            [department] => 2
            [request_date] => 2026-01-17 04:47:03
            [project] => RS2526-SPARE-E
            [status] => 2
            [id] => 431
            [department_title] => Mechanical Team
            [first_name] => Komal
            [last_name] => Yadav
        )

    [15] => Array
        (
            [pur_rq_code] => #-00430-2026
            [requester] => 14
            [department] => 2
            [request_date] => 2026-01-17 04:43:11
            [project] => RS2502-5174-1 Punch Forming, Finger Forming and Pipe Cutting  Machin
            [status] => 2
            [id] => 430
            [department_title] => Mechanical Team
            [first_name] => Sanish 
            [last_name] => Dhariwal
        )

    [16] => Array
        (
            [pur_rq_code] => #-00428-2026
            [requester] => 21
            [department] => 2
            [request_date] => 2026-01-17 04:32:57
            [project] => RS2504-5253-02 Elevator for Mixer
            [status] => 2
            [id] => 428
            [department_title] => Mechanical Team
            [first_name] => Parvesh
            [last_name] => Beniwal
        )

    [17] => Array
        (
            [pur_rq_code] => #-00426-2026
            [requester] => 11
            [department] => 2
            [request_date] => 2026-01-16 05:24:00
            [project] => RS2526-SHIN
            [status] => 2
            [id] => 426
            [department_title] => Mechanical Team
            [first_name] => Komal
            [last_name] => Yadav
        )

    [18] => Array
        (
            [pur_rq_code] => #-00425-2026
            [requester] => 31
            [department] => 2
            [request_date] => 2026-01-16 02:40:35
            [project] => RS2526-FIX-SS
            [status] => 2
            [id] => 425
            [department_title] => Mechanical Team
            [first_name] => Sudesh
            [last_name] => Kumar
        )

    [19] => Array
        (
            [pur_rq_code] => #-00422-2026
            [requester] => 8
            [department] => 2
            [request_date] => 2026-01-15 03:34:38
            [project] => RS2511-5339-4-Yutaka-Autoinspection and Demagnetiser
            [status] => 2
            [id] => 422
            [department_title] => Mechanical Team
            [first_name] => Tikam
            [last_name] => Singh
        )

    [20] => Array
        (
            [pur_rq_code] => #-00421-2026
            [requester] => 15
            [department] => 2
            [request_date] => 2026-01-11 23:27:24
            [project] => RS2-2511-1032-2_CKM_Helium Leak testing coupler
            [status] => 2
            [id] => 421
            [department_title] => Mechanical Team
            [first_name] => Ravi
            [last_name] => Saini
        )

    [21] => Array
        (
            [pur_rq_code] => #-00420-2026
            [requester] => 55
            [department] => 2
            [request_date] => 2026-01-10 05:25:11
            [project] => RS2504-5252 Buck Storage rack
            [status] => 2
            [id] => 420
            [department_title] => Mechanical Team
            [first_name] => Sahil
            [last_name] => Dhaka
        )

    [22] => Array
        (
            [pur_rq_code] => #-00416-2026
            [requester] => 31
            [department] => 2
            [request_date] => 2026-01-09 22:38:35
            [project] => RS25-26-JW
            [status] => 2
            [id] => 416
            [department_title] => Mechanical Team
            [first_name] => Sudesh
            [last_name] => Kumar
        )

    [23] => Array
        (
            [pur_rq_code] => #-00415-2026
            [requester] => 14
            [department] => 2
            [request_date] => 2026-01-09 22:33:01
            [project] => RS2526-SPARE-E
            [status] => 2
            [id] => 415
            [department_title] => Mechanical Team
            [first_name] => Sanish 
            [last_name] => Dhariwal
        )

    [24] => Array
        (
            [pur_rq_code] => #-00412-2026
            [requester] => 55
            [department] => 2
            [request_date] => 2026-01-08 22:33:42
            [project] => RS2510-5323_Machino Plastic Punch
            [status] => 2
            [id] => 412
            [department_title] => Mechanical Team
            [first_name] => Sahil
            [last_name] => Dhaka
        )

)

ERROR - 2026-01-30 22:22:58 --> 
              SELECT SQL_CALC_FOUND_ROWS pur_rq_code, requester, department, request_date, project, rise_pur_request.status, rise_pur_request.id ,rise_pur_request.id,pur_rq_code,rise_team.title as department_title,first_name,last_name,rise_projects.title as project
              FROM rise_pur_request
              LEFT JOIN rise_team ON rise_team.id = rise_pur_request.department LEFT JOIN rise_users ON rise_users.id = rise_pur_request.requester LEFT JOIN rise_projects ON rise_projects.id = rise_pur_request.project
              
              WHERE  department = "2"
              
              ORDER BY pur_rq_code DESC
              
              
CRITICAL - 2026-01-30 22:22:58 --> Array
(
    [0] => Array
        (
            [pur_rq_code] => #-00449-2026
            [requester] => 15
            [department] => 2
            [request_date] => 2026-01-29 06:02:23
            [project] => RS2-2511-1033_HMM TS_Helium Leak Testing Quick Coupler
            [status] => 2
            [id] => 449
            [department_title] => Mechanical Team
            [first_name] => Ravi
            [last_name] => Saini
        )

    [1] => Array
        (
            [pur_rq_code] => #-00448-2026
            [requester] => 15
            [department] => 2
            [request_date] => 2026-01-29 05:44:14
            [project] => RS2-2511-1039_HMM TS_Door Assy Checking Poka-Yoka Fixture
            [status] => 2
            [id] => 448
            [department_title] => Mechanical Team
            [first_name] => Ravi
            [last_name] => Saini
        )

    [2] => Array
        (
            [pur_rq_code] => #-00447-2026
            [requester] => 55
            [department] => 2
            [request_date] => 2026-01-29 03:06:58
            [project] => RS2526-SPARE-E
            [status] => 2
            [id] => 447
            [department_title] => Mechanical Team
            [first_name] => Sahil
            [last_name] => Dhaka
        )

    [3] => Array
        (
            [pur_rq_code] => #-00446-2026
            [requester] => 14
            [department] => 2
            [request_date] => 2026-01-29 00:55:59
            [project] => RS1-2508-1081 Prospira Bond Test Machine
            [status] => 2
            [id] => 446
            [department_title] => Mechanical Team
            [first_name] => Sanish 
            [last_name] => Dhariwal
        )

    [4] => Array
        (
            [pur_rq_code] => #-00445-2026
            [requester] => 14
            [department] => 2
            [request_date] => 2026-01-29 00:29:40
            [project] => RS1-2508-1081 Prospira Bond Test Machine
            [status] => 1
            [id] => 445
            [department_title] => Mechanical Team
            [first_name] => Sanish 
            [last_name] => Dhariwal
        )

    [5] => Array
        (
            [pur_rq_code] => #-00444-2026
            [requester] => 55
            [department] => 2
            [request_date] => 2026-01-28 01:27:25
            [project] => RS1-2508-1081 Prospira Bond Test Machine
            [status] => 2
            [id] => 444
            [department_title] => Mechanical Team
            [first_name] => Sahil
            [last_name] => Dhaka
        )

    [6] => Array
        (
            [pur_rq_code] => #-00443-2026
            [requester] => 15
            [department] => 2
            [request_date] => 2026-01-28 00:28:22
            [project] => RS2-2511-1034_HMM TS_Main Line Fixture
            [status] => 2
            [id] => 443
            [department_title] => Mechanical Team
            [first_name] => Ravi
            [last_name] => Saini
        )

    [7] => Array
        (
            [pur_rq_code] => #-00442-2026
            [requester] => 15
            [department] => 2
            [request_date] => 2026-01-23 23:35:25
            [project] => RS2-2511-1033_HMM TS_Helium Leak Testing Quick Coupler
            [status] => 2
            [id] => 442
            [department_title] => Mechanical Team
            [first_name] => Ravi
            [last_name] => Saini
        )

    [8] => Array
        (
            [pur_rq_code] => #-00441-2026
            [requester] => 15
            [department] => 2
            [request_date] => 2026-01-23 23:21:13
            [project] => RS2-2511-1034_HMM TS_Main Line Fixture
            [status] => 2
            [id] => 441
            [department_title] => Mechanical Team
            [first_name] => Ravi
            [last_name] => Saini
        )

    [9] => Array
        (
            [pur_rq_code] => #-00440-2026
            [requester] => 9
            [department] => 2
            [request_date] => 2026-01-21 22:46:05
            [project] => RS2526-FIX-SS
            [status] => 2
            [id] => 440
            [department_title] => Mechanical Team
            [first_name] => Anand
            [last_name] => Dhariwal
        )

    [10] => Array
        (
            [pur_rq_code] => #-00437-2026
            [requester] => 55
            [department] => 2
            [request_date] => 2026-01-20 06:30:20
            [project] => RS2502-5174-1 Punch Forming, Finger Forming and Pipe Cutting  Machin
            [status] => 2
            [id] => 437
            [department_title] => Mechanical Team
            [first_name] => Sahil
            [last_name] => Dhaka
        )

    [11] => Array
        (
            [pur_rq_code] => #-00435-2026
            [requester] => 21
            [department] => 2
            [request_date] => 2026-01-20 01:24:02
            [project] => RS3-2512-3008-HMCMM-TFR INSERTION
            [status] => 2
            [id] => 435
            [department_title] => Mechanical Team
            [first_name] => Parvesh
            [last_name] => Beniwal
        )

    [12] => Array
        (
            [pur_rq_code] => #-00433-2026
            [requester] => 21
            [department] => 2
            [request_date] => 2026-01-19 23:42:10
            [project] => RS2-2510-5324_Seat Testing Fixture
            [status] => 2
            [id] => 433
            [department_title] => Mechanical Team
            [first_name] => Parvesh
            [last_name] => Beniwal
        )

    [13] => Array
        (
            [pur_rq_code] => #-00432-2026
            [requester] => 14
            [department] => 2
            [request_date] => 2026-01-17 05:51:05
            [project] => RS2502-5174-1 Punch Forming, Finger Forming and Pipe Cutting  Machin
            [status] => 2
            [id] => 432
            [department_title] => Mechanical Team
            [first_name] => Sanish 
            [last_name] => Dhariwal
        )

    [14] => Array
        (
            [pur_rq_code] => #-00431-2026
            [requester] => 11
            [department] => 2
            [request_date] => 2026-01-17 04:47:03
            [project] => RS2526-SPARE-E
            [status] => 2
            [id] => 431
            [department_title] => Mechanical Team
            [first_name] => Komal
            [last_name] => Yadav
        )

    [15] => Array
        (
            [pur_rq_code] => #-00430-2026
            [requester] => 14
            [department] => 2
            [request_date] => 2026-01-17 04:43:11
            [project] => RS2502-5174-1 Punch Forming, Finger Forming and Pipe Cutting  Machin
            [status] => 2
            [id] => 430
            [department_title] => Mechanical Team
            [first_name] => Sanish 
            [last_name] => Dhariwal
        )

    [16] => Array
        (
            [pur_rq_code] => #-00428-2026
            [requester] => 21
            [department] => 2
            [request_date] => 2026-01-17 04:32:57
            [project] => RS2504-5253-02 Elevator for Mixer
            [status] => 2
            [id] => 428
            [department_title] => Mechanical Team
            [first_name] => Parvesh
            [last_name] => Beniwal
        )

    [17] => Array
        (
            [pur_rq_code] => #-00426-2026
            [requester] => 11
            [department] => 2
            [request_date] => 2026-01-16 05:24:00
            [project] => RS2526-SHIN
            [status] => 2
            [id] => 426
            [department_title] => Mechanical Team
            [first_name] => Komal
            [last_name] => Yadav
        )

    [18] => Array
        (
            [pur_rq_code] => #-00425-2026
            [requester] => 31
            [department] => 2
            [request_date] => 2026-01-16 02:40:35
            [project] => RS2526-FIX-SS
            [status] => 2
            [id] => 425
            [department_title] => Mechanical Team
            [first_name] => Sudesh
            [last_name] => Kumar
        )

    [19] => Array
        (
            [pur_rq_code] => #-00422-2026
            [requester] => 8
            [department] => 2
            [request_date] => 2026-01-15 03:34:38
            [project] => RS2511-5339-4-Yutaka-Autoinspection and Demagnetiser
            [status] => 2
            [id] => 422
            [department_title] => Mechanical Team
            [first_name] => Tikam
            [last_name] => Singh
        )

    [20] => Array
        (
            [pur_rq_code] => #-00421-2026
            [requester] => 15
            [department] => 2
            [request_date] => 2026-01-11 23:27:24
            [project] => RS2-2511-1032-2_CKM_Helium Leak testing coupler
            [status] => 2
            [id] => 421
            [department_title] => Mechanical Team
            [first_name] => Ravi
            [last_name] => Saini
        )

    [21] => Array
        (
            [pur_rq_code] => #-00420-2026
            [requester] => 55
            [department] => 2
            [request_date] => 2026-01-10 05:25:11
            [project] => RS2504-5252 Buck Storage rack
            [status] => 2
            [id] => 420
            [department_title] => Mechanical Team
            [first_name] => Sahil
            [last_name] => Dhaka
        )

    [22] => Array
        (
            [pur_rq_code] => #-00416-2026
            [requester] => 31
            [department] => 2
            [request_date] => 2026-01-09 22:38:35
            [project] => RS25-26-JW
            [status] => 2
            [id] => 416
            [department_title] => Mechanical Team
            [first_name] => Sudesh
            [last_name] => Kumar
        )

    [23] => Array
        (
            [pur_rq_code] => #-00415-2026
            [requester] => 14
            [department] => 2
            [request_date] => 2026-01-09 22:33:01
            [project] => RS2526-SPARE-E
            [status] => 2
            [id] => 415
            [department_title] => Mechanical Team
            [first_name] => Sanish 
            [last_name] => Dhariwal
        )

    [24] => Array
        (
            [pur_rq_code] => #-00412-2026
            [requester] => 55
            [department] => 2
            [request_date] => 2026-01-08 22:33:42
            [project] => RS2510-5323_Machino Plastic Punch
            [status] => 2
            [id] => 412
            [department_title] => Mechanical Team
            [first_name] => Sahil
            [last_name] => Dhaka
        )

    [25] => Array
        (
            [pur_rq_code] => #-00411-2026
            [requester] => 55
            [department] => 2
            [request_date] => 2026-01-08 22:31:31
            [project] => RS2510-5323_Machino Plastic Punch
            [status] => 2
            [id] => 411
            [department_title] => Mechanical Team
            [first_name] => Sahil
            [last_name] => Dhaka
        )

    [26] => Array
        (
            [pur_rq_code] => #-00410-2026
            [requester] => 21
            [department] => 2
            [request_date] => 2026-01-08 22:20:10
            [project] => RS1-2508-1081 Prospira Bond Test Machine
            [status] => 2
            [id] => 410
            [department_title] => Mechanical Team
            [first_name] => Parvesh
            [last_name] => Beniwal
        )

    [27] => Array
        (
            [pur_rq_code] => #-00409-2026
            [requester] => 55
            [department] => 2
            [request_date] => 2026-01-08 22:16:21
            [project] => RS2502-5179-4_CKM Project
            [status] => 2
            [id] => 409
            [department_title] => Mechanical Team
            [first_name] => Sahil
            [last_name] => Dhaka
        )

    [28] => Array
        (
            [pur_rq_code] => #-00408-2026
            [requester] => 55
            [department] => 2
            [request_date] => 2026-01-08 02:45:29
            [project] => RS2526-FIX-SS
            [status] => 2
            [id] => 408
            [department_title] => Mechanical Team
            [first_name] => Sahil
            [last_name] => Dhaka
        )

    [29] => Array
        (
            [pur_rq_code] => #-00405-2026
            [requester] => 21
            [department] => 2
            [request_date] => 2026-01-08 00:19:41
            [project] => RS2504-5253-02 Elevator for Mixer
            [status] => 2
            [id] => 405
            [department_title] => Mechanical Team
            [first_name] => Parvesh
            [last_name] => Beniwal
        )

    [30] => Array
        (
            [pur_rq_code] => #-00404-2026
            [requester] => 21
            [department] => 2
            [request_date] => 2026-01-07 23:15:06
            [project] => RS2504-5253-02 Elevator for Mixer
            [status] => 2
            [id] => 404
            [department_title] => Mechanical Team
            [first_name] => Parvesh
            [last_name] => Beniwal
        )

    [31] => Array
        (
            [pur_rq_code] => #-00403-2026
            [requester] => 15
            [department] => 2
            [request_date] => 2026-01-06 04:43:00
            [project] => RS2502-5174-1 Punch Forming, Finger Forming and Pipe Cutting  Machin
            [status] => 2
            [id] => 403
            [department_title] => Mechanical Team
            [first_name] => Ravi
            [last_name] => Saini
        )

    [32] => Array
        (
            [pur_rq_code] => #-00400-2026
            [requester] => 55
            [department] => 2
            [request_date] => 2026-01-01 03:39:30
            [project] => RS2504-5253-02 Elevator for Mixer
            [status] => 2
            [id] => 400
            [department_title] => Mechanical Team
            [first_name] => Sahil
            [last_name] => Dhaka
        )

    [33] => Array
        (
            [pur_rq_code] => #-00398-2026
            [requester] => 55
            [department] => 2
            [request_date] => 2026-01-01 02:13:02
            [project] => RS2526-SPARE-E
            [status] => 2
            [id] => 398
            [department_title] => Mechanical Team
            [first_name] => Sahil
            [last_name] => Dhaka
        )

    [34] => Array
        (
            [pur_rq_code] => #-00397-2026
            [requester] => 15
            [department] => 2
            [request_date] => 2026-01-01 02:05:25
            [project] => RS2510-5316, SIGMA_Fixture Modification
            [status] => 2
            [id] => 397
            [department_title] => Mechanical Team
            [first_name] => Ravi
            [last_name] => Saini
        )

    [35] => Array
        (
            [pur_rq_code] => #-00396-2026
            [requester] => 21
            [department] => 2
            [request_date] => 2026-01-01 02:02:18
            [project] => RS2502-5174-1 Punch Forming, Finger Forming and Pipe Cutting  Machin
            [status] => 2
            [id] => 396
            [department_title] => Mechanical Team
            [first_name] => Parvesh
            [last_name] => Beniwal
        )

    [36] => Array
        (
            [pur_rq_code] => #-00395-2025
            [requester] => 55
            [department] => 2
            [request_date] => 2025-12-31 23:33:38
            [project] => RS1-2506-1052_Power Supply Connector
            [status] => 2
            [id] => 395
            [department_title] => Mechanical Team
            [first_name] => Sahil
            [last_name] => Dhaka
        )

    [37] => Array
        (
            [pur_rq_code] => #-00392-2025
            [requester] => 15
            [department] => 2
            [request_date] => 2025-12-31 23:11:14
            [project] => RS2-2511-1032-2_CKM_Helium Leak testing coupler
            [status] => 1
            [id] => 392
            [department_title] => Mechanical Team
            [first_name] => Ravi
            [last_name] => Saini
        )

    [38] => Array
        (
            [pur_rq_code] => #-00391-2025
            [requester] => 55
            [department] => 2
            [request_date] => 2025-12-31 23:06:48
            [project] => RS2502-5174-1 Punch Forming, Finger Forming and Pipe Cutting  Machin
            [status] => 1
            [id] => 391
            [department_title] => Mechanical Team
            [first_name] => Sahil
            [last_name] => Dhaka
        )

    [39] => Array
        (
            [pur_rq_code] => #-00389-2025
            [requester] => 55
            [department] => 2
            [request_date] => 2025-12-31 02:25:50
            [project] => RS1-2511-1109-1-HMCMM-Shaft for Plastic Bush Pressing Machine
            [status] => 1
            [id] => 389
            [department_title] => Mechanical Team
            [first_name] => Sahil
            [last_name] => Dhaka
        )

    [40] => Array
        (
            [pur_rq_code] => #-00388-2025
            [requester] => 55
            [department] => 2
            [request_date] => 2025-12-31 02:23:02
            [project] => RS1-2508-1081 Prospira Bond Test Machine
            [status] => 2
            [id] => 388
            [department_title] => Mechanical Team
            [first_name] => Sahil
            [last_name] => Dhaka
        )

    [41] => Array
        (
            [pur_rq_code] => #-00386-2025
            [requester] => 15
            [department] => 2
            [request_date] => 2025-12-30 02:48:47
            [project] => RS2-2511-1032-2_CKM_Helium Leak testing coupler
            [status] => 2
            [id] => 386
            [department_title] => Mechanical Team
            [first_name] => Ravi
            [last_name] => Saini
        )

    [42] => Array
        (
            [pur_rq_code] => #-00384-2025
            [requester] => 55
            [department] => 2
            [request_date] => 2025-12-29 23:36:49
            [project] => RS1-2508-1081 Prospira Bond Test Machine
            [status] => 2
            [id] => 384
            [department_title] => Mechanical Team
            [first_name] => Sahil
            [last_name] => Dhaka
        )

    [43] => Array
        (
            [pur_rq_code] => #-00383-2025
            [requester] => 15
            [department] => 2
            [request_date] => 2025-12-29 02:30:44
            [project] => RS2502-5174-1 Punch Forming, Finger Forming and Pipe Cutting  Machin
            [status] => 2
            [id] => 383
            [department_title] => Mechanical Team
            [first_name] => Ravi
            [last_name] => Saini
        )

    [44] => Array
        (
            [pur_rq_code] => #-00381-2025
            [requester] => 55
            [department] => 2
            [request_date] => 2025-12-27 00:38:48
            [project] => RS1-2508-1081 Prospira Bond Test Machine
            [status] => 2
            [id] => 381
            [department_title] => Mechanical Team
            [first_name] => Sahil
            [last_name] => Dhaka
        )

    [45] => Array
        (
            [pur_rq_code] => #-00380-2025
            [requester] => 15
            [department] => 2
            [request_date] => 2025-12-27 00:30:00
            [project] => RS2-2507-1018_HMMTS_leak testing coupler
            [status] => 2
            [id] => 380
            [department_title] => Mechanical Team
            [first_name] => Ravi
            [last_name] => Saini
        )

    [46] => Array
        (
            [pur_rq_code] => #-00379-2025
            [requester] => 50
            [department] => 2
            [request_date] => 2025-12-26 01:26:17
            [project] => RS2502-5174-1 Punch Forming, Finger Forming and Pipe Cutting  Machin
            [status] => 2
            [id] => 379
            [department_title] => Mechanical Team
            [first_name] => Ankit 
            [last_name] => Yadav
        )

    [47] => Array
        (
            [pur_rq_code] => #-00377-2025
            [requester] => 15
            [department] => 2
            [request_date] => 2025-12-24 23:20:53
            [project] => RS2-2507-1018_HMMTS_leak testing coupler
            [status] => 2
            [id] => 377
            [department_title] => Mechanical Team
            [first_name] => Ravi
            [last_name] => Saini
        )

    [48] => Array
        (
            [pur_rq_code] => #-00375-2025
            [requester] => 55
            [department] => 2
            [request_date] => 2025-12-09 23:24:45
            [project] => RS2405-4977_Runout Checking M/C
            [status] => 2
            [id] => 375
            [department_title] => Mechanical Team
            [first_name] => Sahil
            [last_name] => Dhaka
        )

    [49] => Array
        (
            [pur_rq_code] => #-00374-2025
            [requester] => 55
            [department] => 2
            [request_date] => 2025-12-09 23:24:13
            [project] => RS2502-5174-1 Punch Forming, Finger Forming and Pipe Cutting  Machin
            [status] => 2
            [id] => 374
            [department_title] => Mechanical Team
            [first_name] => Sahil
            [last_name] => Dhaka
        )

    [50] => Array
        (
            [pur_rq_code] => #-00373-2025
            [requester] => 55
            [department] => 2
            [request_date] => 2025-12-09 00:46:25
            [project] => RS1-2512-1111_Derlin Shutre
            [status] => 2
            [id] => 373
            [department_title] => Mechanical Team
            [first_name] => Sahil
            [last_name] => Dhaka
        )

    [51] => Array
        (
            [pur_rq_code] => #-00371-2025
            [requester] => 55
            [department] => 2
            [request_date] => 2025-12-08 02:13:20
            [project] => RS2504-5253-02 Elevator for Mixer
            [status] => 2
            [id] => 371
            [department_title] => Mechanical Team
            [first_name] => Sahil
            [last_name] => Dhaka
        )

    [52] => Array
        (
            [pur_rq_code] => #-00370-2025
            [requester] => 55
            [department] => 2
            [request_date] => 2025-12-08 02:11:46
            [project] => RS1-2508-1069-5_HMC MM_Tools
            [status] => 2
            [id] => 370
            [department_title] => Mechanical Team
            [first_name] => Sahil
            [last_name] => Dhaka
        )

    [53] => Array
        (
            [pur_rq_code] => #-00369-2025
            [requester] => 55
            [department] => 2
            [request_date] => 2025-12-08 02:07:34
            [project] => RS1-2508-1081 Prospira Bond Test Machine
            [status] => 2
            [id] => 369
            [department_title] => Mechanical Team
            [first_name] => Sahil
            [last_name] => Dhaka
        )

    [54] => Array
        (
            [pur_rq_code] => #-00366-2025
            [requester] => 55
            [department] => 2
            [request_date] => 2025-12-05 03:34:17
            [project] => RS2504-5252 Buck Storage rack
            [status] => 2
            [id] => 366
            [department_title] => Mechanical Team
            [first_name] => Sahil
            [last_name] => Dhaka
        )

    [55] => Array
        (
            [pur_rq_code] => #-00365-2025
            [requester] => 15
            [department] => 2
            [request_date] => 2025-12-04 03:00:36
            [project] => RS2-2510-5324_Seat Testing Fixture
            [status] => 2
            [id] => 365
            [department_title] => Mechanical Team
            [first_name] => Ravi
            [last_name] => Saini
        )

    [56] => Array
        (
            [pur_rq_code] => #-00364-2025
            [requester] => 55
            [department] => 2
            [request_date] => 2025-12-04 02:58:35
            [project] => RS1-2512-1111_Derlin Shutre
            [status] => 2
            [id] => 364
            [department_title] => Mechanical Team
            [first_name] => Sahil
            [last_name] => Dhaka
        )

    [57] => Array
        (
            [pur_rq_code] => #-00363-2025
            [requester] => 55
            [department] => 2
            [request_date] => 2025-12-04 02:55:30
            [project] => RS1-2506-1052_Power Supply Connector
            [status] => 2
            [id] => 363
            [department_title] => Mechanical Team
            [first_name] => Sahil
            [last_name] => Dhaka
        )

    [58] => Array
        (
            [pur_rq_code] => #-00358-2025
            [requester] => 15
            [department] => 2
            [request_date] => 2025-11-19 00:11:25
            [project] => RS2-2506-1009 YED ROBOTIC CELL
            [status] => 2
            [id] => 358
            [department_title] => Mechanical Team
            [first_name] => Ravi
            [last_name] => Saini
        )

    [59] => Array
        (
            [pur_rq_code] => #-00357-2025
            [requester] => 15
            [department] => 2
            [request_date] => 2025-11-15 00:28:36
            [project] => RS2-2507-1018_HMMTS_leak testing coupler
            [status] => 2
            [id] => 357
            [department_title] => Mechanical Team
            [first_name] => Ravi
            [last_name] => Saini
        )

    [60] => Array
        (
            [pur_rq_code] => #-00356-2025
            [requester] => 15
            [department] => 2
            [request_date] => 2025-11-14 23:08:08
            [project] => RS2-2506-1009 YED ROBOTIC CELL
            [status] => 2
            [id] => 356
            [department_title] => Mechanical Team
            [first_name] => Ravi
            [last_name] => Saini
        )

    [61] => Array
        (
            [pur_rq_code] => #-00355-2025
            [requester] => 14
            [department] => 2
            [request_date] => 2025-11-13 00:42:58
            [project] => RS1-2510-1102, HMCMM HEAT CHAULKING SPM MACHINE
            [status] => 2
            [id] => 355
            [department_title] => Mechanical Team
            [first_name] => Sanish 
            [last_name] => Dhariwal
        )

    [62] => Array
        (
            [pur_rq_code] => #-00354-2025
            [requester] => 21
            [department] => 2
            [request_date] => 2025-11-12 05:06:25
            [project] => RS2504-5253-02 Elevator for Mixer
            [status] => 2
            [id] => 354
            [department_title] => Mechanical Team
            [first_name] => Parvesh
            [last_name] => Beniwal
        )

    [63] => Array
        (
            [pur_rq_code] => #-00353-2025
            [requester] => 55
            [department] => 2
            [request_date] => 2025-11-12 04:45:22
            [project] => RS1-2508-1081 Prospira Bond Test Machine
            [status] => 2
            [id] => 353
            [department_title] => Mechanical Team
            [first_name] => Sahil
            [last_name] => Dhaka
        )

    [64] => Array
        (
            [pur_rq_code] => #-00351-2025
            [requester] => 55
            [department] => 2
            [request_date] => 2025-11-10 23:45:12
            [project] => RS1-2508-1081 Prospira Bond Test Machine
            [status] => 1
            [id] => 351
            [department_title] => Mechanical Team
            [first_name] => Sahil
            [last_name] => Dhaka
        )

    [65] => Array
        (
            [pur_rq_code] => #-00350-2025
            [requester] => 14
            [department] => 2
            [request_date] => 2025-11-10 23:31:33
            [project] => RS1-2510-1102, HMCMM HEAT CHAULKING SPM MACHINE
            [status] => 1
            [id] => 350
            [department_title] => Mechanical Team
            [first_name] => Sanish 
            [last_name] => Dhariwal
        )

    [66] => Array
        (
            [pur_rq_code] => #-00348-2025
            [requester] => 55
            [department] => 2
            [request_date] => 2025-11-10 22:44:25
            [project] => RS2-2507-1018_HMMTS_leak testing coupler
            [status] => 1
            [id] => 348
            [department_title] => Mechanical Team
            [first_name] => Sahil
            [last_name] => Dhaka
        )

    [67] => Array
        (
            [pur_rq_code] => #-00347-2025
            [requester] => 14
            [department] => 2
            [request_date] => 2025-11-08 03:19:49
            [project] => RS1-2507-1061-2_Diagonal Cutting Jig
            [status] => 2
            [id] => 347
            [department_title] => Mechanical Team
            [first_name] => Sanish 
            [last_name] => Dhariwal
        )

    [68] => Array
        (
            [pur_rq_code] => #-00345-2025
            [requester] => 40
            [department] => 2
            [request_date] => 2025-11-06 23:33:52
            [project] => RS2526-SPARE-E
            [status] => 2
            [id] => 345
            [department_title] => Mechanical Team
            [first_name] => Sanjeev
            [last_name] => Dhariwal
        )

    [69] => Array
        (
            [pur_rq_code] => #-00344-2025
            [requester] => 21
            [department] => 2
            [request_date] => 2025-11-06 01:27:54
            [project] => RS2504-5253-02 Elevator for Mixer
            [status] => 2
            [id] => 344
            [department_title] => Mechanical Team
            [first_name] => Parvesh
            [last_name] => Beniwal
        )

    [70] => Array
        (
            [pur_rq_code] => #-00343-2025
            [requester] => 55
            [department] => 2
            [request_date] => 2025-11-06 01:16:51
            [project] => RS1-2508-1081 Prospira Bond Test Machine
            [status] => 2
            [id] => 343
            [department_title] => Mechanical Team
            [first_name] => Sahil
            [last_name] => Dhaka
        )

    [71] => Array
        (
            [pur_rq_code] => #-00342-2025
            [requester] => 55
            [department] => 2
            [request_date] => 2025-11-05 00:47:51
            [project] => RS1-2508-1081 Prospira Bond Test Machine
            [status] => 2
            [id] => 342
            [department_title] => Mechanical Team
            [first_name] => Sahil
            [last_name] => Dhaka
        )

    [72] => Array
        (
            [pur_rq_code] => #-00341-2025
            [requester] => 55
            [department] => 2
            [request_date] => 2025-11-03 05:49:05
            [project] => RS1-2508-1081 Prospira Bond Test Machine
            [status] => 2
            [id] => 341
            [department_title] => Mechanical Team
            [first_name] => Sahil
            [last_name] => Dhaka
        )

    [73] => Array
        (
            [pur_rq_code] => #-00340-2025
            [requester] => 55
            [department] => 2
            [request_date] => 2025-11-03 04:36:03
            [project] => RS1-2508-1081 Prospira Bond Test Machine
            [status] => 2
            [id] => 340
            [department_title] => Mechanical Team
            [first_name] => Sahil
            [last_name] => Dhaka
        )

    [74] => Array
        (
            [pur_rq_code] => #-00339-2025
            [requester] => 13
            [department] => 2
            [request_date] => 2025-11-01 07:57:41
            [project] => RS1-2508-1081 Prospira Bond Test Machine
            [status] => 1
            [id] => 339
            [department_title] => Mechanical Team
            [first_name] => Rohan
            [last_name] => Pawar
        )

    [75] => Array
        (
            [pur_rq_code] => #-00338-2025
            [requester] => 13
            [department] => 2
            [request_date] => 2025-11-01 07:55:53
            [project] => RS1-2508-1081 Prospira Bond Test Machine
            [status] => 1
            [id] => 338
            [department_title] => Mechanical Team
            [first_name] => Rohan
            [last_name] => Pawar
        )

    [76] => Array
        (
            [pur_rq_code] => #-00337-2025
            [requester] => 13
            [department] => 2
            [request_date] => 2025-11-01 07:53:23
            [project] => RS1-2508-1081 Prospira Bond Test Machine
            [status] => 1
            [id] => 337
            [department_title] => Mechanical Team
            [first_name] => Rohan
            [last_name] => Pawar
        )

    [77] => Array
        (
            [pur_rq_code] => #-00335-2025
            [requester] => 55
            [department] => 2
            [request_date] => 2025-10-31 04:39:55
            [project] => RS1-2508-1081 Prospira Bond Test Machine
            [status] => 2
            [id] => 335
            [department_title] => Mechanical Team
            [first_name] => Sahil
            [last_name] => Dhaka
        )

    [78] => Array
        (
            [pur_rq_code] => #-00334-2025
            [requester] => 55
            [department] => 2
            [request_date] => 2025-10-30 23:15:00
            [project] => RS2504-5252 Buck Storage rack
            [status] => 1
            [id] => 334
            [department_title] => Mechanical Team
            [first_name] => Sahil
            [last_name] => Dhaka
        )

    [79] => Array
        (
            [pur_rq_code] => #-00333-2025
            [requester] => 15
            [department] => 2
            [request_date] => 2025-10-30 23:13:12
            [project] => RS2504-5266-5_Vision Inspection Stations SM and MM
            [status] => 2
            [id] => 333
            [department_title] => Mechanical Team
            [first_name] => Ravi
            [last_name] => Saini
        )

    [80] => Array
        (
            [pur_rq_code] => #-00332-2025
            [requester] => 55
            [department] => 2
            [request_date] => 2025-10-30 23:11:43
            [project] => RS2504-5253-02 Elevator for Mixer
            [status] => 2
            [id] => 332
            [department_title] => Mechanical Team
            [first_name] => Sahil
            [last_name] => Dhaka
        )

    [81] => Array
        (
            [pur_rq_code] => #-00331-2025
            [requester] => 14
            [department] => 2
            [request_date] => 2025-10-30 06:28:00
            [project] => RS2509-5317_HMC MM FLS Assy. Station
            [status] => 2
            [id] => 331
            [department_title] => Mechanical Team
            [first_name] => Sanish 
            [last_name] => Dhariwal
        )

    [82] => Array
        (
            [pur_rq_code] => #-00330-2025
            [requester] => 15
            [department] => 2
            [request_date] => 2025-10-29 02:12:15
            [project] => RS2504-5266-5_Vision Inspection Stations SM and MM
            [status] => 1
            [id] => 330
            [department_title] => Mechanical Team
            [first_name] => Ravi
            [last_name] => Saini
        )

    [83] => Array
        (
            [pur_rq_code] => #-00328-2025
            [requester] => 15
            [department] => 2
            [request_date] => 2025-10-28 05:11:24
            [project] => RS2504-5266-5_Vision Inspection Stations SM and MM
            [status] => 1
            [id] => 328
            [department_title] => Mechanical Team
            [first_name] => Ravi
            [last_name] => Saini
        )

    [84] => Array
        (
            [pur_rq_code] => #-00326-2025
            [requester] => 14
            [department] => 2
            [request_date] => 2025-10-27 01:50:51
            [project] => RS2526-FIX-SS
            [status] => 2
            [id] => 326
            [department_title] => Mechanical Team
            [first_name] => Sanish 
            [last_name] => Dhariwal
        )

    [85] => Array
        (
            [pur_rq_code] => #-00325-2025
            [requester] => 21
            [department] => 2
            [request_date] => 2025-10-27 01:14:35
            [project] => RS2504-5253-02 Elevator for Mixer
            [status] => 2
            [id] => 325
            [department_title] => Mechanical Team
            [first_name] => Parvesh
            [last_name] => Beniwal
        )

    [86] => Array
        (
            [pur_rq_code] => #-00324-2025
            [requester] => 55
            [department] => 2
            [request_date] => 2025-10-26 22:55:11
            [project] => RS1-2510-1102, HMCMM HEAT CHAULKING SPM MACHINE
            [status] => 2
            [id] => 324
            [department_title] => Mechanical Team
            [first_name] => Sahil
            [last_name] => Dhaka
        )

    [87] => Array
        (
            [pur_rq_code] => #-00322-2025
            [requester] => 55
            [department] => 2
            [request_date] => 2025-10-24 09:14:28
            [project] => RS1-2508-1081 Prospira Bond Test Machine
            [status] => 2
            [id] => 322
            [department_title] => Mechanical Team
            [first_name] => Sahil
            [last_name] => Dhaka
        )

    [88] => Array
        (
            [pur_rq_code] => #-00316-2025
            [requester] => 55
            [department] => 2
            [request_date] => 2025-10-24 01:44:26
            [project] => RS2504-5252 Buck Storage rack
            [status] => 2
            [id] => 316
            [department_title] => Mechanical Team
            [first_name] => Sahil
            [last_name] => Dhaka
        )

    [89] => Array
        (
            [pur_rq_code] => #-00315-2025
            [requester] => 55
            [department] => 2
            [request_date] => 2025-10-24 01:22:43
            [project] => RS2504-5252 Buck Storage rack
            [status] => 2
            [id] => 315
            [department_title] => Mechanical Team
            [first_name] => Sahil
            [last_name] => Dhaka
        )

    [90] => Array
        (
            [pur_rq_code] => #-00314-2025
            [requester] => 15
            [department] => 2
            [request_date] => 2025-10-24 01:05:19
            [project] => RS2-2507-1018_HMMTS_leak testing coupler
            [status] => 2
            [id] => 314
            [department_title] => Mechanical Team
            [first_name] => Ravi
            [last_name] => Saini
        )

    [91] => Array
        (
            [pur_rq_code] => #-00312-2025
            [requester] => 55
            [department] => 2
            [request_date] => 2025-10-24 00:59:18
            [project] => RS1-2510-1102, HMCMM HEAT CHAULKING SPM MACHINE
            [status] => 2
            [id] => 312
            [department_title] => Mechanical Team
            [first_name] => Sahil
            [last_name] => Dhaka
        )

    [92] => Array
        (
            [pur_rq_code] => #-00310-2025
            [requester] => 15
            [department] => 2
            [request_date] => 2025-10-23 04:59:00
            [project] => RS2504-5266-5_Vision Inspection Stations SM and MM
            [status] => 2
            [id] => 310
            [department_title] => Mechanical Team
            [first_name] => Ravi
            [last_name] => Saini
        )

    [93] => Array
        (
            [pur_rq_code] => #-00309-2025
            [requester] => 15
            [department] => 2
            [request_date] => 2025-10-23 04:57:40
            [project] => RS2504-5266-5_Vision Inspection Stations SM and MM
            [status] => 1
            [id] => 309
            [department_title] => Mechanical Team
            [first_name] => Ravi
            [last_name] => Saini
        )

    [94] => Array
        (
            [pur_rq_code] => #-00308-2025
            [requester] => 15
            [department] => 2
            [request_date] => 2025-10-23 04:44:09
            [project] => RS2504-5266-5_Vision Inspection Stations SM and MM
            [status] => 1
            [id] => 308
            [department_title] => Mechanical Team
            [first_name] => Ravi
            [last_name] => Saini
        )

    [95] => Array
        (
            [pur_rq_code] => #-00307-2025
            [requester] => 15
            [department] => 2
            [request_date] => 2025-10-17 07:11:38
            [project] => RS2504-5253-02 Elevator for Mixer
            [status] => 2
            [id] => 307
            [department_title] => Mechanical Team
            [first_name] => Ravi
            [last_name] => Saini
        )

    [96] => Array
        (
            [pur_rq_code] => #-00306-2025
            [requester] => 15
            [department] => 2
            [request_date] => 2025-10-17 07:10:10
            [project] => RS2504-5253-02 Elevator for Mixer
            [status] => 1
            [id] => 306
            [department_title] => Mechanical Team
            [first_name] => Ravi
            [last_name] => Saini
        )

    [97] => Array
        (
            [pur_rq_code] => #-00304-2025
            [requester] => 55
            [department] => 2
            [request_date] => 2025-10-14 23:16:39
            [project] => RS2504-5253-02 Elevator for Mixer
            [status] => 2
            [id] => 304
            [department_title] => Mechanical Team
            [first_name] => Sahil
            [last_name] => Dhaka
        )

    [98] => Array
        (
            [pur_rq_code] => #-00303-2025
            [requester] => 26
            [department] => 2
            [request_date] => 2025-10-14 01:26:30
            [project] => RS2526-SPARE-E
            [status] => 2
            [id] => 303
            [department_title] => Mechanical Team
            [first_name] => Joginder
            [last_name] => Dhariwal
        )

    [99] => Array
        (
            [pur_rq_code] => #-00302-2025
            [requester] => 26
            [department] => 2
            [request_date] => 2025-10-14 01:09:33
            [project] => RS2526-SPARE-E
            [status] => 2
            [id] => 302
            [department_title] => Mechanical Team
            [first_name] => Joginder
            [last_name] => Dhariwal
        )

    [100] => Array
        (
            [pur_rq_code] => #-00300-2025
            [requester] => 15
            [department] => 2
            [request_date] => 2025-10-13 23:17:57
            [project] => RS2504-5266-5_Vision Inspection Stations SM and MM
            [status] => 1
            [id] => 300
            [department_title] => Mechanical Team
            [first_name] => Ravi
            [last_name] => Saini
        )

    [101] => Array
        (
            [pur_rq_code] => #-00299-2025
            [requester] => 21
            [department] => 2
            [request_date] => 2025-10-13 07:09:59
            [project] => RS2504-5253-02 Elevator for Mixer
            [status] => 2
            [id] => 299
            [department_title] => Mechanical Team
            [first_name] => Parvesh
            [last_name] => Beniwal
        )

    [102] => Array
        (
            [pur_rq_code] => #-00298-2025
            [requester] => 21
            [department] => 2
            [request_date] => 2025-10-13 07:09:01
            [project] => RS2504-5253-02 Elevator for Mixer
            [status] => 2
            [id] => 298
            [department_title] => Mechanical Team
            [first_name] => Parvesh
            [last_name] => Beniwal
        )

    [103] => Array
        (
            [pur_rq_code] => #-00297-2025
            [requester] => 14
            [department] => 2
            [request_date] => 2025-10-13 02:07:47
            [project] => RS2509-5317_HMC MM FLS Assy. Station
            [status] => 2
            [id] => 297
            [department_title] => Mechanical Team
            [first_name] => Sanish 
            [last_name] => Dhariwal
        )

    [104] => Array
        (
            [pur_rq_code] => #-00296-2025
            [requester] => 14
            [department] => 2
            [request_date] => 2025-10-13 01:49:06
            [project] => RS2509-5317_HMC MM FLS Assy. Station
            [status] => 2
            [id] => 296
            [department_title] => Mechanical Team
            [first_name] => Sanish 
            [last_name] => Dhariwal
        )

    [105] => Array
        (
            [pur_rq_code] => #-00295-2025
            [requester] => 15
            [department] => 2
            [request_date] => 2025-10-11 04:52:57
            [project] => RS2504-5253-02 Elevator for Mixer
            [status] => 2
            [id] => 295
            [department_title] => Mechanical Team
            [first_name] => Ravi
            [last_name] => Saini
        )

    [106] => Array
        (
            [pur_rq_code] => #-00294-2025
            [requester] => 15
            [department] => 2
            [request_date] => 2025-10-11 04:50:03
            [project] => RS2504-5253-02 Elevator for Mixer
            [status] => 2
            [id] => 294
            [department_title] => Mechanical Team
            [first_name] => Ravi
            [last_name] => Saini
        )

    [107] => Array
        (
            [pur_rq_code] => #-00292-2025
            [requester] => 55
            [department] => 2
            [request_date] => 2025-10-11 00:12:18
            [project] => RS2504-5253-02 Elevator for Mixer
            [status] => 2
            [id] => 292
            [department_title] => Mechanical Team
            [first_name] => Sahil
            [last_name] => Dhaka
        )

    [108] => Array
        (
            [pur_rq_code] => #-00291-2025
            [requester] => 11
            [department] => 2
            [request_date] => 2025-10-10 23:13:30
            [project] => RS2526-SPARE-E
            [status] => 2
            [id] => 291
            [department_title] => Mechanical Team
            [first_name] => Komal
            [last_name] => Yadav
        )

    [109] => Array
        (
            [pur_rq_code] => #-00290-2025
            [requester] => 13
            [department] => 2
            [request_date] => 2025-10-10 22:44:53
            [project] => RS2507-5304 HMCMM-EOL ETB ECU TLC-04
            [status] => 2
            [id] => 290
            [department_title] => Mechanical Team
            [first_name] => Rohan
            [last_name] => Pawar
        )

    [110] => Array
        (
            [pur_rq_code] => #-00289-2025
            [requester] => 13
            [department] => 2
            [request_date] => 2025-10-10 05:16:05
            [project] => RS2507-5304 HMCMM-EOL ETB ECU TLC-04
            [status] => 2
            [id] => 289
            [department_title] => Mechanical Team
            [first_name] => Rohan
            [last_name] => Pawar
        )

    [111] => Array
        (
            [pur_rq_code] => #-00288-2025
            [requester] => 14
            [department] => 2
            [request_date] => 2025-10-10 01:56:16
            [project] => RS2504-5253-02 Elevator for Mixer
            [status] => 2
            [id] => 288
            [department_title] => Mechanical Team
            [first_name] => Sanish 
            [last_name] => Dhariwal
        )

    [112] => Array
        (
            [pur_rq_code] => #-00287-2025
            [requester] => 21
            [department] => 2
            [request_date] => 2025-10-10 01:36:17
            [project] => RS2504-5253-02 Elevator for Mixer
            [status] => 2
            [id] => 287
            [department_title] => Mechanical Team
            [first_name] => Parvesh
            [last_name] => Beniwal
        )

    [113] => Array
        (
            [pur_rq_code] => #-00286-2025
            [requester] => 21
            [department] => 2
            [request_date] => 2025-10-10 00:39:36
            [project] => RS2504-5253-02 Elevator for Mixer
            [status] => 2
            [id] => 286
            [department_title] => Mechanical Team
            [first_name] => Parvesh
            [last_name] => Beniwal
        )

    [114] => Array
        (
            [pur_rq_code] => #-00284-2025
            [requester] => 15
            [department] => 2
            [request_date] => 2025-10-08 07:06:22
            [project] => RS2-2506-1009 YED ROBOTIC CELL
            [status] => 2
            [id] => 284
            [department_title] => Mechanical Team
            [first_name] => Ravi
            [last_name] => Saini
        )

    [115] => Array
        (
            [pur_rq_code] => #-00283-2025
            [requester] => 55
            [department] => 2
            [request_date] => 2025-10-08 04:19:41
            [project] => RS2504-5253-02 Elevator for Mixer
            [status] => 2
            [id] => 283
            [department_title] => Mechanical Team
            [first_name] => Sahil
            [last_name] => Dhaka
        )

    [116] => Array
        (
            [pur_rq_code] => #-00282-2025
            [requester] => 55
            [department] => 2
            [request_date] => 2025-10-08 04:05:11
            [project] => RS2504-5253-02 Elevator for Mixer
            [status] => 2
            [id] => 282
            [department_title] => Mechanical Team
            [first_name] => Sahil
            [last_name] => Dhaka
        )

    [117] => Array
        (
            [pur_rq_code] => #-00278-2025
            [requester] => 40
            [department] => 2
            [request_date] => 2025-10-06 22:46:43
            [project] => RS2526-SPARE-E
            [status] => 2
            [id] => 278
            [department_title] => Mechanical Team
            [first_name] => Sanjeev
            [last_name] => Dhariwal
        )

    [118] => Array
        (
            [pur_rq_code] => #-00276-2025
            [requester] => 9
            [department] => 2
            [request_date] => 2025-10-06 04:52:37
            [project] => RS2526-SHIN-007 Vision Inspection Station
            [status] => 2
            [id] => 276
            [department_title] => Mechanical Team
            [first_name] => Anand
            [last_name] => Dhariwal
        )

    [119] => Array
        (
            [pur_rq_code] => #-00275-2025
            [requester] => 40
            [department] => 2
            [request_date] => 2025-10-06 04:00:00
            [project] => RS2526-FIX-SS
            [status] => 2
            [id] => 275
            [department_title] => Mechanical Team
            [first_name] => Sanjeev
            [last_name] => Dhariwal
        )

    [120] => Array
        (
            [pur_rq_code] => #-00274-2025
            [requester] => 15
            [department] => 2
            [request_date] => 2025-10-06 03:55:45
            [project] => RS2-2506-1009 YED ROBOTIC CELL
            [status] => 2
            [id] => 274
            [department_title] => Mechanical Team
            [first_name] => Ravi
            [last_name] => Saini
        )

    [121] => Array
        (
            [pur_rq_code] => #-00272-2025
            [requester] => 15
            [department] => 2
            [request_date] => 2025-10-06 00:25:53
            [project] => RS2504-5262 YHB ROBOTIC CELL
            [status] => 2
            [id] => 272
            [department_title] => Mechanical Team
            [first_name] => Ravi
            [last_name] => Saini
        )

    [122] => Array
        (
            [pur_rq_code] => #-00271-2025
            [requester] => 15
            [department] => 2
            [request_date] => 2025-10-06 00:23:50
            [project] => RS2-2506-1009 YED ROBOTIC CELL
            [status] => 1
            [id] => 271
            [department_title] => Mechanical Team
            [first_name] => Ravi
            [last_name] => Saini
        )

    [123] => Array
        (
            [pur_rq_code] => #-00270-2025
            [requester] => 15
            [department] => 2
            [request_date] => 2025-10-06 00:08:02
            [project] => RS2-2506-1009 YED ROBOTIC CELL
            [status] => 1
            [id] => 270
            [department_title] => Mechanical Team
            [first_name] => Ravi
            [last_name] => Saini
        )

    [124] => Array
        (
            [pur_rq_code] => #-00269-2025
            [requester] => 14
            [department] => 2
            [request_date] => 2025-10-04 06:14:07
            [project] => RS2409-5054-1_FMI_Robotic Cell
            [status] => 2
            [id] => 269
            [department_title] => Mechanical Team
            [first_name] => Sanish 
            [last_name] => Dhariwal
        )

    [125] => Array
        (
            [pur_rq_code] => #-00268-2025
            [requester] => 14
            [department] => 2
            [request_date] => 2025-10-04 06:12:49
            [project] => RS2409-5054-1_FMI_Robotic Cell
            [status] => 1
            [id] => 268
            [department_title] => Mechanical Team
            [first_name] => Sanish 
            [last_name] => Dhariwal
        )

    [126] => Array
        (
            [pur_rq_code] => #-00267-2025
            [requester] => 55
            [department] => 2
            [request_date] => 2025-10-04 00:14:06
            [project] => RS1-2507-1061-2_Diagonal Cutting Jig
            [status] => 2
            [id] => 267
            [department_title] => Mechanical Team
            [first_name] => Sahil
            [last_name] => Dhaka
        )

    [127] => Array
        (
            [pur_rq_code] => #-00266-2025
            [requester] => 15
            [department] => 2
            [request_date] => 2025-10-04 00:09:30
            [project] => RS2-2506-1009 YED ROBOTIC CELL
            [status] => 2
            [id] => 266
            [department_title] => Mechanical Team
            [first_name] => Ravi
            [last_name] => Saini
        )

    [128] => Array
        (
            [pur_rq_code] => #-00265-2025
            [requester] => 21
            [department] => 2
            [request_date] => 2025-10-03 23:12:03
            [project] => RS2507-5305 Yamaha Mist Collector Installation
            [status] => 2
            [id] => 265
            [department_title] => Mechanical Team
            [first_name] => Parvesh
            [last_name] => Beniwal
        )

    [129] => Array
        (
            [pur_rq_code] => #-00264-2025
            [requester] => 14
            [department] => 2
            [request_date] => 2025-10-03 23:10:15
            [project] => RS2409-5054-1_FMI_Robotic Cell
            [status] => 2
            [id] => 264
            [department_title] => Mechanical Team
            [first_name] => Sanish 
            [last_name] => Dhariwal
        )

    [130] => Array
        (
            [pur_rq_code] => #-00263-2025
            [requester] => 15
            [department] => 2
            [request_date] => 2025-10-03 23:03:30
            [project] => RS2405-4977_Runout Checking M/C
            [status] => 2
            [id] => 263
            [department_title] => Mechanical Team
            [first_name] => Ravi
            [last_name] => Saini
        )

    [131] => Array
        (
            [pur_rq_code] => #-00261-2025
            [requester] => 14
            [department] => 2
            [request_date] => 2025-10-03 07:03:05
            [project] => RS2507-5305 Yamaha Mist Collector Installation
            [status] => 2
            [id] => 261
            [department_title] => Mechanical Team
            [first_name] => Sanish 
            [last_name] => Dhariwal
        )

    [132] => Array
        (
            [pur_rq_code] => #-00260-2025
            [requester] => 55
            [department] => 2
            [request_date] => 2025-10-03 00:08:12
            [project] => RS2405-4977_Runout Checking M/C
            [status] => 2
            [id] => 260
            [department_title] => Mechanical Team
            [first_name] => Sahil
            [last_name] => Dhaka
        )

    [133] => Array
        (
            [pur_rq_code] => #-00258-2025
            [requester] => 14
            [department] => 2
            [request_date] => 2025-10-02 22:54:39
            [project] => RS2409-5054-1_FMI_Robotic Cell
            [status] => 2
            [id] => 258
            [department_title] => Mechanical Team
            [first_name] => Sanish 
            [last_name] => Dhariwal
        )

    [134] => Array
        (
            [pur_rq_code] => #-00257-2025
            [requester] => 13
            [department] => 2
            [request_date] => 2025-10-01 06:25:40
            [project] => RS2409-5054-1_FMI_Robotic Cell
            [status] => 2
            [id] => 257
            [department_title] => Mechanical Team
            [first_name] => Rohan
            [last_name] => Pawar
        )

    [135] => Array
        (
            [pur_rq_code] => #-00255-2025
            [requester] => 21
            [department] => 2
            [request_date] => 2025-09-30 00:46:23
            [project] => RS2504-5253-02 Elevator for Mixer
            [status] => 2
            [id] => 255
            [department_title] => Mechanical Team
            [first_name] => Parvesh
            [last_name] => Beniwal
        )

    [136] => Array
        (
            [pur_rq_code] => #-00253-2025
            [requester] => 21
            [department] => 2
            [request_date] => 2025-09-27 00:14:39
            [project] => RS2504-5253-02 Elevator for Mixer
            [status] => 1
            [id] => 253
            [department_title] => Mechanical Team
            [first_name] => Parvesh
            [last_name] => Beniwal
        )

    [137] => Array
        (
            [pur_rq_code] => #-00248-2025
            [requester] => 14
            [department] => 2
            [request_date] => 2025-09-25 05:26:21
            [project] => RS2409-5054-1_FMI_Robotic Cell
            [status] => 2
            [id] => 248
            [department_title] => Mechanical Team
            [first_name] => Sanish 
            [last_name] => Dhariwal
        )

    [138] => Array
        (
            [pur_rq_code] => #-00247-2025
            [requester] => 13
            [department] => 2
            [request_date] => 2025-09-25 04:12:42
            [project] => RS1-2509-1099_HAMABO_VRV 6L_Power Supply Jig
            [status] => 2
            [id] => 247
            [department_title] => Mechanical Team
            [first_name] => Rohan
            [last_name] => Pawar
        )

    [139] => Array
        (
            [pur_rq_code] => #-00246-2025
            [requester] => 13
            [department] => 2
            [request_date] => 2025-09-25 04:12:42
            [project] => RS1-2509-1099_HAMABO_VRV 6L_Power Supply Jig
            [status] => 2
            [id] => 246
            [department_title] => Mechanical Team
            [first_name] => Rohan
            [last_name] => Pawar
        )

    [140] => Array
        (
            [pur_rq_code] => #-00245-2025
            [requester] => 13
            [department] => 2
            [request_date] => 2025-09-25 04:12:42
            [project] => RS1-2509-1099_HAMABO_VRV 6L_Power Supply Jig
            [status] => 2
            [id] => 245
            [department_title] => Mechanical Team
            [first_name] => Rohan
            [last_name] => Pawar
        )

    [141] => Array
        (
            [pur_rq_code] => #-00244-2025
            [requester] => 13
            [department] => 2
            [request_date] => 2025-09-25 04:12:42
            [project] => RS1-2509-1099_HAMABO_VRV 6L_Power Supply Jig
            [status] => 2
            [id] => 244
            [department_title] => Mechanical Team
            [first_name] => Rohan
            [last_name] => Pawar
        )

    [142] => Array
        (
            [pur_rq_code] => #-00243-2025
            [requester] => 13
            [department] => 2
            [request_date] => 2025-09-25 04:12:41
            [project] => RS1-2509-1099_HAMABO_VRV 6L_Power Supply Jig
            [status] => 1
            [id] => 243
            [department_title] => Mechanical Team
            [first_name] => Rohan
            [last_name] => Pawar
        )

    [143] => Array
        (
            [pur_rq_code] => #-00242-2025
            [requester] => 13
            [department] => 2
            [request_date] => 2025-09-25 04:12:41
            [project] => RS1-2509-1099_HAMABO_VRV 6L_Power Supply Jig
            [status] => 1
            [id] => 242
            [department_title] => Mechanical Team
            [first_name] => Rohan
            [last_name] => Pawar
        )

    [144] => Array
        (
            [pur_rq_code] => #-00241-2025
            [requester] => 13
            [department] => 2
            [request_date] => 2025-09-25 04:12:41
            [project] => RS1-2509-1099_HAMABO_VRV 6L_Power Supply Jig
            [status] => 1
            [id] => 241
            [department_title] => Mechanical Team
            [first_name] => Rohan
            [last_name] => Pawar
        )

    [145] => Array
        (
            [pur_rq_code] => #-00240-2025
            [requester] => 13
            [department] => 2
            [request_date] => 2025-09-25 04:12:41
            [project] => RS1-2509-1099_HAMABO_VRV 6L_Power Supply Jig
            [status] => 1
            [id] => 240
            [department_title] => Mechanical Team
            [first_name] => Rohan
            [last_name] => Pawar
        )

    [146] => Array
        (
            [pur_rq_code] => #-00239-2025
            [requester] => 13
            [department] => 2
            [request_date] => 2025-09-25 04:12:40
            [project] => RS1-2509-1099_HAMABO_VRV 6L_Power Supply Jig
            [status] => 2
            [id] => 239
            [department_title] => Mechanical Team
            [first_name] => Rohan
            [last_name] => Pawar
        )

    [147] => Array
        (
            [pur_rq_code] => #-00238-2025
            [requester] => 13
            [department] => 2
            [request_date] => 2025-09-25 04:12:40
            [project] => RS1-2509-1099_HAMABO_VRV 6L_Power Supply Jig
            [status] => 2
            [id] => 238
            [department_title] => Mechanical Team
            [first_name] => Rohan
            [last_name] => Pawar
        )

    [148] => Array
        (
            [pur_rq_code] => #-00237-2025
            [requester] => 13
            [department] => 2
            [request_date] => 2025-09-25 04:12:40
            [project] => RS1-2509-1099_HAMABO_VRV 6L_Power Supply Jig
            [status] => 2
            [id] => 237
            [department_title] => Mechanical Team
            [first_name] => Rohan
            [last_name] => Pawar
        )

    [149] => Array
        (
            [pur_rq_code] => #-00236-2025
            [requester] => 13
            [department] => 2
            [request_date] => 2025-09-25 04:12:40
            [project] => RS1-2509-1099_HAMABO_VRV 6L_Power Supply Jig
            [status] => 1
            [id] => 236
            [department_title] => Mechanical Team
            [first_name] => Rohan
            [last_name] => Pawar
        )

    [150] => Array
        (
            [pur_rq_code] => #-00235-2025
            [requester] => 13
            [department] => 2
            [request_date] => 2025-09-25 04:12:39
            [project] => RS1-2509-1099_HAMABO_VRV 6L_Power Supply Jig
            [status] => 1
            [id] => 235
            [department_title] => Mechanical Team
            [first_name] => Rohan
            [last_name] => Pawar
        )

    [151] => Array
        (
            [pur_rq_code] => #-00234-2025
            [requester] => 13
            [department] => 2
            [request_date] => 2025-09-25 04:12:39
            [project] => RS1-2509-1099_HAMABO_VRV 6L_Power Supply Jig
            [status] => 1
            [id] => 234
            [department_title] => Mechanical Team
            [first_name] => Rohan
            [last_name] => Pawar
        )

    [152] => Array
        (
            [pur_rq_code] => #-00233-2025
            [requester] => 13
            [department] => 2
            [request_date] => 2025-09-25 04:12:38
            [project] => RS1-2509-1099_HAMABO_VRV 6L_Power Supply Jig
            [status] => 1
            [id] => 233
            [department_title] => Mechanical Team
            [first_name] => Rohan
            [last_name] => Pawar
        )

    [153] => Array
        (
            [pur_rq_code] => #-00232-2025
            [requester] => 55
            [department] => 2
            [request_date] => 2025-09-25 04:12:35
            [project] => RS1-2509-1099_HAMABO_VRV 6L_Power Supply Jig
            [status] => 1
            [id] => 232
            [department_title] => Mechanical Team
            [first_name] => Sahil
            [last_name] => Dhaka
        )

    [154] => Array
        (
            [pur_rq_code] => #-00231-2025
            [requester] => 55
            [department] => 2
            [request_date] => 2025-09-25 04:12:35
            [project] => RS1-2509-1099_HAMABO_VRV 6L_Power Supply Jig
            [status] => 1
            [id] => 231
            [department_title] => Mechanical Team
            [first_name] => Sahil
            [last_name] => Dhaka
        )

    [155] => Array
        (
            [pur_rq_code] => #-00230-2025
            [requester] => 55
            [department] => 2
            [request_date] => 2025-09-25 02:25:00
            [project] => RS1-2509-1099_HAMABO_VRV 6L_Power Supply Jig
            [status] => 2
            [id] => 230
            [department_title] => Mechanical Team
            [first_name] => Sahil
            [last_name] => Dhaka
        )

    [156] => Array
        (
            [pur_rq_code] => #-00229-2025
            [requester] => 21
            [department] => 2
            [request_date] => 2025-09-25 00:23:52
            [project] => RS2507-5305 Yamaha Mist Collector Installation
            [status] => 1
            [id] => 229
            [department_title] => Mechanical Team
            [first_name] => Parvesh
            [last_name] => Beniwal
        )

    [157] => Array
        (
            [pur_rq_code] => #-00226-2025
            [requester] => 15
            [department] => 2
            [request_date] => 2025-09-25 00:15:02
            [project] => RS2-2506-1009 YED ROBOTIC CELL
            [status] => 1
            [id] => 226
            [department_title] => Mechanical Team
            [first_name] => Ravi
            [last_name] => Saini
        )

    [158] => Array
        (
            [pur_rq_code] => #-00225-2025
            [requester] => 15
            [department] => 2
            [request_date] => 2025-09-25 00:07:17
            [project] => RS2-2506-1009 YED ROBOTIC CELL
            [status] => 1
            [id] => 225
            [department_title] => Mechanical Team
            [first_name] => Ravi
            [last_name] => Saini
        )

    [159] => Array
        (
            [pur_rq_code] => #-00222-2025
            [requester] => 15
            [department] => 2
            [request_date] => 2025-09-24 04:32:53
            [project] => RS2504-5266-5_Vision Inspection Stations SM and MM
            [status] => 1
            [id] => 222
            [department_title] => Mechanical Team
            [first_name] => Ravi
            [last_name] => Saini
        )

    [160] => Array
        (
            [pur_rq_code] => #-00220-2025
            [requester] => 13
            [department] => 2
            [request_date] => 2025-09-24 00:19:38
            [project] => RS2409-5054-1_FMI_Robotic Cell
            [status] => 2
            [id] => 220
            [department_title] => Mechanical Team
            [first_name] => Rohan
            [last_name] => Pawar
        )

    [161] => Array
        (
            [pur_rq_code] => #-00218-2025
            [requester] => 15
            [department] => 2
            [request_date] => 2025-09-23 05:19:08
            [project] => RS2-2506-1009 YED ROBOTIC CELL
            [status] => 1
            [id] => 218
            [department_title] => Mechanical Team
            [first_name] => Ravi
            [last_name] => Saini
        )

    [162] => Array
        (
            [pur_rq_code] => #-00211-2025
            [requester] => 55
            [department] => 2
            [request_date] => 2025-09-22 02:51:50
            [project] => RS1-2507-1061-2_Diagonal Cutting Jig
            [status] => 2
            [id] => 211
            [department_title] => Mechanical Team
            [first_name] => Sahil
            [last_name] => Dhaka
        )

    [163] => Array
        (
            [pur_rq_code] => #-00210-2025
            [requester] => 55
            [department] => 2
            [request_date] => 2025-09-20 06:35:13
            [project] => RS2502-5174-1 Punch Forming, Finger Forming and Pipe Cutting  Machin
            [status] => 2
            [id] => 210
            [department_title] => Mechanical Team
            [first_name] => Sahil
            [last_name] => Dhaka
        )

    [164] => Array
        (
            [pur_rq_code] => #-00209-2025
            [requester] => 13
            [department] => 2
            [request_date] => 2025-09-19 05:15:17
            [project] => RS2507-5304 HMCMM-EOL ETB ECU TLC-04
            [status] => 2
            [id] => 209
            [department_title] => Mechanical Team
            [first_name] => Rohan
            [last_name] => Pawar
        )

    [165] => Array
        (
            [pur_rq_code] => #-00207-2025
            [requester] => 31
            [department] => 2
            [request_date] => 2025-09-18 00:24:26
            [project] => RS2526-SPARE-E
            [status] => 2
            [id] => 207
            [department_title] => Mechanical Team
            [first_name] => Sudesh
            [last_name] => Kumar
        )

    [166] => Array
        (
            [pur_rq_code] => #-00204-2025
            [requester] => 55
            [department] => 2
            [request_date] => 2025-09-15 05:13:28
            [project] => RS1-2507-1061-2_Diagonal Cutting Jig
            [status] => 2
            [id] => 204
            [department_title] => Mechanical Team
            [first_name] => Sahil
            [last_name] => Dhaka
        )

    [167] => Array
        (
            [pur_rq_code] => #-00203-2025
            [requester] => 15
            [department] => 2
            [request_date] => 2025-09-13 00:31:33
            [project] => RS2-2506-1009 YED ROBOTIC CELL
            [status] => 2
            [id] => 203
            [department_title] => Mechanical Team
            [first_name] => Ravi
            [last_name] => Saini
        )

    [168] => Array
        (
            [pur_rq_code] => #-00202-2025
            [requester] => 15
            [department] => 2
            [request_date] => 2025-09-12 23:46:02
            [project] => RS2-2506-1009 YED ROBOTIC CELL
            [status] => 1
            [id] => 202
            [department_title] => Mechanical Team
            [first_name] => Ravi
            [last_name] => Saini
        )

    [169] => Array
        (
            [pur_rq_code] => #-00201-2025
            [requester] => 55
            [department] => 2
            [request_date] => 2025-09-12 03:11:57
            [project] => RS1-2508-1069-5_HMC MM_Tools
            [status] => 2
            [id] => 201
            [department_title] => Mechanical Team
            [first_name] => Sahil
            [last_name] => Dhaka
        )

    [170] => Array
        (
            [pur_rq_code] => #-00198-2025
            [requester] => 21
            [department] => 2
            [request_date] => 2025-09-10 05:18:55
            [project] => RS2505-5277-2 Chamfer Machine Modifiaction
            [status] => 2
            [id] => 198
            [department_title] => Mechanical Team
            [first_name] => Parvesh
            [last_name] => Beniwal
        )

    [171] => Array
        (
            [pur_rq_code] => #-00197-2025
            [requester] => 55
            [department] => 2
            [request_date] => 2025-09-10 05:00:18
            [project] => RS1-2508-1069-5_HMC MM_Tools
            [status] => 2
            [id] => 197
            [department_title] => Mechanical Team
            [first_name] => Sahil
            [last_name] => Dhaka
        )

    [172] => Array
        (
            [pur_rq_code] => #-00196-2025
            [requester] => 55
            [department] => 2
            [request_date] => 2025-09-10 02:25:34
            [project] => RS2507-5305 Yamaha Mist Collector Installation
            [status] => 2
            [id] => 196
            [department_title] => Mechanical Team
            [first_name] => Sahil
            [last_name] => Dhaka
        )

    [173] => Array
        (
            [pur_rq_code] => #-00194-2025
            [requester] => 55
            [department] => 2
            [request_date] => 2025-09-08 23:16:06
            [project] => RS1-2508-1069-5_HMC MM_Tools
            [status] => 2
            [id] => 194
            [department_title] => Mechanical Team
            [first_name] => Sahil
            [last_name] => Dhaka
        )

    [174] => Array
        (
            [pur_rq_code] => #-00187-2025
            [requester] => 13
            [department] => 2
            [request_date] => 2025-09-04 22:47:56
            [project] => RS2507-5304 HMCMM-EOL ETB ECU TLC-04
            [status] => 2
            [id] => 187
            [department_title] => Mechanical Team
            [first_name] => Rohan
            [last_name] => Pawar
        )

    [175] => Array
        (
            [pur_rq_code] => #-00181-2025
            [requester] => 9
            [department] => 2
            [request_date] => 2025-09-03 05:23:48
            [project] => RS2405-4977_Runout Checking M/C
            [status] => 2
            [id] => 181
            [department_title] => Mechanical Team
            [first_name] => Anand
            [last_name] => Dhariwal
        )

    [176] => Array
        (
            [pur_rq_code] => #-00176-2025
            [requester] => 13
            [department] => 2
            [request_date] => 2025-09-02 00:23:40
            [project] => RS2507-5304 HMCMM-EOL ETB ECU TLC-04
            [status] => 2
            [id] => 176
            [department_title] => Mechanical Team
            [first_name] => Rohan
            [last_name] => Pawar
        )

    [177] => Array
        (
            [pur_rq_code] => #-00175-2025
            [requester] => 13
            [department] => 2
            [request_date] => 2025-09-01 05:37:51
            [project] => RS2507-5304 HMCMM-EOL ETB ECU TLC-04
            [status] => 2
            [id] => 175
            [department_title] => Mechanical Team
            [first_name] => Rohan
            [last_name] => Pawar
        )

    [178] => Array
        (
            [pur_rq_code] => #-00174-2025
            [requester] => 14
            [department] => 2
            [request_date] => 2025-09-01 00:23:35
            [project] => RS2502-5174-1 Punch Forming, Finger Forming and Pipe Cutting  Machin
            [status] => 1
            [id] => 174
            [department_title] => Mechanical Team
            [first_name] => Sanish 
            [last_name] => Dhariwal
        )

    [179] => Array
        (
            [pur_rq_code] => #-00169-2025
            [requester] => 9
            [department] => 2
            [request_date] => 2025-08-30 01:12:42
            [project] => RS2502-5174-1 Punch Forming, Finger Forming and Pipe Cutting  Machin
            [status] => 2
            [id] => 169
            [department_title] => Mechanical Team
            [first_name] => Anand
            [last_name] => Dhariwal
        )

    [180] => Array
        (
            [pur_rq_code] => #-00168-2025
            [requester] => 14
            [department] => 2
            [request_date] => 2025-08-30 00:52:55
            [project] => RS2502-5174-1 Punch Forming, Finger Forming and Pipe Cutting  Machin
            [status] => 1
            [id] => 168
            [department_title] => Mechanical Team
            [first_name] => Sanish 
            [last_name] => Dhariwal
        )

    [181] => Array
        (
            [pur_rq_code] => #-00167-2025
            [requester] => 14
            [department] => 2
            [request_date] => 2025-08-30 00:49:30
            [project] => RS2502-5174-1 Punch Forming, Finger Forming and Pipe Cutting  Machin
            [status] => 1
            [id] => 167
            [department_title] => Mechanical Team
            [first_name] => Sanish 
            [last_name] => Dhariwal
        )

    [182] => Array
        (
            [pur_rq_code] => #-00166-2025
            [requester] => 14
            [department] => 2
            [request_date] => 2025-08-30 00:44:22
            [project] => RS2502-5174-1 Punch Forming, Finger Forming and Pipe Cutting  Machin
            [status] => 1
            [id] => 166
            [department_title] => Mechanical Team
            [first_name] => Sanish 
            [last_name] => Dhariwal
        )

    [183] => Array
        (
            [pur_rq_code] => #-00165-2025
            [requester] => 14
            [department] => 2
            [request_date] => 2025-08-30 00:40:00
            [project] => RS2502-5174-1 Punch Forming, Finger Forming and Pipe Cutting  Machin
            [status] => 1
            [id] => 165
            [department_title] => Mechanical Team
            [first_name] => Sanish 
            [last_name] => Dhariwal
        )

    [184] => Array
        (
            [pur_rq_code] => #-00162-2025
            [requester] => 14
            [department] => 2
            [request_date] => 2025-08-30 00:20:24
            [project] => RS2502-5174-1 Punch Forming, Finger Forming and Pipe Cutting  Machin
            [status] => 2
            [id] => 162
            [department_title] => Mechanical Team
            [first_name] => Sanish 
            [last_name] => Dhariwal
        )

    [185] => Array
        (
            [pur_rq_code] => #-00161-2025
            [requester] => 14
            [department] => 2
            [request_date] => 2025-08-30 00:13:35
            [project] => RS2502-5174-1 Punch Forming, Finger Forming and Pipe Cutting  Machin
            [status] => 2
            [id] => 161
            [department_title] => Mechanical Team
            [first_name] => Sanish 
            [last_name] => Dhariwal
        )

    [186] => Array
        (
            [pur_rq_code] => #-00160-2025
            [requester] => 14
            [department] => 2
            [request_date] => 2025-08-30 00:09:47
            [project] => RS2502-5174-1 Punch Forming, Finger Forming and Pipe Cutting  Machin
            [status] => 1
            [id] => 160
            [department_title] => Mechanical Team
            [first_name] => Sanish 
            [last_name] => Dhariwal
        )

    [187] => Array
        (
            [pur_rq_code] => #-00157-2025
            [requester] => 15
            [department] => 2
            [request_date] => 2025-08-28 04:53:54
            [project] => RS2-2507-1012  Inspection Machine Modification
            [status] => 2
            [id] => 157
            [department_title] => Mechanical Team
            [first_name] => Ravi
            [last_name] => Saini
        )

    [188] => Array
        (
            [pur_rq_code] => #-00156-2025
            [requester] => 13
            [department] => 2
            [request_date] => 2025-08-28 03:20:41
            [project] => RS2507-5304 HMCMM-EOL ETB ECU TLC-04
            [status] => 2
            [id] => 156
            [department_title] => Mechanical Team
            [first_name] => Rohan
            [last_name] => Pawar
        )

    [189] => Array
        (
            [pur_rq_code] => #-00155-2025
            [requester] => 15
            [department] => 2
            [request_date] => 2025-08-28 02:21:32
            [project] => RS2526-SHIN-007 Vision Inspection Station
            [status] => 2
            [id] => 155
            [department_title] => Mechanical Team
            [first_name] => Ravi
            [last_name] => Saini
        )

    [190] => Array
        (
            [pur_rq_code] => #-00152-2025
            [requester] => 21
            [department] => 2
            [request_date] => 2025-08-28 00:21:58
            [project] => RS2504-5253-02 Elevator for Mixer
            [status] => 2
            [id] => 152
            [department_title] => Mechanical Team
            [first_name] => Parvesh
            [last_name] => Beniwal
        )

    [191] => Array
        (
            [pur_rq_code] => #-00151-2025
            [requester] => 13
            [department] => 2
            [request_date] => 2025-08-28 00:04:10
            [project] => RS2507-5304 HMCMM-EOL ETB ECU TLC-04
            [status] => 2
            [id] => 151
            [department_title] => Mechanical Team
            [first_name] => Rohan
            [last_name] => Pawar
        )

    [192] => Array
        (
            [pur_rq_code] => #-00150-2025
            [requester] => 13
            [department] => 2
            [request_date] => 2025-08-28 00:00:44
            [project] => RS2507-5304 HMCMM-EOL ETB ECU TLC-04
            [status] => 1
            [id] => 150
            [department_title] => Mechanical Team
            [first_name] => Rohan
            [last_name] => Pawar
        )

    [193] => Array
        (
            [pur_rq_code] => #-00149-2025
            [requester] => 13
            [department] => 2
            [request_date] => 2025-08-27 02:19:03
            [project] => RS2507-5304 HMCMM-EOL ETB ECU TLC-04
            [status] => 2
            [id] => 149
            [department_title] => Mechanical Team
            [first_name] => Rohan
            [last_name] => Pawar
        )

    [194] => Array
        (
            [pur_rq_code] => #-00148-2025
            [requester] => 13
            [department] => 2
            [request_date] => 2025-08-27 02:10:48
            [project] => RS2507-5304 HMCMM-EOL ETB ECU TLC-04
            [status] => 2
            [id] => 148
            [department_title] => Mechanical Team
            [first_name] => Rohan
            [last_name] => Pawar
        )

    [195] => Array
        (
            [pur_rq_code] => #-00136-2025
            [requester] => 55
            [department] => 2
            [request_date] => 2025-08-25 01:37:16
            [project] => RS1-2508-1076_i-Daka-Jack Drawings
            [status] => 2
            [id] => 136
            [department_title] => Mechanical Team
            [first_name] => Sahil
            [last_name] => Dhaka
        )

    [196] => Array
        (
            [pur_rq_code] => #-00135-2025
            [requester] => 55
            [department] => 2
            [request_date] => 2025-08-25 00:49:43
            [project] => RS1-2507-1061-2_Diagonal Cutting Jig
            [status] => 2
            [id] => 135
            [department_title] => Mechanical Team
            [first_name] => Sahil
            [last_name] => Dhaka
        )

    [197] => Array
        (
            [pur_rq_code] => #-00134-2025
            [requester] => 13
            [department] => 2
            [request_date] => 2025-08-23 06:23:44
            [project] => RS2507-5304 HMCMM-EOL ETB ECU TLC-04
            [status] => 2
            [id] => 134
            [department_title] => Mechanical Team
            [first_name] => Rohan
            [last_name] => Pawar
        )

    [198] => Array
        (
            [pur_rq_code] => #-00133-2025
            [requester] => 15
            [department] => 2
            [request_date] => 2025-08-23 00:28:56
            [project] => RS2526-SHIN-007 Vision Inspection Station
            [status] => 2
            [id] => 133
            [department_title] => Mechanical Team
            [first_name] => Ravi
            [last_name] => Saini
        )

    [199] => Array
        (
            [pur_rq_code] => #-00130-2025
            [requester] => 9
            [department] => 2
            [request_date] => 2025-08-22 05:01:57
            [project] => RS2526-FIX-SS
            [status] => 2
            [id] => 130
            [department_title] => Mechanical Team
            [first_name] => Anand
            [last_name] => Dhariwal
        )

    [200] => Array
        (
            [pur_rq_code] => #-00123-2025
            [requester] => 55
            [department] => 2
            [request_date] => 2025-08-20 06:35:14
            [project] => RS1-2508-1069-5_HMC MM_Tools
            [status] => 2
            [id] => 123
            [department_title] => Mechanical Team
            [first_name] => Sahil
            [last_name] => Dhaka
        )

    [201] => Array
        (
            [pur_rq_code] => #-00122-2025
            [requester] => 13
            [department] => 2
            [request_date] => 2025-08-20 01:56:13
            [project] => RS2507-5304 HMCMM-EOL ETB ECU TLC-04
            [status] => 2
            [id] => 122
            [department_title] => Mechanical Team
            [first_name] => Rohan
            [last_name] => Pawar
        )

    [202] => Array
        (
            [pur_rq_code] => #-00121-2025
            [requester] => 11
            [department] => 2
            [request_date] => 2025-08-20 00:56:19
            [project] => RS2502-5174-1 Punch Forming, Finger Forming and Pipe Cutting  Machin
            [status] => 2
            [id] => 121
            [department_title] => Mechanical Team
            [first_name] => Komal
            [last_name] => Yadav
        )

    [203] => Array
        (
            [pur_rq_code] => #-00117-2025
            [requester] => 16
            [department] => 2
            [request_date] => 2025-08-19 04:56:26
            [project] => RS2507-5304 HMCMM-EOL ETB ECU TLC-04
            [status] => 2
            [id] => 117
            [department_title] => Mechanical Team
            [first_name] => Pankaj
            [last_name] => Yadav
        )

    [204] => Array
        (
            [pur_rq_code] => #-00116-2025
            [requester] => 55
            [department] => 2
            [request_date] => 2025-08-19 04:24:01
            [project] => RS1-2507-1061-2_Diagonal Cutting Jig
            [status] => 2
            [id] => 116
            [department_title] => Mechanical Team
            [first_name] => Sahil
            [last_name] => Dhaka
        )

    [205] => Array
        (
            [pur_rq_code] => #-00115-2025
            [requester] => 13
            [department] => 2
            [request_date] => 2025-08-19 02:29:12
            [project] => RS2502-5174-1 Punch Forming, Finger Forming and Pipe Cutting  Machin
            [status] => 2
            [id] => 115
            [department_title] => Mechanical Team
            [first_name] => Rohan
            [last_name] => Pawar
        )

    [206] => Array
        (
            [pur_rq_code] => #-00114-2025
            [requester] => 13
            [department] => 2
            [request_date] => 2025-08-19 02:28:22
            [project] => RS2502-5174-1 Punch Forming, Finger Forming and Pipe Cutting  Machin
            [status] => 1
            [id] => 114
            [department_title] => Mechanical Team
            [first_name] => Rohan
            [last_name] => Pawar
        )

    [207] => Array
        (
            [pur_rq_code] => #-00113-2025
            [requester] => 11
            [department] => 2
            [request_date] => 2025-08-19 02:27:26
            [project] => RS2502-5174-1 Punch Forming, Finger Forming and Pipe Cutting  Machin
            [status] => 1
            [id] => 113
            [department_title] => Mechanical Team
            [first_name] => Komal
            [last_name] => Yadav
        )

    [208] => Array
        (
            [pur_rq_code] => #-00112-2025
            [requester] => 13
            [department] => 2
            [request_date] => 2025-08-19 02:25:29
            [project] => RS2502-5174-1 Punch Forming, Finger Forming and Pipe Cutting  Machin
            [status] => 2
            [id] => 112
            [department_title] => Mechanical Team
            [first_name] => Rohan
            [last_name] => Pawar
        )

    [209] => Array
        (
            [pur_rq_code] => #-00111-2025
            [requester] => 15
            [department] => 2
            [request_date] => 2025-08-19 02:09:14
            [project] => RS2526-SHIN-007 Vision Inspection Station
            [status] => 2
            [id] => 111
            [department_title] => Mechanical Team
            [first_name] => Ravi
            [last_name] => Saini
        )

    [210] => Array
        (
            [pur_rq_code] => #-00110-2025
            [requester] => 15
            [department] => 2
            [request_date] => 2025-08-19 02:05:45
            [project] => RS2526-SHIN-007 Vision Inspection Station
            [status] => 2
            [id] => 110
            [department_title] => Mechanical Team
            [first_name] => Ravi
            [last_name] => Saini
        )

    [211] => Array
        (
            [pur_rq_code] => #-00109-2025
            [requester] => 13
            [department] => 2
            [request_date] => 2025-08-19 00:59:57
            [project] => RS2507-5304 HMCMM-EOL ETB ECU TLC-04
            [status] => 1
            [id] => 109
            [department_title] => Mechanical Team
            [first_name] => Rohan
            [last_name] => Pawar
        )

    [212] => Array
        (
            [pur_rq_code] => #-00108-2025
            [requester] => 15
            [department] => 2
            [request_date] => 2025-08-19 00:33:22
            [project] => RS2526-SHIN
            [status] => 3
            [id] => 108
            [department_title] => Mechanical Team
            [first_name] => Ravi
            [last_name] => Saini
        )

    [213] => Array
        (
            [pur_rq_code] => #-00107-2025
            [requester] => 13
            [department] => 2
            [request_date] => 2025-08-19 00:30:20
            [project] => RS2507-5304 HMCMM-EOL ETB ECU TLC-04
            [status] => 2
            [id] => 107
            [department_title] => Mechanical Team
            [first_name] => Rohan
            [last_name] => Pawar
        )

    [214] => Array
        (
            [pur_rq_code] => #-00106-2025
            [requester] => 21
            [department] => 2
            [request_date] => 2025-08-19 00:26:36
            [project] => RS2505-5277-2 Chamfer Machine Modifiaction
            [status] => 2
            [id] => 106
            [department_title] => Mechanical Team
            [first_name] => Parvesh
            [last_name] => Beniwal
        )

    [215] => Array
        (
            [pur_rq_code] => #-00105-2025
            [requester] => 15
            [department] => 2
            [request_date] => 2025-08-19 00:18:03
            [project] => RS2526-SHIN
            [status] => 1
            [id] => 105
            [department_title] => Mechanical Team
            [first_name] => Ravi
            [last_name] => Saini
        )

    [216] => Array
        (
            [pur_rq_code] => #-00104-2025
            [requester] => 15
            [department] => 2
            [request_date] => 2025-08-18 22:58:07
            [project] => RS2-2506-1009 YED ROBOTIC CELL
            [status] => 2
            [id] => 104
            [department_title] => Mechanical Team
            [first_name] => Ravi
            [last_name] => Saini
        )

    [217] => Array
        (
            [pur_rq_code] => #-00103-2025
            [requester] => 55
            [department] => 2
            [request_date] => 2025-08-18 04:18:37
            [project] => RS1-2508-1069-5_HMC MM_Tools
            [status] => 1
            [id] => 103
            [department_title] => Mechanical Team
            [first_name] => Sahil
            [last_name] => Dhaka
        )

    [218] => Array
        (
            [pur_rq_code] => #-00102-2025
            [requester] => 13
            [department] => 2
            [request_date] => 2025-08-18 03:08:32
            [project] => RS2507-5304 HMCMM-EOL ETB ECU TLC-04
            [status] => 2
            [id] => 102
            [department_title] => Mechanical Team
            [first_name] => Rohan
            [last_name] => Pawar
        )

    [219] => Array
        (
            [pur_rq_code] => #-00101-2025
            [requester] => 55
            [department] => 2
            [request_date] => 2025-08-18 00:41:55
            [project] => RS1-2508-1069-5_HMC MM_Tools
            [status] => 1
            [id] => 101
            [department_title] => Mechanical Team
            [first_name] => Sahil
            [last_name] => Dhaka
        )

    [220] => Array
        (
            [pur_rq_code] => #-00100-2025
            [requester] => 21
            [department] => 2
            [request_date] => 2025-08-16 05:21:59
            [project] => RS2502-5174-1 Punch Forming, Finger Forming and Pipe Cutting  Machin
            [status] => 1
            [id] => 100
            [department_title] => Mechanical Team
            [first_name] => Parvesh
            [last_name] => Beniwal
        )

    [221] => Array
        (
            [pur_rq_code] => #-00099-2025
            [requester] => 20
            [department] => 2
            [request_date] => 2025-08-16 05:20:30
            [project] => RS2502-5174-1 Punch Forming, Finger Forming and Pipe Cutting  Machin
            [status] => 1
            [id] => 99
            [department_title] => Mechanical Team
            [first_name] => Sagar
            [last_name] => Deswal
        )

    [222] => Array
        (
            [pur_rq_code] => #-00097-2025
            [requester] => 21
            [department] => 2
            [request_date] => 2025-08-14 05:24:59
            [project] => RS2505-5277-2 Chamfer Machine Modifiaction
            [status] => 2
            [id] => 97
            [department_title] => Mechanical Team
            [first_name] => Parvesh
            [last_name] => Beniwal
        )

    [223] => Array
        (
            [pur_rq_code] => #-00095-2025
            [requester] => 21
            [department] => 2
            [request_date] => 2025-08-13 01:57:52
            [project] => RS2505-5277-2 Chamfer Machine Modifiaction
            [status] => 2
            [id] => 95
            [department_title] => Mechanical Team
            [first_name] => Parvesh
            [last_name] => Beniwal
        )

    [224] => Array
        (
            [pur_rq_code] => #-00094-2025
            [requester] => 21
            [department] => 2
            [request_date] => 2025-08-13 01:56:21
            [project] => RS2505-5277-2 Chamfer Machine Modifiaction
            [status] => 1
            [id] => 94
            [department_title] => Mechanical Team
            [first_name] => Parvesh
            [last_name] => Beniwal
        )

    [225] => Array
        (
            [pur_rq_code] => #-00093-2025
            [requester] => 21
            [department] => 2
            [request_date] => 2025-08-13 01:12:19
            [project] => RS2505-5277-2 Chamfer Machine Modifiaction
            [status] => 2
            [id] => 93
            [department_title] => Mechanical Team
            [first_name] => Parvesh
            [last_name] => Beniwal
        )

    [226] => Array
        (
            [pur_rq_code] => #-00092-2025
            [requester] => 14
            [department] => 2
            [request_date] => 2025-08-13 00:32:55
            [project] => RS2409-5059 (DAIKIN PROJECT)
            [status] => 2
            [id] => 92
            [department_title] => Mechanical Team
            [first_name] => Sanish 
            [last_name] => Dhariwal
        )

    [227] => Array
        (
            [pur_rq_code] => #-00091-2025
            [requester] => 21
            [department] => 2
            [request_date] => 2025-08-13 00:09:58
            [project] => RS2502-5174-1 Punch Forming, Finger Forming and Pipe Cutting  Machin
            [status] => 2
            [id] => 91
            [department_title] => Mechanical Team
            [first_name] => Parvesh
            [last_name] => Beniwal
        )

    [228] => Array
        (
            [pur_rq_code] => #-00089-2025
            [requester] => 55
            [department] => 2
            [request_date] => 2025-08-12 23:22:53
            [project] => RS2507-5304 HMCMM-EOL ETB ECU TLC-04
            [status] => 2
            [id] => 89
            [department_title] => Mechanical Team
            [first_name] => Sahil
            [last_name] => Dhaka
        )

    [229] => Array
        (
            [pur_rq_code] => #-00087-2025
            [requester] => 55
            [department] => 2
            [request_date] => 2025-08-12 05:07:37
            [project] => RS1-2508-1069-5_HMC MM_Tools
            [status] => 2
            [id] => 87
            [department_title] => Mechanical Team
            [first_name] => Sahil
            [last_name] => Dhaka
        )

    [230] => Array
        (
            [pur_rq_code] => #-00085-2025
            [requester] => 21
            [department] => 2
            [request_date] => 2025-08-12 02:04:02
            [project] => RS2505-5277-2 Chamfer Machine Modifiaction
            [status] => 2
            [id] => 85
            [department_title] => Mechanical Team
            [first_name] => Parvesh
            [last_name] => Beniwal
        )

    [231] => Array
        (
            [pur_rq_code] => #-00084-2025
            [requester] => 13
            [department] => 2
            [request_date] => 2025-08-12 01:49:05
            [project] => RS2507-5304 HMCMM-EOL ETB ECU TLC-04
            [status] => 2
            [id] => 84
            [department_title] => Mechanical Team
            [first_name] => Rohan
            [last_name] => Pawar
        )

    [232] => Array
        (
            [pur_rq_code] => #-00083-2025
            [requester] => 13
            [department] => 2
            [request_date] => 2025-08-11 23:51:51
            [project] => RS2507-5304 HMCMM-EOL ETB ECU TLC-04
            [status] => 2
            [id] => 83
            [department_title] => Mechanical Team
            [first_name] => Rohan
            [last_name] => Pawar
        )

    [233] => Array
        (
            [pur_rq_code] => #-00082-2025
            [requester] => 55
            [department] => 2
            [request_date] => 2025-08-11 23:18:01
            [project] => RS2507-5304 HMCMM-EOL ETB ECU TLC-04
            [status] => 2
            [id] => 82
            [department_title] => Mechanical Team
            [first_name] => Sahil
            [last_name] => Dhaka
        )

    [234] => Array
        (
            [pur_rq_code] => #-00081-2025
            [requester] => 15
            [department] => 2
            [request_date] => 2025-08-11 05:29:41
            [project] => RS2-2506-1009 YED ROBOTIC CELL
            [status] => 2
            [id] => 81
            [department_title] => Mechanical Team
            [first_name] => Ravi
            [last_name] => Saini
        )

    [235] => Array
        (
            [pur_rq_code] => #-00080-2025
            [requester] => 15
            [department] => 2
            [request_date] => 2025-08-11 05:29:06
            [project] => RS2-2506-1009 YED ROBOTIC CELL
            [status] => 1
            [id] => 80
            [department_title] => Mechanical Team
            [first_name] => Ravi
            [last_name] => Saini
        )

    [236] => Array
        (
            [pur_rq_code] => #-00079-2025
            [requester] => 31
            [department] => 2
            [request_date] => 2025-08-11 03:32:33
            [project] => RS2526-FIX-SS
            [status] => 2
            [id] => 79
            [department_title] => Mechanical Team
            [first_name] => Sudesh
            [last_name] => Kumar
        )

    [237] => Array
        (
            [pur_rq_code] => #-00078-2025
            [requester] => 31
            [department] => 2
            [request_date] => 2025-08-11 03:30:23
            [project] => RS2526-FIX-SS
            [status] => 1
            [id] => 78
            [department_title] => Mechanical Team
            [first_name] => Sudesh
            [last_name] => Kumar
        )

    [238] => Array
        (
            [pur_rq_code] => #-00076-2025
            [requester] => 11
            [department] => 2
            [request_date] => 2025-08-11 00:41:54
            [project] => RS2502-5179-4_CKM Project
            [status] => 2
            [id] => 76
            [department_title] => Mechanical Team
            [first_name] => Komal
            [last_name] => Yadav
        )

    [239] => Array
        (
            [pur_rq_code] => #-00075-2025
            [requester] => 55
            [department] => 2
            [request_date] => 2025-08-11 00:24:27
            [project] => RS2-2506-1009 YED ROBOTIC CELL
            [status] => 2
            [id] => 75
            [department_title] => Mechanical Team
            [first_name] => Sahil
            [last_name] => Dhaka
        )

    [240] => Array
        (
            [pur_rq_code] => #-00072-2025
            [requester] => 11
            [department] => 2
            [request_date] => 2025-08-10 23:58:43
            [project] => RS2505-5277-2 Chamfer Machine Modifiaction
            [status] => 1
            [id] => 72
            [department_title] => Mechanical Team
            [first_name] => Komal
            [last_name] => Yadav
        )

    [241] => Array
        (
            [pur_rq_code] => #-00071-2025
            [requester] => 55
            [department] => 2
            [request_date] => 2025-08-08 03:12:44
            [project] => RS2405-4977_Runout Checking M/C
            [status] => 2
            [id] => 71
            [department_title] => Mechanical Team
            [first_name] => Sahil
            [last_name] => Dhaka
        )

    [242] => Array
        (
            [pur_rq_code] => #-00069-2025
            [requester] => 55
            [department] => 2
            [request_date] => 2025-08-08 02:03:20
            [project] => RS2405-4977_Runout Checking M/C
            [status] => 1
            [id] => 69
            [department_title] => Mechanical Team
            [first_name] => Sahil
            [last_name] => Dhaka
        )

    [243] => Array
        (
            [pur_rq_code] => #-00068-2025
            [requester] => 55
            [department] => 2
            [request_date] => 2025-08-08 01:57:25
            [project] => RS2405-4977_Runout Checking M/C
            [status] => 1
            [id] => 68
            [department_title] => Mechanical Team
            [first_name] => Sahil
            [last_name] => Dhaka
        )

    [244] => Array
        (
            [pur_rq_code] => #-00067-2025
            [requester] => 11
            [department] => 2
            [request_date] => 2025-08-06 05:03:39
            [project] => RS2-2506-1009 YED ROBOTIC CELL
            [status] => 2
            [id] => 67
            [department_title] => Mechanical Team
            [first_name] => Komal
            [last_name] => Yadav
        )

    [245] => Array
        (
            [pur_rq_code] => #-00061-2025
            [requester] => 55
            [department] => 2
            [request_date] => 2025-07-31 06:18:51
            [project] => RS2-2507-1012  Inspection Machine Modification
            [status] => 2
            [id] => 61
            [department_title] => Mechanical Team
            [first_name] => Sahil
            [last_name] => Dhaka
        )

    [246] => Array
        (
            [pur_rq_code] => #-00059-2025
            [requester] => 15
            [department] => 2
            [request_date] => 2025-07-31 05:20:13
            [project] => RS2-2507-1012  Inspection Machine Modification
            [status] => 1
            [id] => 59
            [department_title] => Mechanical Team
            [first_name] => Ravi
            [last_name] => Saini
        )

    [247] => Array
        (
            [pur_rq_code] => #-00055-2025
            [requester] => 11
            [department] => 2
            [request_date] => 2025-07-28 06:22:27
            [project] => RS2502-5174-1 Punch Forming, Finger Forming and Pipe Cutting  Machin
            [status] => 2
            [id] => 55
            [department_title] => Mechanical Team
            [first_name] => Komal
            [last_name] => Yadav
        )

    [248] => Array
        (
            [pur_rq_code] => #-00054-2025
            [requester] => 11
            [department] => 2
            [request_date] => 2025-07-28 06:21:05
            [project] => RS2502-5174-1 Punch Forming, Finger Forming and Pipe Cutting  Machin
            [status] => 1
            [id] => 54
            [department_title] => Mechanical Team
            [first_name] => Komal
            [last_name] => Yadav
        )

    [249] => Array
        (
            [pur_rq_code] => #-00053-2025
            [requester] => 11
            [department] => 2
            [request_date] => 2025-07-28 06:19:17
            [project] => RS2502-5174-1 Punch Forming, Finger Forming and Pipe Cutting  Machin
            [status] => 2
            [id] => 53
            [department_title] => Mechanical Team
            [first_name] => Komal
            [last_name] => Yadav
        )

    [250] => Array
        (
            [pur_rq_code] => #-00052-2025
            [requester] => 11
            [department] => 2
            [request_date] => 2025-07-28 02:27:51
            [project] => RS2507-5300
            [status] => 2
            [id] => 52
            [department_title] => Mechanical Team
            [first_name] => Komal
            [last_name] => Yadav
        )

    [251] => Array
        (
            [pur_rq_code] => #-00051-2025
            [requester] => 11
            [department] => 2
            [request_date] => 2025-07-28 02:27:00
            [project] => RS2507-5300
            [status] => 2
            [id] => 51
            [department_title] => Mechanical Team
            [first_name] => Komal
            [last_name] => Yadav
        )

    [252] => Array
        (
            [pur_rq_code] => #-00050-2025
            [requester] => 11
            [department] => 2
            [request_date] => 2025-07-28 02:26:19
            [project] => RS2507-5300
            [status] => 1
            [id] => 50
            [department_title] => Mechanical Team
            [first_name] => Komal
            [last_name] => Yadav
        )

    [253] => Array
        (
            [pur_rq_code] => #-00049-2025
            [requester] => 11
            [department] => 2
            [request_date] => 2025-07-28 02:25:40
            [project] => RS2507-5300
            [status] => 1
            [id] => 49
            [department_title] => Mechanical Team
            [first_name] => Komal
            [last_name] => Yadav
        )

    [254] => Array
        (
            [pur_rq_code] => #-00048-2025
            [requester] => 11
            [department] => 2
            [request_date] => 2025-07-28 02:25:01
            [project] => RS2507-5300
            [status] => 1
            [id] => 48
            [department_title] => Mechanical Team
            [first_name] => Komal
            [last_name] => Yadav
        )

    [255] => Array
        (
            [pur_rq_code] => #-00047-2025
            [requester] => 11
            [department] => 2
            [request_date] => 2025-07-28 02:24:06
            [project] => RS2507-5300
            [status] => 1
            [id] => 47
            [department_title] => Mechanical Team
            [first_name] => Komal
            [last_name] => Yadav
        )

    [256] => Array
        (
            [pur_rq_code] => #-00039-2025
            [requester] => 11
            [department] => 2
            [request_date] => 2025-07-28 00:52:02
            [project] => RS2502-5174-1 Punch Forming, Finger Forming and Pipe Cutting  Machin
            [status] => 2
            [id] => 39
            [department_title] => Mechanical Team
            [first_name] => Komal
            [last_name] => Yadav
        )

    [257] => Array
        (
            [pur_rq_code] => #-00038-2025
            [requester] => 11
            [department] => 2
            [request_date] => 2025-07-28 00:47:34
            [project] => RS2502-5174-1 Punch Forming, Finger Forming and Pipe Cutting  Machin
            [status] => 2
            [id] => 38
            [department_title] => Mechanical Team
            [first_name] => Komal
            [last_name] => Yadav
        )

    [258] => Array
        (
            [pur_rq_code] => #-00037-2025
            [requester] => 11
            [department] => 2
            [request_date] => 2025-07-27 23:47:15
            [project] => RS2502-5174-1 Punch Forming, Finger Forming and Pipe Cutting  Machin
            [status] => 2
            [id] => 37
            [department_title] => Mechanical Team
            [first_name] => Komal
            [last_name] => Yadav
        )

    [259] => Array
        (
            [pur_rq_code] => #-00036-2025
            [requester] => 11
            [department] => 2
            [request_date] => 2025-07-27 23:37:05
            [project] => RS2502-5174-1 Punch Forming, Finger Forming and Pipe Cutting  Machin
            [status] => 1
            [id] => 36
            [department_title] => Mechanical Team
            [first_name] => Komal
            [last_name] => Yadav
        )

    [260] => Array
        (
            [pur_rq_code] => #-00035-2025
            [requester] => 11
            [department] => 2
            [request_date] => 2025-07-27 23:25:54
            [project] => RS2502-5174-1 Punch Forming, Finger Forming and Pipe Cutting  Machin
            [status] => 1
            [id] => 35
            [department_title] => Mechanical Team
            [first_name] => Komal
            [last_name] => Yadav
        )

    [261] => Array
        (
            [pur_rq_code] => #-00033-2025
            [requester] => 11
            [department] => 2
            [request_date] => 2025-07-25 06:09:23
            [project] => RS1-2507-1059
            [status] => 2
            [id] => 33
            [department_title] => Mechanical Team
            [first_name] => Komal
            [last_name] => Yadav
        )

    [262] => Array
        (
            [pur_rq_code] => #-00031-2025
            [requester] => 11
            [department] => 2
            [request_date] => 2025-07-24 23:00:17
            [project] => RS2526-FIX-SS
            [status] => 2
            [id] => 31
            [department_title] => Mechanical Team
            [first_name] => Komal
            [last_name] => Yadav
        )

)

ERROR - 2026-01-30 22:23:34 --> 
              SELECT SQL_CALC_FOUND_ROWS pur_order_number, vendor, order_date, project, department, total, approve_status, delivery_date, delivery_status, number, expense_convert ,rise_pur_orders.id as id,company,pur_order_number,expense_convert,rise_projects.title as project_name,rise_team.title as department_name,currency
              FROM rise_pur_orders
              LEFT JOIN rise_pur_vendor ON rise_pur_vendor.userid = rise_pur_orders.vendor LEFT JOIN rise_team ON rise_team.id = rise_pur_orders.department LEFT JOIN rise_projects ON rise_projects.id = rise_pur_orders.project
              
              
              
              ORDER BY order_date DESC
              LIMIT 0, 25
              
CRITICAL - 2026-01-30 22:23:34 --> Array
(
    [0] => Array
        (
            [pur_order_number] => WTB-00620-Jan-2026-#045
            [vendor] => 45
            [order_date] => 2026-01-29
            [project] => 22
            [department] => 0
            [total] => 1386.82
            [approve_status] => 1
            [delivery_date] => 
            [delivery_status] => 1
            [number] => 620
            [expense_convert] => 0
            [id] => 577
            [company] => SMC Corporation (India) Pvt. Ltd.
            [project_name] => RS2502-5174-1 Punch Forming, Finger Forming and Pipe Cutting  Machin
            [department_name] => 
            [currency] => INR
        )

    [1] => Array
        (
            [pur_order_number] => WTB-00618-Jan-2026-#084
            [vendor] => 84
            [order_date] => 2026-01-29
            [project] => 18
            [department] => 0
            [total] => 42000.00
            [approve_status] => 1
            [delivery_date] => 
            [delivery_status] => 1
            [number] => 618
            [expense_convert] => 0
            [id] => 575
            [company] => Om Engineering Works
            [project_name] => RS2504-5253-02 Elevator for Mixer
            [department_name] => 
            [currency] => INR
        )

    [2] => Array
        (
            [pur_order_number] => WTB-00613-Jan-2026-022
            [vendor] => 22
            [order_date] => 2026-01-26
            [project] => 43
            [department] => 1
            [total] => 920.00
            [approve_status] => 2
            [delivery_date] => 
            [delivery_status] => 1
            [number] => 613
            [expense_convert] => 0
            [id] => 570
            [company] => BKN ELECTRICALS
            [project_name] => RS1-2508-1081 Prospira Bond Test Machine
            [department_name] => AUTOMATION
            [currency] => INR
        )

    [3] => Array
        (
            [pur_order_number] => WTB-00605-Jan-2026-177
            [vendor] => 177
            [order_date] => 2026-01-22
            [project] => 12
            [department] => 1
            [total] => 67500.00
            [approve_status] => 1
            [delivery_date] => 
            [delivery_status] => 1
            [number] => 605
            [expense_convert] => 0
            [id] => 562
            [company] => RETRO AUTOMATION PRIVATE LIMITED 
            [project_name] => RS2526-SHIN
            [department_name] => AUTOMATION
            [currency] => INR
        )

    [4] => Array
        (
            [pur_order_number] => WTB-00606-Jan-2026-#110
            [vendor] => 110
            [order_date] => 2026-01-22
            [project] => 11
            [department] => 2
            [total] => 76347.00
            [approve_status] => 1
            [delivery_date] => 
            [delivery_status] => 1
            [number] => 606
            [expense_convert] => 0
            [id] => 563
            [company] => RAJASTHAN HARDWARE
            [project_name] => RS2526-FIX-SS
            [department_name] => Mechanical Team
            [currency] => INR
        )

    [5] => Array
        (
            [pur_order_number] => WTB-00607-Jan-2026-#110
            [vendor] => 110
            [order_date] => 2026-01-22
            [project] => 11
            [department] => 2
            [total] => 77830.00
            [approve_status] => 1
            [delivery_date] => 
            [delivery_status] => 1
            [number] => 607
            [expense_convert] => 0
            [id] => 564
            [company] => RAJASTHAN HARDWARE
            [project_name] => RS2526-FIX-SS
            [department_name] => Mechanical Team
            [currency] => INR
        )

    [6] => Array
        (
            [pur_order_number] => WTB-00608-Jan-2026-#110
            [vendor] => 110
            [order_date] => 2026-01-22
            [project] => 11
            [department] => 2
            [total] => 48775.00
            [approve_status] => 1
            [delivery_date] => 
            [delivery_status] => 1
            [number] => 608
            [expense_convert] => 0
            [id] => 565
            [company] => RAJASTHAN HARDWARE
            [project_name] => RS2526-FIX-SS
            [department_name] => Mechanical Team
            [currency] => INR
        )

    [7] => Array
        (
            [pur_order_number] => WTB-00609-Jan-2026-#180
            [vendor] => 180
            [order_date] => 2026-01-22
            [project] => 22
            [department] => 2
            [total] => 600.00
            [approve_status] => 1
            [delivery_date] => 
            [delivery_status] => 1
            [number] => 609
            [expense_convert] => 0
            [id] => 566
            [company] => KHAZANI HYDRAULICS PRIVATED LIMITED 
            [project_name] => RS2502-5174-1 Punch Forming, Finger Forming and Pipe Cutting  Machin
            [department_name] => Mechanical Team
            [currency] => INR
        )

    [8] => Array
        (
            [pur_order_number] => WTB-00610-Jan-2026-#075
            [vendor] => 75
            [order_date] => 2026-01-22
            [project] => 12
            [department] => 1
            [total] => 320660.28
            [approve_status] => 1
            [delivery_date] => 
            [delivery_status] => 1
            [number] => 610
            [expense_convert] => 0
            [id] => 567
            [company] => Jindal Electric & Hardware
            [project_name] => RS2526-SHIN
            [department_name] => AUTOMATION
            [currency] => INR
        )

    [9] => Array
        (
            [pur_order_number] => WTB-00611-Jan-2026-003
            [vendor] => 13
            [order_date] => 2026-01-22
            [project] => 58
            [department] => 2
            [total] => 721.60
            [approve_status] => 2
            [delivery_date] => 
            [delivery_status] => 1
            [number] => 611
            [expense_convert] => 0
            [id] => 568
            [company] => Misumi India Pvt Ltd.
            [project_name] => RS3-2512-3008-HMCMM-TFR INSERTION
            [department_name] => Mechanical Team
            [currency] => INR
        )

    [10] => Array
        (
            [pur_order_number] => WTB-00612-Jan-2026-032
            [vendor] => 32
            [order_date] => 2026-01-22
            [project] => 58
            [department] => 2
            [total] => 200.00
            [approve_status] => 2
            [delivery_date] => 
            [delivery_status] => 1
            [number] => 612
            [expense_convert] => 0
            [id] => 569
            [company] => Manglam Sales
            [project_name] => RS3-2512-3008-HMCMM-TFR INSERTION
            [department_name] => Mechanical Team
            [currency] => INR
        )

    [11] => Array
        (
            [pur_order_number] => WTB-00603-Jan-2026-#50 
            [vendor] => 50
            [order_date] => 2026-01-21
            [project] => 38
            [department] => 1
            [total] => 2638.10
            [approve_status] => 1
            [delivery_date] => 
            [delivery_status] => 1
            [number] => 603
            [expense_convert] => 0
            [id] => 560
            [company] => Sunrise Industrial Products
            [project_name] => RS2526-SPARE-E
            [department_name] => AUTOMATION
            [currency] => INR
        )

    [12] => Array
        (
            [pur_order_number] => WTB-00604-Jan-2026-008
            [vendor] => 18
            [order_date] => 2026-01-21
            [project] => 22
            [department] => 0
            [total] => 970700.00
            [approve_status] => 1
            [delivery_date] => 
            [delivery_status] => 1
            [number] => 604
            [expense_convert] => 0
            [id] => 561
            [company] => Yamazen Machinery & Tools India Private Limited
            [project_name] => RS2502-5174-1 Punch Forming, Finger Forming and Pipe Cutting  Machin
            [department_name] => 
            [currency] => INR
        )

    [13] => Array
        (
            [pur_order_number] => WTB-00602-Jan-2026-#045
            [vendor] => 45
            [order_date] => 2026-01-18
            [project] => 12
            [department] => 1
            [total] => 65527.70
            [approve_status] => 1
            [delivery_date] => 
            [delivery_status] => 1
            [number] => 602
            [expense_convert] => 0
            [id] => 559
            [company] => SMC Corporation (India) Pvt. Ltd.
            [project_name] => RS2526-SHIN
            [department_name] => AUTOMATION
            [currency] => INR
        )

    [14] => Array
        (
            [pur_order_number] => WTB-00596-Jan-2026-#096
            [vendor] => 96
            [order_date] => 2026-01-17
            [project] => 18
            [department] => 2
            [total] => 1257.00
            [approve_status] => 2
            [delivery_date] => 
            [delivery_status] => 1
            [number] => 596
            [expense_convert] => 0
            [id] => 553
            [company] => Tara Hardware And Electrical
            [project_name] => RS2504-5253-02 Elevator for Mixer
            [department_name] => Mechanical Team
            [currency] => INR
        )

    [15] => Array
        (
            [pur_order_number] => WTB-00597-Jan-2026-#096
            [vendor] => 96
            [order_date] => 2026-01-17
            [project] => 18
            [department] => 2
            [total] => 1755.08
            [approve_status] => 2
            [delivery_date] => 
            [delivery_status] => 1
            [number] => 597
            [expense_convert] => 0
            [id] => 554
            [company] => Tara Hardware And Electrical
            [project_name] => RS2504-5253-02 Elevator for Mixer
            [department_name] => Mechanical Team
            [currency] => INR
        )

    [16] => Array
        (
            [pur_order_number] => WTB-00598-Jan-2026-#096
            [vendor] => 96
            [order_date] => 2026-01-17
            [project] => 18
            [department] => 2
            [total] => 803.55
            [approve_status] => 2
            [delivery_date] => 
            [delivery_status] => 1
            [number] => 598
            [expense_convert] => 0
            [id] => 555
            [company] => Tara Hardware And Electrical
            [project_name] => RS2504-5253-02 Elevator for Mixer
            [department_name] => Mechanical Team
            [currency] => INR
        )

    [17] => Array
        (
            [pur_order_number] => WTB-00599-Jan-2026-#096
            [vendor] => 96
            [order_date] => 2026-01-17
            [project] => 18
            [department] => 2
            [total] => 1030.00
            [approve_status] => 2
            [delivery_date] => 
            [delivery_status] => 1
            [number] => 599
            [expense_convert] => 0
            [id] => 556
            [company] => Tara Hardware And Electrical
            [project_name] => RS2504-5253-02 Elevator for Mixer
            [department_name] => Mechanical Team
            [currency] => INR
        )

    [18] => Array
        (
            [pur_order_number] => WTB-00600-Jan-2026-#172
            [vendor] => 172
            [order_date] => 2026-01-17
            [project] => 18
            [department] => 2
            [total] => 3033.82
            [approve_status] => 2
            [delivery_date] => 
            [delivery_status] => 1
            [number] => 600
            [expense_convert] => 0
            [id] => 557
            [company] => SHYAM HARDWARE STORE 
            [project_name] => RS2504-5253-02 Elevator for Mixer
            [department_name] => Mechanical Team
            [currency] => INR
        )

    [19] => Array
        (
            [pur_order_number] => WTB-00601-Jan-2026-#180
            [vendor] => 180
            [order_date] => 2026-01-17
            [project] => 22
            [department] => 2
            [total] => 3200.00
            [approve_status] => 1
            [delivery_date] => 
            [delivery_status] => 1
            [number] => 601
            [expense_convert] => 0
            [id] => 558
            [company] => KHAZANI HYDRAULICS PRIVATED LIMITED 
            [project_name] => RS2502-5174-1 Punch Forming, Finger Forming and Pipe Cutting  Machin
            [department_name] => Mechanical Team
            [currency] => INR
        )

    [20] => Array
        (
            [pur_order_number] => WTB-00592-Jan-2026-005
            [vendor] => 15
            [order_date] => 2026-01-16
            [project] => 12
            [department] => 1
            [total] => 29000.00
            [approve_status] => 2
            [delivery_date] => 
            [delivery_status] => 1
            [number] => 592
            [expense_convert] => 0
            [id] => 549
            [company] => Factory Automation Private Limited
            [project_name] => RS2526-SHIN
            [department_name] => AUTOMATION
            [currency] => INR
        )

    [21] => Array
        (
            [pur_order_number] => WTB-00593-Jan-2026-179
            [vendor] => 179
            [order_date] => 2026-01-16
            [project] => 11
            [department] => 2
            [total] => 5212.00
            [approve_status] => 2
            [delivery_date] => 
            [delivery_status] => 1
            [number] => 593
            [expense_convert] => 0
            [id] => 550
            [company] => RAJA MOTORS
            [project_name] => RS2526-FIX-SS
            [department_name] => Mechanical Team
            [currency] => INR
        )

    [22] => Array
        (
            [pur_order_number] => WTB-00594-Jan-2026-#040
            [vendor] => 40
            [order_date] => 2026-01-16
            [project] => 12
            [department] => 1
            [total] => 43166.00
            [approve_status] => 2
            [delivery_date] => 
            [delivery_status] => 1
            [number] => 594
            [expense_convert] => 0
            [id] => 551
            [company] => Vashi Integrated Solutions Limited
            [project_name] => RS2526-SHIN
            [department_name] => AUTOMATION
            [currency] => INR
        )

    [23] => Array
        (
            [pur_order_number] => WTB-00595-Jan-2026-#040
            [vendor] => 40
            [order_date] => 2026-01-16
            [project] => 12
            [department] => 1
            [total] => 224119.40
            [approve_status] => 2
            [delivery_date] => 
            [delivery_status] => 1
            [number] => 595
            [expense_convert] => 0
            [id] => 552
            [company] => Vashi Integrated Solutions Limited
            [project_name] => RS2526-SHIN
            [department_name] => AUTOMATION
            [currency] => INR
        )

    [24] => Array
        (
            [pur_order_number] => WTB-00591-Jan-2026-#045
            [vendor] => 45
            [order_date] => 2026-01-15
            [project] => 12
            [department] => 2
            [total] => 2804.70
            [approve_status] => 2
            [delivery_date] => 
            [delivery_status] => 1
            [number] => 591
            [expense_convert] => 0
            [id] => 548
            [company] => SMC Corporation (India) Pvt. Ltd.
            [project_name] => RS2526-SHIN
            [department_name] => Mechanical Team
            [currency] => INR
        )

)

CRITICAL - 2026-01-30 22:23:34 --> Array
(
    [0] => Array
        (
            [pur_order_number] => WTB-00620-Jan-2026-#045
            [vendor] => 45
            [order_date] => 2026-01-29
            [project] => 22
            [department] => 0
            [total] => 1386.82
            [approve_status] => 1
            [delivery_date] => 
            [delivery_status] => 1
            [number] => 620
            [expense_convert] => 0
            [id] => 577
            [company] => SMC Corporation (India) Pvt. Ltd.
            [project_name] => RS2502-5174-1 Punch Forming, Finger Forming and Pipe Cutting  Machin
            [department_name] => 
            [currency] => INR
            [items] => Array
                (
                )

        )

    [1] => Array
        (
            [pur_order_number] => WTB-00618-Jan-2026-#084
            [vendor] => 84
            [order_date] => 2026-01-29
            [project] => 18
            [department] => 0
            [total] => 42000.00
            [approve_status] => 1
            [delivery_date] => 
            [delivery_status] => 1
            [number] => 618
            [expense_convert] => 0
            [id] => 575
            [company] => Om Engineering Works
            [project_name] => RS2504-5253-02 Elevator for Mixer
            [department_name] => 
            [currency] => INR
            [items] => Array
                (
                )

        )

    [2] => Array
        (
            [pur_order_number] => WTB-00613-Jan-2026-022
            [vendor] => 22
            [order_date] => 2026-01-26
            [project] => 43
            [department] => 1
            [total] => 920.00
            [approve_status] => 2
            [delivery_date] => 
            [delivery_status] => 1
            [number] => 613
            [expense_convert] => 0
            [id] => 570
            [company] => BKN ELECTRICALS
            [project_name] => RS1-2508-1081 Prospira Bond Test Machine
            [department_name] => AUTOMATION
            [currency] => INR
            [items] => Array
                (
                )

        )

    [3] => Array
        (
            [pur_order_number] => WTB-00605-Jan-2026-177
            [vendor] => 177
            [order_date] => 2026-01-22
            [project] => 12
            [department] => 1
            [total] => 67500.00
            [approve_status] => 1
            [delivery_date] => 
            [delivery_status] => 1
            [number] => 605
            [expense_convert] => 0
            [id] => 562
            [company] => RETRO AUTOMATION PRIVATE LIMITED 
            [project_name] => RS2526-SHIN
            [department_name] => AUTOMATION
            [currency] => INR
            [items] => Array
                (
                )

        )

    [4] => Array
        (
            [pur_order_number] => WTB-00606-Jan-2026-#110
            [vendor] => 110
            [order_date] => 2026-01-22
            [project] => 11
            [department] => 2
            [total] => 76347.00
            [approve_status] => 1
            [delivery_date] => 
            [delivery_status] => 1
            [number] => 606
            [expense_convert] => 0
            [id] => 563
            [company] => RAJASTHAN HARDWARE
            [project_name] => RS2526-FIX-SS
            [department_name] => Mechanical Team
            [currency] => INR
            [items] => Array
                (
                )

        )

    [5] => Array
        (
            [pur_order_number] => WTB-00607-Jan-2026-#110
            [vendor] => 110
            [order_date] => 2026-01-22
            [project] => 11
            [department] => 2
            [total] => 77830.00
            [approve_status] => 1
            [delivery_date] => 
            [delivery_status] => 1
            [number] => 607
            [expense_convert] => 0
            [id] => 564
            [company] => RAJASTHAN HARDWARE
            [project_name] => RS2526-FIX-SS
            [department_name] => Mechanical Team
            [currency] => INR
            [items] => Array
                (
                )

        )

    [6] => Array
        (
            [pur_order_number] => WTB-00608-Jan-2026-#110
            [vendor] => 110
            [order_date] => 2026-01-22
            [project] => 11
            [department] => 2
            [total] => 48775.00
            [approve_status] => 1
            [delivery_date] => 
            [delivery_status] => 1
            [number] => 608
            [expense_convert] => 0
            [id] => 565
            [company] => RAJASTHAN HARDWARE
            [project_name] => RS2526-FIX-SS
            [department_name] => Mechanical Team
            [currency] => INR
            [items] => Array
                (
                )

        )

    [7] => Array
        (
            [pur_order_number] => WTB-00609-Jan-2026-#180
            [vendor] => 180
            [order_date] => 2026-01-22
            [project] => 22
            [department] => 2
            [total] => 600.00
            [approve_status] => 1
            [delivery_date] => 
            [delivery_status] => 1
            [number] => 609
            [expense_convert] => 0
            [id] => 566
            [company] => KHAZANI HYDRAULICS PRIVATED LIMITED 
            [project_name] => RS2502-5174-1 Punch Forming, Finger Forming and Pipe Cutting  Machin
            [department_name] => Mechanical Team
            [currency] => INR
            [items] => Array
                (
                )

        )

    [8] => Array
        (
            [pur_order_number] => WTB-00610-Jan-2026-#075
            [vendor] => 75
            [order_date] => 2026-01-22
            [project] => 12
            [department] => 1
            [total] => 320660.28
            [approve_status] => 1
            [delivery_date] => 
            [delivery_status] => 1
            [number] => 610
            [expense_convert] => 0
            [id] => 567
            [company] => Jindal Electric & Hardware
            [project_name] => RS2526-SHIN
            [department_name] => AUTOMATION
            [currency] => INR
            [items] => Array
                (
                )

        )

    [9] => Array
        (
            [pur_order_number] => WTB-00611-Jan-2026-003
            [vendor] => 13
            [order_date] => 2026-01-22
            [project] => 58
            [department] => 2
            [total] => 721.60
            [approve_status] => 2
            [delivery_date] => 
            [delivery_status] => 1
            [number] => 611
            [expense_convert] => 0
            [id] => 568
            [company] => Misumi India Pvt Ltd.
            [project_name] => RS3-2512-3008-HMCMM-TFR INSERTION
            [department_name] => Mechanical Team
            [currency] => INR
            [items] => Array
                (
                )

        )

    [10] => Array
        (
            [pur_order_number] => WTB-00612-Jan-2026-032
            [vendor] => 32
            [order_date] => 2026-01-22
            [project] => 58
            [department] => 2
            [total] => 200.00
            [approve_status] => 2
            [delivery_date] => 
            [delivery_status] => 1
            [number] => 612
            [expense_convert] => 0
            [id] => 569
            [company] => Manglam Sales
            [project_name] => RS3-2512-3008-HMCMM-TFR INSERTION
            [department_name] => Mechanical Team
            [currency] => INR
            [items] => Array
                (
                )

        )

    [11] => Array
        (
            [pur_order_number] => WTB-00603-Jan-2026-#50 
            [vendor] => 50
            [order_date] => 2026-01-21
            [project] => 38
            [department] => 1
            [total] => 2638.10
            [approve_status] => 1
            [delivery_date] => 
            [delivery_status] => 1
            [number] => 603
            [expense_convert] => 0
            [id] => 560
            [company] => Sunrise Industrial Products
            [project_name] => RS2526-SPARE-E
            [department_name] => AUTOMATION
            [currency] => INR
            [items] => Array
                (
                )

        )

    [12] => Array
        (
            [pur_order_number] => WTB-00604-Jan-2026-008
            [vendor] => 18
            [order_date] => 2026-01-21
            [project] => 22
            [department] => 0
            [total] => 970700.00
            [approve_status] => 1
            [delivery_date] => 
            [delivery_status] => 1
            [number] => 604
            [expense_convert] => 0
            [id] => 561
            [company] => Yamazen Machinery & Tools India Private Limited
            [project_name] => RS2502-5174-1 Punch Forming, Finger Forming and Pipe Cutting  Machin
            [department_name] => 
            [currency] => INR
            [items] => Array
                (
                )

        )

    [13] => Array
        (
            [pur_order_number] => WTB-00602-Jan-2026-#045
            [vendor] => 45
            [order_date] => 2026-01-18
            [project] => 12
            [department] => 1
            [total] => 65527.70
            [approve_status] => 1
            [delivery_date] => 
            [delivery_status] => 1
            [number] => 602
            [expense_convert] => 0
            [id] => 559
            [company] => SMC Corporation (India) Pvt. Ltd.
            [project_name] => RS2526-SHIN
            [department_name] => AUTOMATION
            [currency] => INR
            [items] => Array
                (
                )

        )

    [14] => Array
        (
            [pur_order_number] => WTB-00596-Jan-2026-#096
            [vendor] => 96
            [order_date] => 2026-01-17
            [project] => 18
            [department] => 2
            [total] => 1257.00
            [approve_status] => 2
            [delivery_date] => 
            [delivery_status] => 1
            [number] => 596
            [expense_convert] => 0
            [id] => 553
            [company] => Tara Hardware And Electrical
            [project_name] => RS2504-5253-02 Elevator for Mixer
            [department_name] => Mechanical Team
            [currency] => INR
            [items] => Array
                (
                )

        )

    [15] => Array
        (
            [pur_order_number] => WTB-00597-Jan-2026-#096
            [vendor] => 96
            [order_date] => 2026-01-17
            [project] => 18
            [department] => 2
            [total] => 1755.08
            [approve_status] => 2
            [delivery_date] => 
            [delivery_status] => 1
            [number] => 597
            [expense_convert] => 0
            [id] => 554
            [company] => Tara Hardware And Electrical
            [project_name] => RS2504-5253-02 Elevator for Mixer
            [department_name] => Mechanical Team
            [currency] => INR
            [items] => Array
                (
                )

        )

    [16] => Array
        (
            [pur_order_number] => WTB-00598-Jan-2026-#096
            [vendor] => 96
            [order_date] => 2026-01-17
            [project] => 18
            [department] => 2
            [total] => 803.55
            [approve_status] => 2
            [delivery_date] => 
            [delivery_status] => 1
            [number] => 598
            [expense_convert] => 0
            [id] => 555
            [company] => Tara Hardware And Electrical
            [project_name] => RS2504-5253-02 Elevator for Mixer
            [department_name] => Mechanical Team
            [currency] => INR
            [items] => Array
                (
                )

        )

    [17] => Array
        (
            [pur_order_number] => WTB-00599-Jan-2026-#096
            [vendor] => 96
            [order_date] => 2026-01-17
            [project] => 18
            [department] => 2
            [total] => 1030.00
            [approve_status] => 2
            [delivery_date] => 
            [delivery_status] => 1
            [number] => 599
            [expense_convert] => 0
            [id] => 556
            [company] => Tara Hardware And Electrical
            [project_name] => RS2504-5253-02 Elevator for Mixer
            [department_name] => Mechanical Team
            [currency] => INR
            [items] => Array
                (
                )

        )

    [18] => Array
        (
            [pur_order_number] => WTB-00600-Jan-2026-#172
            [vendor] => 172
            [order_date] => 2026-01-17
            [project] => 18
            [department] => 2
            [total] => 3033.82
            [approve_status] => 2
            [delivery_date] => 
            [delivery_status] => 1
            [number] => 600
            [expense_convert] => 0
            [id] => 557
            [company] => SHYAM HARDWARE STORE 
            [project_name] => RS2504-5253-02 Elevator for Mixer
            [department_name] => Mechanical Team
            [currency] => INR
            [items] => Array
                (
                )

        )

    [19] => Array
        (
            [pur_order_number] => WTB-00601-Jan-2026-#180
            [vendor] => 180
            [order_date] => 2026-01-17
            [project] => 22
            [department] => 2
            [total] => 3200.00
            [approve_status] => 1
            [delivery_date] => 
            [delivery_status] => 1
            [number] => 601
            [expense_convert] => 0
            [id] => 558
            [company] => KHAZANI HYDRAULICS PRIVATED LIMITED 
            [project_name] => RS2502-5174-1 Punch Forming, Finger Forming and Pipe Cutting  Machin
            [department_name] => Mechanical Team
            [currency] => INR
            [items] => Array
                (
                )

        )

    [20] => Array
        (
            [pur_order_number] => WTB-00592-Jan-2026-005
            [vendor] => 15
            [order_date] => 2026-01-16
            [project] => 12
            [department] => 1
            [total] => 29000.00
            [approve_status] => 2
            [delivery_date] => 
            [delivery_status] => 1
            [number] => 592
            [expense_convert] => 0
            [id] => 549
            [company] => Factory Automation Private Limited
            [project_name] => RS2526-SHIN
            [department_name] => AUTOMATION
            [currency] => INR
            [items] => Array
                (
                )

        )

    [21] => Array
        (
            [pur_order_number] => WTB-00593-Jan-2026-179
            [vendor] => 179
            [order_date] => 2026-01-16
            [project] => 11
            [department] => 2
            [total] => 5212.00
            [approve_status] => 2
            [delivery_date] => 
            [delivery_status] => 1
            [number] => 593
            [expense_convert] => 0
            [id] => 550
            [company] => RAJA MOTORS
            [project_name] => RS2526-FIX-SS
            [department_name] => Mechanical Team
            [currency] => INR
            [items] => Array
                (
                )

        )

    [22] => Array
        (
            [pur_order_number] => WTB-00594-Jan-2026-#040
            [vendor] => 40
            [order_date] => 2026-01-16
            [project] => 12
            [department] => 1
            [total] => 43166.00
            [approve_status] => 2
            [delivery_date] => 
            [delivery_status] => 1
            [number] => 594
            [expense_convert] => 0
            [id] => 551
            [company] => Vashi Integrated Solutions Limited
            [project_name] => RS2526-SHIN
            [department_name] => AUTOMATION
            [currency] => INR
            [items] => Array
                (
                )

        )

    [23] => Array
        (
            [pur_order_number] => WTB-00595-Jan-2026-#040
            [vendor] => 40
            [order_date] => 2026-01-16
            [project] => 12
            [department] => 1
            [total] => 224119.40
            [approve_status] => 2
            [delivery_date] => 
            [delivery_status] => 1
            [number] => 595
            [expense_convert] => 0
            [id] => 552
            [company] => Vashi Integrated Solutions Limited
            [project_name] => RS2526-SHIN
            [department_name] => AUTOMATION
            [currency] => INR
            [items] => Array
                (
                )

        )

    [24] => Array
        (
            [pur_order_number] => WTB-00591-Jan-2026-#045
            [vendor] => 45
            [order_date] => 2026-01-15
            [project] => 12
            [department] => 2
            [total] => 2804.70
            [approve_status] => 2
            [delivery_date] => 
            [delivery_status] => 1
            [number] => 591
            [expense_convert] => 0
            [id] => 548
            [company] => SMC Corporation (India) Pvt. Ltd.
            [project_name] => RS2526-SHIN
            [department_name] => Mechanical Team
            [currency] => INR
            [items] => Array
                (
                )

        )

)

CRITICAL - 2026-01-30 22:23:40 --> 
CRITICAL - 2026-01-30 22:23:40 --> 
CRITICAL - 2026-01-30 22:25:45 --> Undefined array key "currency"
in FCPATH/plugins/Purchase/Models/Purchase_model.php on line 5503.
 1 FCPATH/plugins/Purchase/Models/Purchase_model.php(5503): CodeIgniter\Debug\Exceptions->errorHandler()
 2 FCPATH/plugins/Purchase/Controllers/Purchase.php(3666): Purchase\Models\Purchase_model->add_pur_order()
 3 SYSTEMPATH/CodeIgniter.php(898): Purchase\Controllers\Purchase->pur_order()
 4 SYSTEMPATH/CodeIgniter.php(468): CodeIgniter\CodeIgniter->runController()
 5 SYSTEMPATH/CodeIgniter.php(351): CodeIgniter\CodeIgniter->handleRequest()
 6 FCPATH/index.php(84): CodeIgniter\CodeIgniter->run()
ERROR - 2026-01-30 23:29:22 --> 
              SELECT SQL_CALC_FOUND_ROWS pur_rq_code, requester, department, request_date, project, rise_pur_request.status, rise_pur_request.id ,rise_pur_request.id,pur_rq_code,rise_team.title as department_title,first_name,last_name,rise_projects.title as project
              FROM rise_pur_request
              LEFT JOIN rise_team ON rise_team.id = rise_pur_request.department LEFT JOIN rise_users ON rise_users.id = rise_pur_request.requester LEFT JOIN rise_projects ON rise_projects.id = rise_pur_request.project
              
              
              
              ORDER BY pur_rq_code DESC
              LIMIT 0, 25
              
CRITICAL - 2026-01-30 23:29:22 --> Array
(
    [0] => Array
        (
            [pur_rq_code] => #-00449-2026
            [requester] => 15
            [department] => 2
            [request_date] => 2026-01-29 06:02:23
            [project] => RS2-2511-1033_HMM TS_Helium Leak Testing Quick Coupler
            [status] => 2
            [id] => 449
            [department_title] => Mechanical Team
            [first_name] => Ravi
            [last_name] => Saini
        )

    [1] => Array
        (
            [pur_rq_code] => #-00448-2026
            [requester] => 15
            [department] => 2
            [request_date] => 2026-01-29 05:44:14
            [project] => RS2-2511-1039_HMM TS_Door Assy Checking Poka-Yoka Fixture
            [status] => 2
            [id] => 448
            [department_title] => Mechanical Team
            [first_name] => Ravi
            [last_name] => Saini
        )

    [2] => Array
        (
            [pur_rq_code] => #-00447-2026
            [requester] => 55
            [department] => 2
            [request_date] => 2026-01-29 03:06:58
            [project] => RS2526-SPARE-E
            [status] => 2
            [id] => 447
            [department_title] => Mechanical Team
            [first_name] => Sahil
            [last_name] => Dhaka
        )

    [3] => Array
        (
            [pur_rq_code] => #-00446-2026
            [requester] => 14
            [department] => 2
            [request_date] => 2026-01-29 00:55:59
            [project] => RS1-2508-1081 Prospira Bond Test Machine
            [status] => 2
            [id] => 446
            [department_title] => Mechanical Team
            [first_name] => Sanish 
            [last_name] => Dhariwal
        )

    [4] => Array
        (
            [pur_rq_code] => #-00445-2026
            [requester] => 14
            [department] => 2
            [request_date] => 2026-01-29 00:29:40
            [project] => RS1-2508-1081 Prospira Bond Test Machine
            [status] => 1
            [id] => 445
            [department_title] => Mechanical Team
            [first_name] => Sanish 
            [last_name] => Dhariwal
        )

    [5] => Array
        (
            [pur_rq_code] => #-00444-2026
            [requester] => 55
            [department] => 2
            [request_date] => 2026-01-28 01:27:25
            [project] => RS1-2508-1081 Prospira Bond Test Machine
            [status] => 2
            [id] => 444
            [department_title] => Mechanical Team
            [first_name] => Sahil
            [last_name] => Dhaka
        )

    [6] => Array
        (
            [pur_rq_code] => #-00443-2026
            [requester] => 15
            [department] => 2
            [request_date] => 2026-01-28 00:28:22
            [project] => RS2-2511-1034_HMM TS_Main Line Fixture
            [status] => 2
            [id] => 443
            [department_title] => Mechanical Team
            [first_name] => Ravi
            [last_name] => Saini
        )

    [7] => Array
        (
            [pur_rq_code] => #-00442-2026
            [requester] => 15
            [department] => 2
            [request_date] => 2026-01-23 23:35:25
            [project] => RS2-2511-1033_HMM TS_Helium Leak Testing Quick Coupler
            [status] => 2
            [id] => 442
            [department_title] => Mechanical Team
            [first_name] => Ravi
            [last_name] => Saini
        )

    [8] => Array
        (
            [pur_rq_code] => #-00441-2026
            [requester] => 15
            [department] => 2
            [request_date] => 2026-01-23 23:21:13
            [project] => RS2-2511-1034_HMM TS_Main Line Fixture
            [status] => 2
            [id] => 441
            [department_title] => Mechanical Team
            [first_name] => Ravi
            [last_name] => Saini
        )

    [9] => Array
        (
            [pur_rq_code] => #-00440-2026
            [requester] => 9
            [department] => 2
            [request_date] => 2026-01-21 22:46:05
            [project] => RS2526-FIX-SS
            [status] => 2
            [id] => 440
            [department_title] => Mechanical Team
            [first_name] => Anand
            [last_name] => Dhariwal
        )

    [10] => Array
        (
            [pur_rq_code] => #-00439-2026
            [requester] => 11
            [department] => 1
            [request_date] => 2026-01-21 03:11:05
            [project] => RS2526-SHIN
            [status] => 2
            [id] => 439
            [department_title] => AUTOMATION
            [first_name] => Komal
            [last_name] => Yadav
        )

    [11] => Array
        (
            [pur_rq_code] => #-00438-2026
            [requester] => 11
            [department] => 1
            [request_date] => 2026-01-20 23:46:20
            [project] => RS2526-SHIN
            [status] => 2
            [id] => 438
            [department_title] => AUTOMATION
            [first_name] => Komal
            [last_name] => Yadav
        )

    [12] => Array
        (
            [pur_rq_code] => #-00437-2026
            [requester] => 55
            [department] => 2
            [request_date] => 2026-01-20 06:30:20
            [project] => RS2502-5174-1 Punch Forming, Finger Forming and Pipe Cutting  Machin
            [status] => 2
            [id] => 437
            [department_title] => Mechanical Team
            [first_name] => Sahil
            [last_name] => Dhaka
        )

    [13] => Array
        (
            [pur_rq_code] => #-00436-2026
            [requester] => 8
            [department] => 1
            [request_date] => 2026-01-20 05:23:42
            [project] => RS1-2508-1081 Prospira Bond Test Machine
            [status] => 2
            [id] => 436
            [department_title] => AUTOMATION
            [first_name] => Tikam
            [last_name] => Singh
        )

    [14] => Array
        (
            [pur_rq_code] => #-00435-2026
            [requester] => 21
            [department] => 2
            [request_date] => 2026-01-20 01:24:02
            [project] => RS3-2512-3008-HMCMM-TFR INSERTION
            [status] => 2
            [id] => 435
            [department_title] => Mechanical Team
            [first_name] => Parvesh
            [last_name] => Beniwal
        )

    [15] => Array
        (
            [pur_rq_code] => #-00434-2026
            [requester] => 21
            [department] => 0
            [request_date] => 2026-01-20 00:05:52
            [project] => RS3-2512-3008-HMCMM-TFR INSERTION
            [status] => 2
            [id] => 434
            [department_title] => 
            [first_name] => Parvesh
            [last_name] => Beniwal
        )

    [16] => Array
        (
            [pur_rq_code] => #-00433-2026
            [requester] => 21
            [department] => 2
            [request_date] => 2026-01-19 23:42:10
            [project] => RS2-2510-5324_Seat Testing Fixture
            [status] => 2
            [id] => 433
            [department_title] => Mechanical Team
            [first_name] => Parvesh
            [last_name] => Beniwal
        )

    [17] => Array
        (
            [pur_rq_code] => #-00432-2026
            [requester] => 14
            [department] => 2
            [request_date] => 2026-01-17 05:51:05
            [project] => RS2502-5174-1 Punch Forming, Finger Forming and Pipe Cutting  Machin
            [status] => 2
            [id] => 432
            [department_title] => Mechanical Team
            [first_name] => Sanish 
            [last_name] => Dhariwal
        )

    [18] => Array
        (
            [pur_rq_code] => #-00431-2026
            [requester] => 11
            [department] => 2
            [request_date] => 2026-01-17 04:47:03
            [project] => RS2526-SPARE-E
            [status] => 2
            [id] => 431
            [department_title] => Mechanical Team
            [first_name] => Komal
            [last_name] => Yadav
        )

    [19] => Array
        (
            [pur_rq_code] => #-00430-2026
            [requester] => 14
            [department] => 2
            [request_date] => 2026-01-17 04:43:11
            [project] => RS2502-5174-1 Punch Forming, Finger Forming and Pipe Cutting  Machin
            [status] => 2
            [id] => 430
            [department_title] => Mechanical Team
            [first_name] => Sanish 
            [last_name] => Dhariwal
        )

    [20] => Array
        (
            [pur_rq_code] => #-00429-2026
            [requester] => 21
            [department] => 0
            [request_date] => 2026-01-17 04:40:13
            [project] => RS2504-5253-02 Elevator for Mixer
            [status] => 2
            [id] => 429
            [department_title] => 
            [first_name] => Parvesh
            [last_name] => Beniwal
        )

    [21] => Array
        (
            [pur_rq_code] => #-00428-2026
            [requester] => 21
            [department] => 2
            [request_date] => 2026-01-17 04:32:57
            [project] => RS2504-5253-02 Elevator for Mixer
            [status] => 2
            [id] => 428
            [department_title] => Mechanical Team
            [first_name] => Parvesh
            [last_name] => Beniwal
        )

    [22] => Array
        (
            [pur_rq_code] => #-00426-2026
            [requester] => 11
            [department] => 2
            [request_date] => 2026-01-16 05:24:00
            [project] => RS2526-SHIN
            [status] => 2
            [id] => 426
            [department_title] => Mechanical Team
            [first_name] => Komal
            [last_name] => Yadav
        )

    [23] => Array
        (
            [pur_rq_code] => #-00425-2026
            [requester] => 31
            [department] => 2
            [request_date] => 2026-01-16 02:40:35
            [project] => RS2526-FIX-SS
            [status] => 2
            [id] => 425
            [department_title] => Mechanical Team
            [first_name] => Sudesh
            [last_name] => Kumar
        )

    [24] => Array
        (
            [pur_rq_code] => #-00424-2026
            [requester] => 11
            [department] => 1
            [request_date] => 2026-01-16 02:30:44
            [project] => RS2526-SHIN
            [status] => 2
            [id] => 424
            [department_title] => AUTOMATION
            [first_name] => Komal
            [last_name] => Yadav
        )

)

ERROR - 2026-01-30 23:29:55 --> 
              SELECT SQL_CALC_FOUND_ROWS pur_rq_code, requester, department, request_date, project, rise_pur_request.status, rise_pur_request.id ,rise_pur_request.id,pur_rq_code,rise_team.title as department_title,first_name,last_name,rise_projects.title as project
              FROM rise_pur_request
              LEFT JOIN rise_team ON rise_team.id = rise_pur_request.department LEFT JOIN rise_users ON rise_users.id = rise_pur_request.requester LEFT JOIN rise_projects ON rise_projects.id = rise_pur_request.project
              
              
              
              ORDER BY pur_rq_code DESC
              LIMIT 0, 25
              
CRITICAL - 2026-01-30 23:29:55 --> Array
(
    [0] => Array
        (
            [pur_rq_code] => #-00449-2026
            [requester] => 15
            [department] => 2
            [request_date] => 2026-01-29 06:02:23
            [project] => RS2-2511-1033_HMM TS_Helium Leak Testing Quick Coupler
            [status] => 2
            [id] => 449
            [department_title] => Mechanical Team
            [first_name] => Ravi
            [last_name] => Saini
        )

    [1] => Array
        (
            [pur_rq_code] => #-00448-2026
            [requester] => 15
            [department] => 2
            [request_date] => 2026-01-29 05:44:14
            [project] => RS2-2511-1039_HMM TS_Door Assy Checking Poka-Yoka Fixture
            [status] => 2
            [id] => 448
            [department_title] => Mechanical Team
            [first_name] => Ravi
            [last_name] => Saini
        )

    [2] => Array
        (
            [pur_rq_code] => #-00447-2026
            [requester] => 55
            [department] => 2
            [request_date] => 2026-01-29 03:06:58
            [project] => RS2526-SPARE-E
            [status] => 2
            [id] => 447
            [department_title] => Mechanical Team
            [first_name] => Sahil
            [last_name] => Dhaka
        )

    [3] => Array
        (
            [pur_rq_code] => #-00446-2026
            [requester] => 14
            [department] => 2
            [request_date] => 2026-01-29 00:55:59
            [project] => RS1-2508-1081 Prospira Bond Test Machine
            [status] => 2
            [id] => 446
            [department_title] => Mechanical Team
            [first_name] => Sanish 
            [last_name] => Dhariwal
        )

    [4] => Array
        (
            [pur_rq_code] => #-00445-2026
            [requester] => 14
            [department] => 2
            [request_date] => 2026-01-29 00:29:40
            [project] => RS1-2508-1081 Prospira Bond Test Machine
            [status] => 1
            [id] => 445
            [department_title] => Mechanical Team
            [first_name] => Sanish 
            [last_name] => Dhariwal
        )

    [5] => Array
        (
            [pur_rq_code] => #-00444-2026
            [requester] => 55
            [department] => 2
            [request_date] => 2026-01-28 01:27:25
            [project] => RS1-2508-1081 Prospira Bond Test Machine
            [status] => 2
            [id] => 444
            [department_title] => Mechanical Team
            [first_name] => Sahil
            [last_name] => Dhaka
        )

    [6] => Array
        (
            [pur_rq_code] => #-00443-2026
            [requester] => 15
            [department] => 2
            [request_date] => 2026-01-28 00:28:22
            [project] => RS2-2511-1034_HMM TS_Main Line Fixture
            [status] => 2
            [id] => 443
            [department_title] => Mechanical Team
            [first_name] => Ravi
            [last_name] => Saini
        )

    [7] => Array
        (
            [pur_rq_code] => #-00442-2026
            [requester] => 15
            [department] => 2
            [request_date] => 2026-01-23 23:35:25
            [project] => RS2-2511-1033_HMM TS_Helium Leak Testing Quick Coupler
            [status] => 2
            [id] => 442
            [department_title] => Mechanical Team
            [first_name] => Ravi
            [last_name] => Saini
        )

    [8] => Array
        (
            [pur_rq_code] => #-00441-2026
            [requester] => 15
            [department] => 2
            [request_date] => 2026-01-23 23:21:13
            [project] => RS2-2511-1034_HMM TS_Main Line Fixture
            [status] => 2
            [id] => 441
            [department_title] => Mechanical Team
            [first_name] => Ravi
            [last_name] => Saini
        )

    [9] => Array
        (
            [pur_rq_code] => #-00440-2026
            [requester] => 9
            [department] => 2
            [request_date] => 2026-01-21 22:46:05
            [project] => RS2526-FIX-SS
            [status] => 2
            [id] => 440
            [department_title] => Mechanical Team
            [first_name] => Anand
            [last_name] => Dhariwal
        )

    [10] => Array
        (
            [pur_rq_code] => #-00439-2026
            [requester] => 11
            [department] => 1
            [request_date] => 2026-01-21 03:11:05
            [project] => RS2526-SHIN
            [status] => 2
            [id] => 439
            [department_title] => AUTOMATION
            [first_name] => Komal
            [last_name] => Yadav
        )

    [11] => Array
        (
            [pur_rq_code] => #-00438-2026
            [requester] => 11
            [department] => 1
            [request_date] => 2026-01-20 23:46:20
            [project] => RS2526-SHIN
            [status] => 2
            [id] => 438
            [department_title] => AUTOMATION
            [first_name] => Komal
            [last_name] => Yadav
        )

    [12] => Array
        (
            [pur_rq_code] => #-00437-2026
            [requester] => 55
            [department] => 2
            [request_date] => 2026-01-20 06:30:20
            [project] => RS2502-5174-1 Punch Forming, Finger Forming and Pipe Cutting  Machin
            [status] => 2
            [id] => 437
            [department_title] => Mechanical Team
            [first_name] => Sahil
            [last_name] => Dhaka
        )

    [13] => Array
        (
            [pur_rq_code] => #-00436-2026
            [requester] => 8
            [department] => 1
            [request_date] => 2026-01-20 05:23:42
            [project] => RS1-2508-1081 Prospira Bond Test Machine
            [status] => 2
            [id] => 436
            [department_title] => AUTOMATION
            [first_name] => Tikam
            [last_name] => Singh
        )

    [14] => Array
        (
            [pur_rq_code] => #-00435-2026
            [requester] => 21
            [department] => 2
            [request_date] => 2026-01-20 01:24:02
            [project] => RS3-2512-3008-HMCMM-TFR INSERTION
            [status] => 2
            [id] => 435
            [department_title] => Mechanical Team
            [first_name] => Parvesh
            [last_name] => Beniwal
        )

    [15] => Array
        (
            [pur_rq_code] => #-00434-2026
            [requester] => 21
            [department] => 0
            [request_date] => 2026-01-20 00:05:52
            [project] => RS3-2512-3008-HMCMM-TFR INSERTION
            [status] => 2
            [id] => 434
            [department_title] => 
            [first_name] => Parvesh
            [last_name] => Beniwal
        )

    [16] => Array
        (
            [pur_rq_code] => #-00433-2026
            [requester] => 21
            [department] => 2
            [request_date] => 2026-01-19 23:42:10
            [project] => RS2-2510-5324_Seat Testing Fixture
            [status] => 2
            [id] => 433
            [department_title] => Mechanical Team
            [first_name] => Parvesh
            [last_name] => Beniwal
        )

    [17] => Array
        (
            [pur_rq_code] => #-00432-2026
            [requester] => 14
            [department] => 2
            [request_date] => 2026-01-17 05:51:05
            [project] => RS2502-5174-1 Punch Forming, Finger Forming and Pipe Cutting  Machin
            [status] => 2
            [id] => 432
            [department_title] => Mechanical Team
            [first_name] => Sanish 
            [last_name] => Dhariwal
        )

    [18] => Array
        (
            [pur_rq_code] => #-00431-2026
            [requester] => 11
            [department] => 2
            [request_date] => 2026-01-17 04:47:03
            [project] => RS2526-SPARE-E
            [status] => 2
            [id] => 431
            [department_title] => Mechanical Team
            [first_name] => Komal
            [last_name] => Yadav
        )

    [19] => Array
        (
            [pur_rq_code] => #-00430-2026
            [requester] => 14
            [department] => 2
            [request_date] => 2026-01-17 04:43:11
            [project] => RS2502-5174-1 Punch Forming, Finger Forming and Pipe Cutting  Machin
            [status] => 2
            [id] => 430
            [department_title] => Mechanical Team
            [first_name] => Sanish 
            [last_name] => Dhariwal
        )

    [20] => Array
        (
            [pur_rq_code] => #-00429-2026
            [requester] => 21
            [department] => 0
            [request_date] => 2026-01-17 04:40:13
            [project] => RS2504-5253-02 Elevator for Mixer
            [status] => 2
            [id] => 429
            [department_title] => 
            [first_name] => Parvesh
            [last_name] => Beniwal
        )

    [21] => Array
        (
            [pur_rq_code] => #-00428-2026
            [requester] => 21
            [department] => 2
            [request_date] => 2026-01-17 04:32:57
            [project] => RS2504-5253-02 Elevator for Mixer
            [status] => 2
            [id] => 428
            [department_title] => Mechanical Team
            [first_name] => Parvesh
            [last_name] => Beniwal
        )

    [22] => Array
        (
            [pur_rq_code] => #-00426-2026
            [requester] => 11
            [department] => 2
            [request_date] => 2026-01-16 05:24:00
            [project] => RS2526-SHIN
            [status] => 2
            [id] => 426
            [department_title] => Mechanical Team
            [first_name] => Komal
            [last_name] => Yadav
        )

    [23] => Array
        (
            [pur_rq_code] => #-00425-2026
            [requester] => 31
            [department] => 2
            [request_date] => 2026-01-16 02:40:35
            [project] => RS2526-FIX-SS
            [status] => 2
            [id] => 425
            [department_title] => Mechanical Team
            [first_name] => Sudesh
            [last_name] => Kumar
        )

    [24] => Array
        (
            [pur_rq_code] => #-00424-2026
            [requester] => 11
            [department] => 1
            [request_date] => 2026-01-16 02:30:44
            [project] => RS2526-SHIN
            [status] => 2
            [id] => 424
            [department_title] => AUTOMATION
            [first_name] => Komal
            [last_name] => Yadav
        )

)

ERROR - 2026-01-30 23:33:09 --> 
              SELECT SQL_CALC_FOUND_ROWS pur_rq_code, requester, department, request_date, project, rise_pur_request.status, rise_pur_request.id ,rise_pur_request.id,pur_rq_code,rise_team.title as department_title,first_name,last_name,rise_projects.title as project
              FROM rise_pur_request
              LEFT JOIN rise_team ON rise_team.id = rise_pur_request.department LEFT JOIN rise_users ON rise_users.id = rise_pur_request.requester LEFT JOIN rise_projects ON rise_projects.id = rise_pur_request.project
              
              
              
              ORDER BY pur_rq_code DESC
              LIMIT 0, 25
              
CRITICAL - 2026-01-30 23:33:09 --> Array
(
    [0] => Array
        (
            [pur_rq_code] => #-00449-2026
            [requester] => 15
            [department] => 2
            [request_date] => 2026-01-29 06:02:23
            [project] => RS2-2511-1033_HMM TS_Helium Leak Testing Quick Coupler
            [status] => 2
            [id] => 449
            [department_title] => Mechanical Team
            [first_name] => Ravi
            [last_name] => Saini
        )

    [1] => Array
        (
            [pur_rq_code] => #-00448-2026
            [requester] => 15
            [department] => 2
            [request_date] => 2026-01-29 05:44:14
            [project] => RS2-2511-1039_HMM TS_Door Assy Checking Poka-Yoka Fixture
            [status] => 2
            [id] => 448
            [department_title] => Mechanical Team
            [first_name] => Ravi
            [last_name] => Saini
        )

    [2] => Array
        (
            [pur_rq_code] => #-00447-2026
            [requester] => 55
            [department] => 2
            [request_date] => 2026-01-29 03:06:58
            [project] => RS2526-SPARE-E
            [status] => 2
            [id] => 447
            [department_title] => Mechanical Team
            [first_name] => Sahil
            [last_name] => Dhaka
        )

    [3] => Array
        (
            [pur_rq_code] => #-00446-2026
            [requester] => 14
            [department] => 2
            [request_date] => 2026-01-29 00:55:59
            [project] => RS1-2508-1081 Prospira Bond Test Machine
            [status] => 2
            [id] => 446
            [department_title] => Mechanical Team
            [first_name] => Sanish 
            [last_name] => Dhariwal
        )

    [4] => Array
        (
            [pur_rq_code] => #-00445-2026
            [requester] => 14
            [department] => 2
            [request_date] => 2026-01-29 00:29:40
            [project] => RS1-2508-1081 Prospira Bond Test Machine
            [status] => 1
            [id] => 445
            [department_title] => Mechanical Team
            [first_name] => Sanish 
            [last_name] => Dhariwal
        )

    [5] => Array
        (
            [pur_rq_code] => #-00444-2026
            [requester] => 55
            [department] => 2
            [request_date] => 2026-01-28 01:27:25
            [project] => RS1-2508-1081 Prospira Bond Test Machine
            [status] => 2
            [id] => 444
            [department_title] => Mechanical Team
            [first_name] => Sahil
            [last_name] => Dhaka
        )

    [6] => Array
        (
            [pur_rq_code] => #-00443-2026
            [requester] => 15
            [department] => 2
            [request_date] => 2026-01-28 00:28:22
            [project] => RS2-2511-1034_HMM TS_Main Line Fixture
            [status] => 2
            [id] => 443
            [department_title] => Mechanical Team
            [first_name] => Ravi
            [last_name] => Saini
        )

    [7] => Array
        (
            [pur_rq_code] => #-00442-2026
            [requester] => 15
            [department] => 2
            [request_date] => 2026-01-23 23:35:25
            [project] => RS2-2511-1033_HMM TS_Helium Leak Testing Quick Coupler
            [status] => 2
            [id] => 442
            [department_title] => Mechanical Team
            [first_name] => Ravi
            [last_name] => Saini
        )

    [8] => Array
        (
            [pur_rq_code] => #-00441-2026
            [requester] => 15
            [department] => 2
            [request_date] => 2026-01-23 23:21:13
            [project] => RS2-2511-1034_HMM TS_Main Line Fixture
            [status] => 2
            [id] => 441
            [department_title] => Mechanical Team
            [first_name] => Ravi
            [last_name] => Saini
        )

    [9] => Array
        (
            [pur_rq_code] => #-00440-2026
            [requester] => 9
            [department] => 2
            [request_date] => 2026-01-21 22:46:05
            [project] => RS2526-FIX-SS
            [status] => 2
            [id] => 440
            [department_title] => Mechanical Team
            [first_name] => Anand
            [last_name] => Dhariwal
        )

    [10] => Array
        (
            [pur_rq_code] => #-00439-2026
            [requester] => 11
            [department] => 1
            [request_date] => 2026-01-21 03:11:05
            [project] => RS2526-SHIN
            [status] => 2
            [id] => 439
            [department_title] => AUTOMATION
            [first_name] => Komal
            [last_name] => Yadav
        )

    [11] => Array
        (
            [pur_rq_code] => #-00438-2026
            [requester] => 11
            [department] => 1
            [request_date] => 2026-01-20 23:46:20
            [project] => RS2526-SHIN
            [status] => 2
            [id] => 438
            [department_title] => AUTOMATION
            [first_name] => Komal
            [last_name] => Yadav
        )

    [12] => Array
        (
            [pur_rq_code] => #-00437-2026
            [requester] => 55
            [department] => 2
            [request_date] => 2026-01-20 06:30:20
            [project] => RS2502-5174-1 Punch Forming, Finger Forming and Pipe Cutting  Machin
            [status] => 2
            [id] => 437
            [department_title] => Mechanical Team
            [first_name] => Sahil
            [last_name] => Dhaka
        )

    [13] => Array
        (
            [pur_rq_code] => #-00436-2026
            [requester] => 8
            [department] => 1
            [request_date] => 2026-01-20 05:23:42
            [project] => RS1-2508-1081 Prospira Bond Test Machine
            [status] => 2
            [id] => 436
            [department_title] => AUTOMATION
            [first_name] => Tikam
            [last_name] => Singh
        )

    [14] => Array
        (
            [pur_rq_code] => #-00435-2026
            [requester] => 21
            [department] => 2
            [request_date] => 2026-01-20 01:24:02
            [project] => RS3-2512-3008-HMCMM-TFR INSERTION
            [status] => 2
            [id] => 435
            [department_title] => Mechanical Team
            [first_name] => Parvesh
            [last_name] => Beniwal
        )

    [15] => Array
        (
            [pur_rq_code] => #-00434-2026
            [requester] => 21
            [department] => 0
            [request_date] => 2026-01-20 00:05:52
            [project] => RS3-2512-3008-HMCMM-TFR INSERTION
            [status] => 2
            [id] => 434
            [department_title] => 
            [first_name] => Parvesh
            [last_name] => Beniwal
        )

    [16] => Array
        (
            [pur_rq_code] => #-00433-2026
            [requester] => 21
            [department] => 2
            [request_date] => 2026-01-19 23:42:10
            [project] => RS2-2510-5324_Seat Testing Fixture
            [status] => 2
            [id] => 433
            [department_title] => Mechanical Team
            [first_name] => Parvesh
            [last_name] => Beniwal
        )

    [17] => Array
        (
            [pur_rq_code] => #-00432-2026
            [requester] => 14
            [department] => 2
            [request_date] => 2026-01-17 05:51:05
            [project] => RS2502-5174-1 Punch Forming, Finger Forming and Pipe Cutting  Machin
            [status] => 2
            [id] => 432
            [department_title] => Mechanical Team
            [first_name] => Sanish 
            [last_name] => Dhariwal
        )

    [18] => Array
        (
            [pur_rq_code] => #-00431-2026
            [requester] => 11
            [department] => 2
            [request_date] => 2026-01-17 04:47:03
            [project] => RS2526-SPARE-E
            [status] => 2
            [id] => 431
            [department_title] => Mechanical Team
            [first_name] => Komal
            [last_name] => Yadav
        )

    [19] => Array
        (
            [pur_rq_code] => #-00430-2026
            [requester] => 14
            [department] => 2
            [request_date] => 2026-01-17 04:43:11
            [project] => RS2502-5174-1 Punch Forming, Finger Forming and Pipe Cutting  Machin
            [status] => 2
            [id] => 430
            [department_title] => Mechanical Team
            [first_name] => Sanish 
            [last_name] => Dhariwal
        )

    [20] => Array
        (
            [pur_rq_code] => #-00429-2026
            [requester] => 21
            [department] => 0
            [request_date] => 2026-01-17 04:40:13
            [project] => RS2504-5253-02 Elevator for Mixer
            [status] => 2
            [id] => 429
            [department_title] => 
            [first_name] => Parvesh
            [last_name] => Beniwal
        )

    [21] => Array
        (
            [pur_rq_code] => #-00428-2026
            [requester] => 21
            [department] => 2
            [request_date] => 2026-01-17 04:32:57
            [project] => RS2504-5253-02 Elevator for Mixer
            [status] => 2
            [id] => 428
            [department_title] => Mechanical Team
            [first_name] => Parvesh
            [last_name] => Beniwal
        )

    [22] => Array
        (
            [pur_rq_code] => #-00426-2026
            [requester] => 11
            [department] => 2
            [request_date] => 2026-01-16 05:24:00
            [project] => RS2526-SHIN
            [status] => 2
            [id] => 426
            [department_title] => Mechanical Team
            [first_name] => Komal
            [last_name] => Yadav
        )

    [23] => Array
        (
            [pur_rq_code] => #-00425-2026
            [requester] => 31
            [department] => 2
            [request_date] => 2026-01-16 02:40:35
            [project] => RS2526-FIX-SS
            [status] => 2
            [id] => 425
            [department_title] => Mechanical Team
            [first_name] => Sudesh
            [last_name] => Kumar
        )

    [24] => Array
        (
            [pur_rq_code] => #-00424-2026
            [requester] => 11
            [department] => 1
            [request_date] => 2026-01-16 02:30:44
            [project] => RS2526-SHIN
            [status] => 2
            [id] => 424
            [department_title] => AUTOMATION
            [first_name] => Komal
            [last_name] => Yadav
        )

)

