ERROR - 2025-06-24 15:58:36 --> DEBUG: $sGroupBy = 
ERROR - 2025-06-24 15:58:36 --> Array
(
    [rResult] => Array
        (
            [0] => Array
                (
                    [pur_rq_code] => #PRRSRA-00010-2025
                    [requester] => 1
                    [department] => 2
                    [request_date] => 2025-06-24 15:41:59
                    [status] => 1
                    [id] => 18
                    [title] => Electrical
                    [first_name] => Sumit
                    [last_name] => Ranjan
                    [items] => Array
                        (
                            [0] => Array
                                (
                                    [title] => 
                                    [sku_code] => 
                                    [sku_name] => 
                                    [quantity] => 0.00
                                    [unit_price] => 
                                )

                            [1] => Array
                                (
                                    [title] => 
                                    [sku_code] => 
                                    [sku_name] => 
                                    [quantity] => 1.00
                                    [unit_price] => 
                                )

                            [2] => Array
                                (
                                    [title] => 
                                    [sku_code] => 
                                    [sku_name] => 
                                    [quantity] => 1.00
                                    [unit_price] => 
                                )

                        )

                )

            [1] => Array
                (
                    [pur_rq_code] => #PRRSRA-00009-2025
                    [requester] => 1
                    [department] => 4
                    [request_date] => 2025-06-24 15:40:40
                    [status] => 1
                    [id] => 17
                    [title] => Purchase
                    [first_name] => Sumit
                    [last_name] => Ranjan
                    [items] => Array
                        (
                            [0] => Array
                                (
                                    [title] => 
                                    [sku_code] => 
                                    [sku_name] => 
                                    [quantity] => 1.00
                                    [unit_price] => 
                                )

                            [1] => Array
                                (
                                    [title] => 
                                    [sku_code] => 
                                    [sku_name] => 
                                    [quantity] => 1.00
                                    [unit_price] => 
                                )

                            [2] => Array
                                (
                                    [title] => 
                                    [sku_code] => 
                                    [sku_name] => 
                                    [quantity] => 1.00
                                    [unit_price] => 
                                )

                        )

                )

            [2] => Array
                (
                    [pur_rq_code] => #PRRSRA-00008-2025
                    [requester] => 1
                    [department] => 4
                    [request_date] => 2025-06-24 15:40:39
                    [status] => 1
                    [id] => 16
                    [title] => Purchase
                    [first_name] => Sumit
                    [last_name] => Ranjan
                    [items] => Array
                        (
                            [0] => Array
                                (
                                    [title] => 
                                    [sku_code] => 
                                    [sku_name] => 
                                    [quantity] => 1.00
                                    [unit_price] => 
                                )

                            [1] => Array
                                (
                                    [title] => 
                                    [sku_code] => 
                                    [sku_name] => 
                                    [quantity] => 1.00
                                    [unit_price] => 
                                )

                            [2] => Array
                                (
                                    [title] => 
                                    [sku_code] => 
                                    [sku_name] => 
                                    [quantity] => 1.00
                                    [unit_price] => 
                                )

                        )

                )

            [3] => Array
                (
                    [pur_rq_code] => #PRRSRA-00007-2025
                    [requester] => 1
                    [department] => 2
                    [request_date] => 2025-06-24 09:13:02
                    [status] => 1
                    [id] => 15
                    [title] => Electrical
                    [first_name] => Sumit
                    [last_name] => Ranjan
                    [items] => Array
                        (
                            [0] => Array
                                (
                                    [title] => Polycab wires 10 mm
                                    [sku_code] => PCWR12
                                    [sku_name] => PCWR12
                                    [quantity] => 2.00
                                    [unit_price] => 0.00
                                )

                            [1] => Array
                                (
                                    [title] => Test Product
                                    [sku_code] => TESTPROD
                                    [sku_name] => TESTPROD
                                    [quantity] => 1.00
                                    [unit_price] => 5000.00
                                )

                            [2] => Array
                                (
                                    [title] => Panel Square Light
                                    [sku_code] => PSQL
                                    [sku_name] => PSQL
                                    [quantity] => 1.00
                                    [unit_price] => 4000.00
                                )

                        )

                )

        )

    [output] => Array
        (
            [draw] => 1
            [iTotalRecords] => 4
            [iTotalDisplayRecords] => 3
            [aaData] => Array
                (
                )

        )

)

CRITICAL - 2025-06-24 15:58:36 --> Array
(
    [title] => 
    [sku_code] => 
    [sku_name] => 
    [quantity] => 0.00
    [unit_price] => 
)

CRITICAL - 2025-06-24 15:58:36 --> Array
(
    [title] => 
    [sku_code] => 
    [sku_name] => 
    [quantity] => 1.00
    [unit_price] => 
)

CRITICAL - 2025-06-24 15:58:36 --> Array
(
    [title] => 
    [sku_code] => 
    [sku_name] => 
    [quantity] => 1.00
    [unit_price] => 
)

CRITICAL - 2025-06-24 15:58:36 --> Array
(
    [title] => 
    [sku_code] => 
    [sku_name] => 
    [quantity] => 1.00
    [unit_price] => 
)

CRITICAL - 2025-06-24 15:58:36 --> Array
(
    [title] => 
    [sku_code] => 
    [sku_name] => 
    [quantity] => 1.00
    [unit_price] => 
)

CRITICAL - 2025-06-24 15:58:36 --> Array
(
    [title] => 
    [sku_code] => 
    [sku_name] => 
    [quantity] => 1.00
    [unit_price] => 
)

CRITICAL - 2025-06-24 15:58:36 --> Array
(
    [title] => 
    [sku_code] => 
    [sku_name] => 
    [quantity] => 1.00
    [unit_price] => 
)

CRITICAL - 2025-06-24 15:58:36 --> Array
(
    [title] => 
    [sku_code] => 
    [sku_name] => 
    [quantity] => 1.00
    [unit_price] => 
)

CRITICAL - 2025-06-24 15:58:37 --> Array
(
    [title] => 
    [sku_code] => 
    [sku_name] => 
    [quantity] => 1.00
    [unit_price] => 
)

CRITICAL - 2025-06-24 15:58:37 --> Array
(
    [title] => Polycab wires 10 mm
    [sku_code] => PCWR12
    [sku_name] => PCWR12
    [quantity] => 2.00
    [unit_price] => 0.00
)

CRITICAL - 2025-06-24 15:58:37 --> Array
(
    [title] => Test Product
    [sku_code] => TESTPROD
    [sku_name] => TESTPROD
    [quantity] => 1.00
    [unit_price] => 5000.00
)

CRITICAL - 2025-06-24 15:58:37 --> Array
(
    [title] => Panel Square Light
    [sku_code] => PSQL
    [sku_name] => PSQL
    [quantity] => 1.00
    [unit_price] => 4000.00
)

ERROR - 2025-06-24 16:01:22 --> DEBUG: $sGroupBy = 
ERROR - 2025-06-24 16:01:22 --> Array
(
    [rResult] => Array
        (
            [0] => Array
                (
                    [pur_rq_code] => #PRRSRA-00010-2025
                    [requester] => 1
                    [department] => 2
                    [request_date] => 2025-06-24 15:41:59
                    [status] => 1
                    [id] => 18
                    [title] => Electrical
                    [first_name] => Sumit
                    [last_name] => Ranjan
                    [items] => Array
                        (
                            [0] => Array
                                (
                                    [title] => Polycab wires 10 mm
                                    [sku_code] => PCWR12
                                    [sku_name] => PCWR12
                                    [quantity] => 0.00
                                    [unit_price] => 
                                )

                            [1] => Array
                                (
                                    [title] => Test Product
                                    [sku_code] => TESTPROD
                                    [sku_name] => TESTPROD
                                    [quantity] => 1.00
                                    [unit_price] => 
                                )

                            [2] => Array
                                (
                                    [title] => Panel Square Light
                                    [sku_code] => PSQL
                                    [sku_name] => PSQL
                                    [quantity] => 1.00
                                    [unit_price] => 
                                )

                        )

                )

            [1] => Array
                (
                    [pur_rq_code] => #PRRSRA-00009-2025
                    [requester] => 1
                    [department] => 4
                    [request_date] => 2025-06-24 15:40:40
                    [status] => 1
                    [id] => 17
                    [title] => Purchase
                    [first_name] => Sumit
                    [last_name] => Ranjan
                    [items] => Array
                        (
                            [0] => Array
                                (
                                    [title] => Panel Square Light
                                    [sku_code] => PSQL
                                    [sku_name] => PSQL
                                    [quantity] => 1.00
                                    [unit_price] => 
                                )

                            [1] => Array
                                (
                                    [title] => Test Product
                                    [sku_code] => TESTPROD
                                    [sku_name] => TESTPROD
                                    [quantity] => 1.00
                                    [unit_price] => 
                                )

                            [2] => Array
                                (
                                    [title] => Test Product
                                    [sku_code] => TESTPROD
                                    [sku_name] => TESTPROD
                                    [quantity] => 1.00
                                    [unit_price] => 
                                )

                        )

                )

            [2] => Array
                (
                    [pur_rq_code] => #PRRSRA-00008-2025
                    [requester] => 1
                    [department] => 4
                    [request_date] => 2025-06-24 15:40:39
                    [status] => 1
                    [id] => 16
                    [title] => Purchase
                    [first_name] => Sumit
                    [last_name] => Ranjan
                    [items] => Array
                        (
                            [0] => Array
                                (
                                    [title] => Test Product
                                    [sku_code] => TESTPROD
                                    [sku_name] => TESTPROD
                                    [quantity] => 1.00
                                    [unit_price] => 
                                )

                            [1] => Array
                                (
                                    [title] => Panel Square Light
                                    [sku_code] => PSQL
                                    [sku_name] => PSQL
                                    [quantity] => 1.00
                                    [unit_price] => 
                                )

                            [2] => Array
                                (
                                    [title] => Sanwa-Denki -9WF0424S604B
                                    [sku_code] => 9WF0424S604B
                                    [sku_name] => 9WF0424S604B
                                    [quantity] => 1.00
                                    [unit_price] => 
                                )

                        )

                )

            [3] => Array
                (
                    [pur_rq_code] => #PRRSRA-00007-2025
                    [requester] => 1
                    [department] => 2
                    [request_date] => 2025-06-24 09:13:02
                    [status] => 1
                    [id] => 15
                    [title] => Electrical
                    [first_name] => Sumit
                    [last_name] => Ranjan
                    [items] => Array
                        (
                            [0] => Array
                                (
                                    [title] => Polycab wires 10 mm
                                    [sku_code] => PCWR12
                                    [sku_name] => PCWR12
                                    [quantity] => 2.00
                                    [unit_price] => 0.00
                                )

                            [1] => Array
                                (
                                    [title] => Test Product
                                    [sku_code] => TESTPROD
                                    [sku_name] => TESTPROD
                                    [quantity] => 1.00
                                    [unit_price] => 5000.00
                                )

                            [2] => Array
                                (
                                    [title] => Panel Square Light
                                    [sku_code] => PSQL
                                    [sku_name] => PSQL
                                    [quantity] => 1.00
                                    [unit_price] => 4000.00
                                )

                        )

                )

        )

    [output] => Array
        (
            [draw] => 1
            [iTotalRecords] => 4
            [iTotalDisplayRecords] => 3
            [aaData] => Array
                (
                )

        )

)

CRITICAL - 2025-06-24 16:01:22 --> Array
(
    [title] => Polycab wires 10 mm
    [sku_code] => PCWR12
    [sku_name] => PCWR12
    [quantity] => 0.00
    [unit_price] => 
)

CRITICAL - 2025-06-24 16:01:22 --> Array
(
    [title] => Test Product
    [sku_code] => TESTPROD
    [sku_name] => TESTPROD
    [quantity] => 1.00
    [unit_price] => 
)

CRITICAL - 2025-06-24 16:01:22 --> Array
(
    [title] => Panel Square Light
    [sku_code] => PSQL
    [sku_name] => PSQL
    [quantity] => 1.00
    [unit_price] => 
)

CRITICAL - 2025-06-24 16:01:22 --> Array
(
    [title] => Panel Square Light
    [sku_code] => PSQL
    [sku_name] => PSQL
    [quantity] => 1.00
    [unit_price] => 
)

CRITICAL - 2025-06-24 16:01:22 --> Array
(
    [title] => Test Product
    [sku_code] => TESTPROD
    [sku_name] => TESTPROD
    [quantity] => 1.00
    [unit_price] => 
)

CRITICAL - 2025-06-24 16:01:22 --> Array
(
    [title] => Test Product
    [sku_code] => TESTPROD
    [sku_name] => TESTPROD
    [quantity] => 1.00
    [unit_price] => 
)

CRITICAL - 2025-06-24 16:01:22 --> Array
(
    [title] => Test Product
    [sku_code] => TESTPROD
    [sku_name] => TESTPROD
    [quantity] => 1.00
    [unit_price] => 
)

CRITICAL - 2025-06-24 16:01:22 --> Array
(
    [title] => Panel Square Light
    [sku_code] => PSQL
    [sku_name] => PSQL
    [quantity] => 1.00
    [unit_price] => 
)

CRITICAL - 2025-06-24 16:01:22 --> Array
(
    [title] => Sanwa-Denki -9WF0424S604B
    [sku_code] => 9WF0424S604B
    [sku_name] => 9WF0424S604B
    [quantity] => 1.00
    [unit_price] => 
)

CRITICAL - 2025-06-24 16:01:22 --> Array
(
    [title] => Polycab wires 10 mm
    [sku_code] => PCWR12
    [sku_name] => PCWR12
    [quantity] => 2.00
    [unit_price] => 0.00
)

CRITICAL - 2025-06-24 16:01:22 --> Array
(
    [title] => Test Product
    [sku_code] => TESTPROD
    [sku_name] => TESTPROD
    [quantity] => 1.00
    [unit_price] => 5000.00
)

CRITICAL - 2025-06-24 16:01:22 --> Array
(
    [title] => Panel Square Light
    [sku_code] => PSQL
    [sku_name] => PSQL
    [quantity] => 1.00
    [unit_price] => 4000.00
)

ERROR - 2025-06-24 16:01:22 --> DEBUG: $sGroupBy = 
ERROR - 2025-06-24 16:01:22 --> Array
(
    [rResult] => Array
        (
            [0] => Array
                (
                    [pur_rq_code] => #PRRSRA-00010-2025
                    [requester] => 1
                    [department] => 2
                    [request_date] => 2025-06-24 15:41:59
                    [status] => 1
                    [id] => 18
                    [title] => Electrical
                    [first_name] => Sumit
                    [last_name] => Ranjan
                    [items] => Array
                        (
                            [0] => Array
                                (
                                    [title] => Polycab wires 10 mm
                                    [sku_code] => PCWR12
                                    [sku_name] => PCWR12
                                    [quantity] => 0.00
                                    [unit_price] => 
                                )

                            [1] => Array
                                (
                                    [title] => Test Product
                                    [sku_code] => TESTPROD
                                    [sku_name] => TESTPROD
                                    [quantity] => 1.00
                                    [unit_price] => 
                                )

                            [2] => Array
                                (
                                    [title] => Panel Square Light
                                    [sku_code] => PSQL
                                    [sku_name] => PSQL
                                    [quantity] => 1.00
                                    [unit_price] => 
                                )

                        )

                )

            [1] => Array
                (
                    [pur_rq_code] => #PRRSRA-00009-2025
                    [requester] => 1
                    [department] => 4
                    [request_date] => 2025-06-24 15:40:40
                    [status] => 1
                    [id] => 17
                    [title] => Purchase
                    [first_name] => Sumit
                    [last_name] => Ranjan
                    [items] => Array
                        (
                            [0] => Array
                                (
                                    [title] => Panel Square Light
                                    [sku_code] => PSQL
                                    [sku_name] => PSQL
                                    [quantity] => 1.00
                                    [unit_price] => 
                                )

                            [1] => Array
                                (
                                    [title] => Test Product
                                    [sku_code] => TESTPROD
                                    [sku_name] => TESTPROD
                                    [quantity] => 1.00
                                    [unit_price] => 
                                )

                            [2] => Array
                                (
                                    [title] => Test Product
                                    [sku_code] => TESTPROD
                                    [sku_name] => TESTPROD
                                    [quantity] => 1.00
                                    [unit_price] => 
                                )

                        )

                )

            [2] => Array
                (
                    [pur_rq_code] => #PRRSRA-00008-2025
                    [requester] => 1
                    [department] => 4
                    [request_date] => 2025-06-24 15:40:39
                    [status] => 1
                    [id] => 16
                    [title] => Purchase
                    [first_name] => Sumit
                    [last_name] => Ranjan
                    [items] => Array
                        (
                            [0] => Array
                                (
                                    [title] => Test Product
                                    [sku_code] => TESTPROD
                                    [sku_name] => TESTPROD
                                    [quantity] => 1.00
                                    [unit_price] => 
                                )

                            [1] => Array
                                (
                                    [title] => Panel Square Light
                                    [sku_code] => PSQL
                                    [sku_name] => PSQL
                                    [quantity] => 1.00
                                    [unit_price] => 
                                )

                            [2] => Array
                                (
                                    [title] => Sanwa-Denki -9WF0424S604B
                                    [sku_code] => 9WF0424S604B
                                    [sku_name] => 9WF0424S604B
                                    [quantity] => 1.00
                                    [unit_price] => 
                                )

                        )

                )

            [3] => Array
                (
                    [pur_rq_code] => #PRRSRA-00007-2025
                    [requester] => 1
                    [department] => 2
                    [request_date] => 2025-06-24 09:13:02
                    [status] => 1
                    [id] => 15
                    [title] => Electrical
                    [first_name] => Sumit
                    [last_name] => Ranjan
                    [items] => Array
                        (
                            [0] => Array
                                (
                                    [title] => Polycab wires 10 mm
                                    [sku_code] => PCWR12
                                    [sku_name] => PCWR12
                                    [quantity] => 2.00
                                    [unit_price] => 0.00
                                )

                            [1] => Array
                                (
                                    [title] => Test Product
                                    [sku_code] => TESTPROD
                                    [sku_name] => TESTPROD
                                    [quantity] => 1.00
                                    [unit_price] => 5000.00
                                )

                            [2] => Array
                                (
                                    [title] => Panel Square Light
                                    [sku_code] => PSQL
                                    [sku_name] => PSQL
                                    [quantity] => 1.00
                                    [unit_price] => 4000.00
                                )

                        )

                )

        )

    [output] => Array
        (
            [draw] => 1
            [iTotalRecords] => 4
            [iTotalDisplayRecords] => 3
            [aaData] => Array
                (
                )

        )

)

CRITICAL - 2025-06-24 16:01:22 --> Array
(
    [title] => Polycab wires 10 mm
    [sku_code] => PCWR12
    [sku_name] => PCWR12
    [quantity] => 0.00
    [unit_price] => 
)

CRITICAL - 2025-06-24 16:01:22 --> Array
(
    [title] => Test Product
    [sku_code] => TESTPROD
    [sku_name] => TESTPROD
    [quantity] => 1.00
    [unit_price] => 
)

CRITICAL - 2025-06-24 16:01:22 --> Array
(
    [title] => Panel Square Light
    [sku_code] => PSQL
    [sku_name] => PSQL
    [quantity] => 1.00
    [unit_price] => 
)

CRITICAL - 2025-06-24 16:01:22 --> Array
(
    [title] => Panel Square Light
    [sku_code] => PSQL
    [sku_name] => PSQL
    [quantity] => 1.00
    [unit_price] => 
)

CRITICAL - 2025-06-24 16:01:22 --> Array
(
    [title] => Test Product
    [sku_code] => TESTPROD
    [sku_name] => TESTPROD
    [quantity] => 1.00
    [unit_price] => 
)

CRITICAL - 2025-06-24 16:01:22 --> Array
(
    [title] => Test Product
    [sku_code] => TESTPROD
    [sku_name] => TESTPROD
    [quantity] => 1.00
    [unit_price] => 
)

CRITICAL - 2025-06-24 16:01:22 --> Array
(
    [title] => Test Product
    [sku_code] => TESTPROD
    [sku_name] => TESTPROD
    [quantity] => 1.00
    [unit_price] => 
)

CRITICAL - 2025-06-24 16:01:22 --> Array
(
    [title] => Panel Square Light
    [sku_code] => PSQL
    [sku_name] => PSQL
    [quantity] => 1.00
    [unit_price] => 
)

CRITICAL - 2025-06-24 16:01:22 --> Array
(
    [title] => Sanwa-Denki -9WF0424S604B
    [sku_code] => 9WF0424S604B
    [sku_name] => 9WF0424S604B
    [quantity] => 1.00
    [unit_price] => 
)

CRITICAL - 2025-06-24 16:01:22 --> Array
(
    [title] => Polycab wires 10 mm
    [sku_code] => PCWR12
    [sku_name] => PCWR12
    [quantity] => 2.00
    [unit_price] => 0.00
)

CRITICAL - 2025-06-24 16:01:22 --> Array
(
    [title] => Test Product
    [sku_code] => TESTPROD
    [sku_name] => TESTPROD
    [quantity] => 1.00
    [unit_price] => 5000.00
)

CRITICAL - 2025-06-24 16:01:22 --> Array
(
    [title] => Panel Square Light
    [sku_code] => PSQL
    [sku_name] => PSQL
    [quantity] => 1.00
    [unit_price] => 4000.00
)

CRITICAL - 2025-06-24 16:05:37 --> <tr class="main"><td></td><td width="30%"><div class="form-group" app-field-wrapper="item_text"><input type="text" name="item_text" value="" id="item_text" class="form-control" placeholder="Item Name" autocomplete="off"  />
</div><div class="form-group" app-field-wrapper="item_code"><input type="text" name="item_code" value="" id="item_code" class="form-control" placeholder="" autocomplete="off"  />
</div></td><td width="20%"><div class="form-group" app-field-wrapper="sku_code"><input type="text" name="sku_code" value="" id="sku_code" class="form-control" placeholder="default_lang.Make" autocomplete="off"  />
</div></td><td width="20%"><div class="form-group" app-field-wrapper="sku_name"><input type="text" name="sku_name" value="" id="sku_name" class="form-control" placeholder="default_lang.Model" autocomplete="off"  />
</div></td><td width="15%" class="quantities"><div class="form-group no-margin" app-field-wrapper="quantity"><input type="number" name="quantity" value="" id="quantity" class="form-control text-right" placeholder="" autocomplete="off" min="0.0" step="any"  />
</div></td><td width="15%"><div class="form-group" app-field-wrapper="unit_name"><input type="text" name="unit_name" value="" id="unit_name" class="form-control" placeholder="default_lang.Unit" autocomplete="off"  />
</div></td><td><button type="button" onclick="pur_add_item_to_table('undefined','undefined'); return false;" class="btn pull-right btn-info text-white"><i data-feather="plus-circle" class="icon-16"></i></button></td></tr>
CRITICAL - 2025-06-24 16:06:04 --> Purchase Request Row Input: {"name":"newitems[1]","item_text":"PLC","item_code":"PLC","sku_code":"AllenBradley","sku_name":"1000","quantity":"1","unit_name":"Pieces","item_key":"1"}
CRITICAL - 2025-06-24 16:06:04 --> <tr class="sortable item"><td class="dragger"><input type="hidden" class="order" name="newitems[1][order]"><input type="hidden" class="ids" name="newitems[1][id]" value="1"></td><td width="30%"><div class="form-group" app-field-wrapper="newitems[1][item_text]"><input type="text" name="newitems[1][item_text]" value="PLC" id="newitems[1][item_text]" class="form-control" placeholder="Item Name" autocomplete="off"  />
</div><div class="form-group" app-field-wrapper="newitems[1][item_code]"><input type="text" name="newitems[1][item_code]" value="PLC" id="newitems[1][item_code]" class="form-control" placeholder="" autocomplete="off"  />
</div></td><td width="20%"><div class="form-group" app-field-wrapper="newitems[1][sku_code]"><input type="text" name="newitems[1][sku_code]" value="AllenBradley" id="newitems[1][sku_code]" class="form-control" placeholder="default_lang.Make" autocomplete="off"  />
</div></td><td width="20%"><div class="form-group" app-field-wrapper="newitems[1][sku_name]"><input type="text" name="newitems[1][sku_name]" value="1000" id="newitems[1][sku_name]" class="form-control" placeholder="default_lang.Model" autocomplete="off"  />
</div></td><td width="15%" class="quantities"><div class="form-group no-margin" app-field-wrapper="newitems[1][quantity]"><input type="number" name="newitems[1][quantity]" value="1" id="newitems[1][quantity]" class="form-control text-right" placeholder="" autocomplete="off" min="0.0" step="any"  />
</div></td><td width="15%"><div class="form-group" app-field-wrapper="newitems[1][unit_name]"><input type="text" name="newitems[1][unit_name]" value="Pieces" id="newitems[1][unit_name]" class="form-control" placeholder="default_lang.Unit" autocomplete="off"  />
</div></td><td><a href="#" class="btn btn-danger pull-right" onclick="pur_delete_item(this,1,'.invoice-item'); return false;"><i data-feather="x" class="icon-16"></i></a></td></tr>
CRITICAL - 2025-06-24 16:08:13 --> <tr class="main"><td></td><td width="30%"><div class="form-group" app-field-wrapper="item_text"><input type="text" name="item_text" value="" id="item_text" class="form-control" placeholder="Item Name" autocomplete="off"  />
</div><div class="form-group" app-field-wrapper="item_code"><input type="text" name="item_code" value="" id="item_code" class="form-control" placeholder="" autocomplete="off"  />
</div></td><td width="20%"><div class="form-group" app-field-wrapper="sku_code"><input type="text" name="sku_code" value="" id="sku_code" class="form-control" placeholder="default_lang.Make" autocomplete="off"  />
</div></td><td width="20%"><div class="form-group" app-field-wrapper="sku_name"><input type="text" name="sku_name" value="" id="sku_name" class="form-control" placeholder="default_lang.Model" autocomplete="off"  />
</div></td><td width="15%" class="quantities"><div class="form-group no-margin" app-field-wrapper="quantity"><input type="number" name="quantity" value="" id="quantity" class="form-control text-right" placeholder="" autocomplete="off" min="0.0" step="any"  />
</div></td><td width="15%"><div class="form-group" app-field-wrapper="unit_name"><input type="text" name="unit_name" value="" id="unit_name" class="form-control" placeholder="default_lang.Unit" autocomplete="off"  />
</div></td><td><button type="button" onclick="pur_add_item_to_table('undefined','undefined'); return false;" class="btn pull-right btn-info text-white"><i data-feather="plus-circle" class="icon-16"></i></button></td></tr>
CRITICAL - 2025-06-24 16:08:14 --> <tr class="main"><td></td><td width="30%"><div class="form-group" app-field-wrapper="item_text"><input type="text" name="item_text" value="" id="item_text" class="form-control" placeholder="Item Name" autocomplete="off"  />
</div><div class="form-group" app-field-wrapper="item_code"><input type="text" name="item_code" value="" id="item_code" class="form-control" placeholder="" autocomplete="off"  />
</div></td><td width="20%"><div class="form-group" app-field-wrapper="sku_code"><input type="text" name="sku_code" value="" id="sku_code" class="form-control" placeholder="default_lang.Make" autocomplete="off"  />
</div></td><td width="20%"><div class="form-group" app-field-wrapper="sku_name"><input type="text" name="sku_name" value="" id="sku_name" class="form-control" placeholder="default_lang.Model" autocomplete="off"  />
</div></td><td width="15%" class="quantities"><div class="form-group no-margin" app-field-wrapper="quantity"><input type="number" name="quantity" value="" id="quantity" class="form-control text-right" placeholder="" autocomplete="off" min="0.0" step="any"  />
</div></td><td width="15%"><div class="form-group" app-field-wrapper="unit_name"><input type="text" name="unit_name" value="" id="unit_name" class="form-control" placeholder="default_lang.Unit" autocomplete="off"  />
</div></td><td><button type="button" onclick="pur_add_item_to_table('undefined','undefined'); return false;" class="btn pull-right btn-info text-white"><i data-feather="plus-circle" class="icon-16"></i></button></td></tr>
CRITICAL - 2025-06-24 16:10:23 --> <tr class="main"><td></td><td width="30%"><div class="form-group" app-field-wrapper="item_text"><input type="text" name="item_text" value="" id="item_text" class="form-control" placeholder="Item Name" autocomplete="off"  />
</div><div class="form-group" app-field-wrapper="item_code"><input type="text" name="item_code" value="" id="item_code" class="form-control" placeholder="" autocomplete="off"  />
</div></td><td width="20%"><div class="form-group" app-field-wrapper="sku_code"><input type="text" name="sku_code" value="" id="sku_code" class="form-control" placeholder="default_lang.Make" autocomplete="off"  />
</div></td><td width="20%"><div class="form-group" app-field-wrapper="sku_name"><input type="text" name="sku_name" value="" id="sku_name" class="form-control" placeholder="default_lang.Model" autocomplete="off"  />
</div></td><td width="15%" class="quantities"><div class="form-group no-margin" app-field-wrapper="quantity"><input type="number" name="quantity" value="" id="quantity" class="form-control text-right" placeholder="" autocomplete="off" min="0.0" step="any"  />
</div></td><td width="15%"><div class="form-group" app-field-wrapper="unit_name"><input type="text" name="unit_name" value="" id="unit_name" class="form-control" placeholder="default_lang.Unit" autocomplete="off"  />
</div></td><td><button type="button" onclick="pur_add_item_to_table('undefined','undefined'); return false;" class="btn pull-right btn-info text-white"><i data-feather="plus-circle" class="icon-16"></i></button></td></tr>
CRITICAL - 2025-06-24 16:10:24 --> <tr class="main"><td></td><td width="30%"><div class="form-group" app-field-wrapper="item_text"><input type="text" name="item_text" value="" id="item_text" class="form-control" placeholder="Item Name" autocomplete="off"  />
</div><div class="form-group" app-field-wrapper="item_code"><input type="text" name="item_code" value="" id="item_code" class="form-control" placeholder="" autocomplete="off"  />
</div></td><td width="20%"><div class="form-group" app-field-wrapper="sku_code"><input type="text" name="sku_code" value="" id="sku_code" class="form-control" placeholder="default_lang.Make" autocomplete="off"  />
</div></td><td width="20%"><div class="form-group" app-field-wrapper="sku_name"><input type="text" name="sku_name" value="" id="sku_name" class="form-control" placeholder="default_lang.Model" autocomplete="off"  />
</div></td><td width="15%" class="quantities"><div class="form-group no-margin" app-field-wrapper="quantity"><input type="number" name="quantity" value="" id="quantity" class="form-control text-right" placeholder="" autocomplete="off" min="0.0" step="any"  />
</div></td><td width="15%"><div class="form-group" app-field-wrapper="unit_name"><input type="text" name="unit_name" value="" id="unit_name" class="form-control" placeholder="default_lang.Unit" autocomplete="off"  />
</div></td><td><button type="button" onclick="pur_add_item_to_table('undefined','undefined'); return false;" class="btn pull-right btn-info text-white"><i data-feather="plus-circle" class="icon-16"></i></button></td></tr>
CRITICAL - 2025-06-24 16:11:45 --> Purchase Request Row Input: {"name":"newitems[1]","item_text":"Test Product","item_code":"TESTPROD","sku_code":"TESTPROD","sku_name":"TESTPROD","quantity":"20","unit_name":"Pieces","item_key":"1"}
CRITICAL - 2025-06-24 16:11:45 --> <tr class="sortable item"><td class="dragger"><input type="hidden" class="order" name="newitems[1][order]"><input type="hidden" class="ids" name="newitems[1][id]" value="1"></td><td width="30%"><div class="form-group" app-field-wrapper="newitems[1][item_text]"><input type="text" name="newitems[1][item_text]" value="Test Product" id="newitems[1][item_text]" class="form-control" placeholder="Item Name" autocomplete="off"  />
</div><div class="form-group" app-field-wrapper="newitems[1][item_code]"><input type="text" name="newitems[1][item_code]" value="1" id="newitems[1][item_code]" class="form-control" placeholder="" autocomplete="off"  />
</div></td><td width="20%"><div class="form-group" app-field-wrapper="newitems[1][sku_code]"><input type="text" name="newitems[1][sku_code]" value="TESTPROD" id="newitems[1][sku_code]" class="form-control" placeholder="default_lang.Make" autocomplete="off"  />
</div></td><td width="20%"><div class="form-group" app-field-wrapper="newitems[1][sku_name]"><input type="text" name="newitems[1][sku_name]" value="TESTPROD" id="newitems[1][sku_name]" class="form-control" placeholder="default_lang.Model" autocomplete="off"  />
</div></td><td width="15%" class="quantities"><div class="form-group no-margin" app-field-wrapper="newitems[1][quantity]"><input type="number" name="newitems[1][quantity]" value="20" id="newitems[1][quantity]" class="form-control text-right" placeholder="" autocomplete="off" min="0.0" step="any"  />
</div></td><td width="15%"><div class="form-group" app-field-wrapper="newitems[1][unit_name]"><input type="text" name="newitems[1][unit_name]" value="Pieces" id="newitems[1][unit_name]" class="form-control" placeholder="default_lang.Unit" autocomplete="off"  />
</div></td><td><a href="#" class="btn btn-danger pull-right" onclick="pur_delete_item(this,1,'.invoice-item'); return false;"><i data-feather="x" class="icon-16"></i></a></td></tr>
CRITICAL - 2025-06-24 16:12:18 --> Purchase Request Row Input: {"name":"newitems[2]","item_text":"PLC","item_code":"PLC","sku_code":"AllenBradley","sku_name":"1000","quantity":"1","unit_name":"Pieces","item_key":"2"}
CRITICAL - 2025-06-24 16:12:18 --> <tr class="sortable item"><td class="dragger"><input type="hidden" class="order" name="newitems[2][order]"><input type="hidden" class="ids" name="newitems[2][id]" value="2"></td><td width="30%"><div class="form-group" app-field-wrapper="newitems[2][item_text]"><input type="text" name="newitems[2][item_text]" value="PLC" id="newitems[2][item_text]" class="form-control" placeholder="Item Name" autocomplete="off"  />
</div><div class="form-group" app-field-wrapper="newitems[2][item_code]"><input type="text" name="newitems[2][item_code]" value="2" id="newitems[2][item_code]" class="form-control" placeholder="" autocomplete="off"  />
</div></td><td width="20%"><div class="form-group" app-field-wrapper="newitems[2][sku_code]"><input type="text" name="newitems[2][sku_code]" value="AllenBradley" id="newitems[2][sku_code]" class="form-control" placeholder="default_lang.Make" autocomplete="off"  />
</div></td><td width="20%"><div class="form-group" app-field-wrapper="newitems[2][sku_name]"><input type="text" name="newitems[2][sku_name]" value="1000" id="newitems[2][sku_name]" class="form-control" placeholder="default_lang.Model" autocomplete="off"  />
</div></td><td width="15%" class="quantities"><div class="form-group no-margin" app-field-wrapper="newitems[2][quantity]"><input type="number" name="newitems[2][quantity]" value="1" id="newitems[2][quantity]" class="form-control text-right" placeholder="" autocomplete="off" min="0.0" step="any"  />
</div></td><td width="15%"><div class="form-group" app-field-wrapper="newitems[2][unit_name]"><input type="text" name="newitems[2][unit_name]" value="Pieces" id="newitems[2][unit_name]" class="form-control" placeholder="default_lang.Unit" autocomplete="off"  />
</div></td><td><a href="#" class="btn btn-danger pull-right" onclick="pur_delete_item(this,2,'.invoice-item'); return false;"><i data-feather="x" class="icon-16"></i></a></td></tr>
CRITICAL - 2025-06-24 16:15:13 --> <tr class="main"><td></td><td width="30%"><div class="form-group" app-field-wrapper="item_text"><input type="text" name="item_text" value="" id="item_text" class="form-control" placeholder="Item Name" autocomplete="off"  />
</div><div class="form-group" app-field-wrapper="item_code"><input type="text" name="item_code" value="" id="item_code" class="form-control" placeholder="" autocomplete="off"  />
</div></td><td width="20%"><div class="form-group" app-field-wrapper="sku_code"><input type="text" name="sku_code" value="" id="sku_code" class="form-control" placeholder="default_lang.Make" autocomplete="off"  />
</div></td><td width="20%"><div class="form-group" app-field-wrapper="sku_name"><input type="text" name="sku_name" value="" id="sku_name" class="form-control" placeholder="default_lang.Model" autocomplete="off"  />
</div></td><td width="15%" class="quantities"><div class="form-group no-margin" app-field-wrapper="quantity"><input type="number" name="quantity" value="" id="quantity" class="form-control text-right" placeholder="" autocomplete="off" min="0.0" step="any"  />
</div></td><td width="15%"><div class="form-group" app-field-wrapper="unit_name"><input type="text" name="unit_name" value="" id="unit_name" class="form-control" placeholder="default_lang.Unit" autocomplete="off"  />
</div></td><td><button type="button" onclick="pur_add_item_to_table('undefined','undefined'); return false;" class="btn pull-right btn-info text-white"><i data-feather="plus-circle" class="icon-16"></i></button></td></tr>
CRITICAL - 2025-06-24 16:15:16 --> <tr class="main"><td></td><td width="30%"><div class="form-group" app-field-wrapper="item_text"><input type="text" name="item_text" value="" id="item_text" class="form-control" placeholder="Item Name" autocomplete="off"  />
</div><div class="form-group" app-field-wrapper="item_code"><input type="text" name="item_code" value="" id="item_code" class="form-control" placeholder="" autocomplete="off"  />
</div></td><td width="20%"><div class="form-group" app-field-wrapper="sku_code"><input type="text" name="sku_code" value="" id="sku_code" class="form-control" placeholder="default_lang.Make" autocomplete="off"  />
</div></td><td width="20%"><div class="form-group" app-field-wrapper="sku_name"><input type="text" name="sku_name" value="" id="sku_name" class="form-control" placeholder="default_lang.Model" autocomplete="off"  />
</div></td><td width="15%" class="quantities"><div class="form-group no-margin" app-field-wrapper="quantity"><input type="number" name="quantity" value="" id="quantity" class="form-control text-right" placeholder="" autocomplete="off" min="0.0" step="any"  />
</div></td><td width="15%"><div class="form-group" app-field-wrapper="unit_name"><input type="text" name="unit_name" value="" id="unit_name" class="form-control" placeholder="default_lang.Unit" autocomplete="off"  />
</div></td><td><button type="button" onclick="pur_add_item_to_table('undefined','undefined'); return false;" class="btn pull-right btn-info text-white"><i data-feather="plus-circle" class="icon-16"></i></button></td></tr>
CRITICAL - 2025-06-24 16:15:27 --> Undefined property: stdClass::$id
in FCPATH\plugins\Purchase\Controllers\Purchase.php on line 2250.
 1 FCPATH\plugins\Purchase\Controllers\Purchase.php(2250): CodeIgniter\Debug\Exceptions->errorHandler(2, 'Undefined property: stdClass::$id', 'FCPATH\\plugins\\Purchase\\Controllers\\Purchase.php', 2250)
 2 SYSTEMPATH\CodeIgniter.php(896): Purchase\Controllers\Purchase->get_item_by_id('13')
 3 SYSTEMPATH\CodeIgniter.php(466): CodeIgniter\CodeIgniter->runController(Object(Purchase\Controllers\Purchase))
 4 SYSTEMPATH\CodeIgniter.php(349): CodeIgniter\CodeIgniter->handleRequest(null, Object(Config\Cache), false)
 5 FCPATH\index.php(80): CodeIgniter\CodeIgniter->run()
CRITICAL - 2025-06-24 16:15:28 --> Undefined property: stdClass::$id
in FCPATH\plugins\Purchase\Controllers\Purchase.php on line 2250.
 1 FCPATH\plugins\Purchase\Controllers\Purchase.php(2250): CodeIgniter\Debug\Exceptions->errorHandler(2, 'Undefined property: stdClass::$id', 'FCPATH\\plugins\\Purchase\\Controllers\\Purchase.php', 2250)
 2 SYSTEMPATH\CodeIgniter.php(896): Purchase\Controllers\Purchase->get_item_by_id('13')
 3 SYSTEMPATH\CodeIgniter.php(466): CodeIgniter\CodeIgniter->runController(Object(Purchase\Controllers\Purchase))
 4 SYSTEMPATH\CodeIgniter.php(349): CodeIgniter\CodeIgniter->handleRequest(null, Object(Config\Cache), false)
 5 FCPATH\index.php(80): CodeIgniter\CodeIgniter->run()
CRITICAL - 2025-06-24 16:15:29 --> Undefined property: stdClass::$id
in FCPATH\plugins\Purchase\Controllers\Purchase.php on line 2250.
 1 FCPATH\plugins\Purchase\Controllers\Purchase.php(2250): CodeIgniter\Debug\Exceptions->errorHandler(2, 'Undefined property: stdClass::$id', 'FCPATH\\plugins\\Purchase\\Controllers\\Purchase.php', 2250)
 2 SYSTEMPATH\CodeIgniter.php(896): Purchase\Controllers\Purchase->get_item_by_id('13')
 3 SYSTEMPATH\CodeIgniter.php(466): CodeIgniter\CodeIgniter->runController(Object(Purchase\Controllers\Purchase))
 4 SYSTEMPATH\CodeIgniter.php(349): CodeIgniter\CodeIgniter->handleRequest(null, Object(Config\Cache), false)
 5 FCPATH\index.php(80): CodeIgniter\CodeIgniter->run()
CRITICAL - 2025-06-24 16:15:33 --> Undefined property: stdClass::$id
in FCPATH\plugins\Purchase\Controllers\Purchase.php on line 2250.
 1 FCPATH\plugins\Purchase\Controllers\Purchase.php(2250): CodeIgniter\Debug\Exceptions->errorHandler(2, 'Undefined property: stdClass::$id', 'FCPATH\\plugins\\Purchase\\Controllers\\Purchase.php', 2250)
 2 SYSTEMPATH\CodeIgniter.php(896): Purchase\Controllers\Purchase->get_item_by_id('13')
 3 SYSTEMPATH\CodeIgniter.php(466): CodeIgniter\CodeIgniter->runController(Object(Purchase\Controllers\Purchase))
 4 SYSTEMPATH\CodeIgniter.php(349): CodeIgniter\CodeIgniter->handleRequest(null, Object(Config\Cache), false)
 5 FCPATH\index.php(80): CodeIgniter\CodeIgniter->run()
CRITICAL - 2025-06-24 16:15:37 --> Undefined property: stdClass::$id
in FCPATH\plugins\Purchase\Controllers\Purchase.php on line 2250.
 1 FCPATH\plugins\Purchase\Controllers\Purchase.php(2250): CodeIgniter\Debug\Exceptions->errorHandler(2, 'Undefined property: stdClass::$id', 'FCPATH\\plugins\\Purchase\\Controllers\\Purchase.php', 2250)
 2 SYSTEMPATH\CodeIgniter.php(896): Purchase\Controllers\Purchase->get_item_by_id('13')
 3 SYSTEMPATH\CodeIgniter.php(466): CodeIgniter\CodeIgniter->runController(Object(Purchase\Controllers\Purchase))
 4 SYSTEMPATH\CodeIgniter.php(349): CodeIgniter\CodeIgniter->handleRequest(null, Object(Config\Cache), false)
 5 FCPATH\index.php(80): CodeIgniter\CodeIgniter->run()
CRITICAL - 2025-06-24 16:15:44 --> Undefined property: stdClass::$id
in FCPATH\plugins\Purchase\Controllers\Purchase.php on line 2250.
 1 FCPATH\plugins\Purchase\Controllers\Purchase.php(2250): CodeIgniter\Debug\Exceptions->errorHandler(2, 'Undefined property: stdClass::$id', 'FCPATH\\plugins\\Purchase\\Controllers\\Purchase.php', 2250)
 2 SYSTEMPATH\CodeIgniter.php(896): Purchase\Controllers\Purchase->get_item_by_id('8')
 3 SYSTEMPATH\CodeIgniter.php(466): CodeIgniter\CodeIgniter->runController(Object(Purchase\Controllers\Purchase))
 4 SYSTEMPATH\CodeIgniter.php(349): CodeIgniter\CodeIgniter->handleRequest(null, Object(Config\Cache), false)
 5 FCPATH\index.php(80): CodeIgniter\CodeIgniter->run()
CRITICAL - 2025-06-24 16:15:44 --> Undefined property: stdClass::$id
in FCPATH\plugins\Purchase\Controllers\Purchase.php on line 2250.
 1 FCPATH\plugins\Purchase\Controllers\Purchase.php(2250): CodeIgniter\Debug\Exceptions->errorHandler(2, 'Undefined property: stdClass::$id', 'FCPATH\\plugins\\Purchase\\Controllers\\Purchase.php', 2250)
 2 SYSTEMPATH\CodeIgniter.php(896): Purchase\Controllers\Purchase->get_item_by_id('8')
 3 SYSTEMPATH\CodeIgniter.php(466): CodeIgniter\CodeIgniter->runController(Object(Purchase\Controllers\Purchase))
 4 SYSTEMPATH\CodeIgniter.php(349): CodeIgniter\CodeIgniter->handleRequest(null, Object(Config\Cache), false)
 5 FCPATH\index.php(80): CodeIgniter\CodeIgniter->run()
CRITICAL - 2025-06-24 16:15:44 --> Undefined property: stdClass::$id
in FCPATH\plugins\Purchase\Controllers\Purchase.php on line 2250.
 1 FCPATH\plugins\Purchase\Controllers\Purchase.php(2250): CodeIgniter\Debug\Exceptions->errorHandler(2, 'Undefined property: stdClass::$id', 'FCPATH\\plugins\\Purchase\\Controllers\\Purchase.php', 2250)
 2 SYSTEMPATH\CodeIgniter.php(896): Purchase\Controllers\Purchase->get_item_by_id('8')
 3 SYSTEMPATH\CodeIgniter.php(466): CodeIgniter\CodeIgniter->runController(Object(Purchase\Controllers\Purchase))
 4 SYSTEMPATH\CodeIgniter.php(349): CodeIgniter\CodeIgniter->handleRequest(null, Object(Config\Cache), false)
 5 FCPATH\index.php(80): CodeIgniter\CodeIgniter->run()
CRITICAL - 2025-06-24 16:15:48 --> Undefined property: stdClass::$id
in FCPATH\plugins\Purchase\Controllers\Purchase.php on line 2250.
 1 FCPATH\plugins\Purchase\Controllers\Purchase.php(2250): CodeIgniter\Debug\Exceptions->errorHandler(2, 'Undefined property: stdClass::$id', 'FCPATH\\plugins\\Purchase\\Controllers\\Purchase.php', 2250)
 2 SYSTEMPATH\CodeIgniter.php(896): Purchase\Controllers\Purchase->get_item_by_id('8')
 3 SYSTEMPATH\CodeIgniter.php(466): CodeIgniter\CodeIgniter->runController(Object(Purchase\Controllers\Purchase))
 4 SYSTEMPATH\CodeIgniter.php(349): CodeIgniter\CodeIgniter->handleRequest(null, Object(Config\Cache), false)
 5 FCPATH\index.php(80): CodeIgniter\CodeIgniter->run()
CRITICAL - 2025-06-24 16:15:52 --> Undefined property: stdClass::$id
in FCPATH\plugins\Purchase\Controllers\Purchase.php on line 2250.
 1 FCPATH\plugins\Purchase\Controllers\Purchase.php(2250): CodeIgniter\Debug\Exceptions->errorHandler(2, 'Undefined property: stdClass::$id', 'FCPATH\\plugins\\Purchase\\Controllers\\Purchase.php', 2250)
 2 SYSTEMPATH\CodeIgniter.php(896): Purchase\Controllers\Purchase->get_item_by_id('8')
 3 SYSTEMPATH\CodeIgniter.php(466): CodeIgniter\CodeIgniter->runController(Object(Purchase\Controllers\Purchase))
 4 SYSTEMPATH\CodeIgniter.php(349): CodeIgniter\CodeIgniter->handleRequest(null, Object(Config\Cache), false)
 5 FCPATH\index.php(80): CodeIgniter\CodeIgniter->run()
CRITICAL - 2025-06-24 16:15:52 --> <tr class="main"><td></td><td width="30%"><div class="form-group" app-field-wrapper="item_text"><input type="text" name="item_text" value="" id="item_text" class="form-control" placeholder="Item Name" autocomplete="off"  />
</div><div class="form-group" app-field-wrapper="item_code"><input type="text" name="item_code" value="" id="item_code" class="form-control" placeholder="" autocomplete="off"  />
</div></td><td width="20%"><div class="form-group" app-field-wrapper="sku_code"><input type="text" name="sku_code" value="" id="sku_code" class="form-control" placeholder="default_lang.Make" autocomplete="off"  />
</div></td><td width="20%"><div class="form-group" app-field-wrapper="sku_name"><input type="text" name="sku_name" value="" id="sku_name" class="form-control" placeholder="default_lang.Model" autocomplete="off"  />
</div></td><td width="15%" class="quantities"><div class="form-group no-margin" app-field-wrapper="quantity"><input type="number" name="quantity" value="" id="quantity" class="form-control text-right" placeholder="" autocomplete="off" min="0.0" step="any"  />
</div></td><td width="15%"><div class="form-group" app-field-wrapper="unit_name"><input type="text" name="unit_name" value="" id="unit_name" class="form-control" placeholder="default_lang.Unit" autocomplete="off"  />
</div></td><td><button type="button" onclick="pur_add_item_to_table('undefined','undefined'); return false;" class="btn pull-right btn-info text-white"><i data-feather="plus-circle" class="icon-16"></i></button></td></tr>
CRITICAL - 2025-06-24 16:15:53 --> <tr class="main"><td></td><td width="30%"><div class="form-group" app-field-wrapper="item_text"><input type="text" name="item_text" value="" id="item_text" class="form-control" placeholder="Item Name" autocomplete="off"  />
</div><div class="form-group" app-field-wrapper="item_code"><input type="text" name="item_code" value="" id="item_code" class="form-control" placeholder="" autocomplete="off"  />
</div></td><td width="20%"><div class="form-group" app-field-wrapper="sku_code"><input type="text" name="sku_code" value="" id="sku_code" class="form-control" placeholder="default_lang.Make" autocomplete="off"  />
</div></td><td width="20%"><div class="form-group" app-field-wrapper="sku_name"><input type="text" name="sku_name" value="" id="sku_name" class="form-control" placeholder="default_lang.Model" autocomplete="off"  />
</div></td><td width="15%" class="quantities"><div class="form-group no-margin" app-field-wrapper="quantity"><input type="number" name="quantity" value="" id="quantity" class="form-control text-right" placeholder="" autocomplete="off" min="0.0" step="any"  />
</div></td><td width="15%"><div class="form-group" app-field-wrapper="unit_name"><input type="text" name="unit_name" value="" id="unit_name" class="form-control" placeholder="default_lang.Unit" autocomplete="off"  />
</div></td><td><button type="button" onclick="pur_add_item_to_table('undefined','undefined'); return false;" class="btn pull-right btn-info text-white"><i data-feather="plus-circle" class="icon-16"></i></button></td></tr>
CRITICAL - 2025-06-24 16:20:18 --> <tr class="main"><td></td><td width="30%"><div class="form-group" app-field-wrapper="item_text"><input type="text" name="item_text" value="" id="item_text" class="form-control" placeholder="Item Name" autocomplete="off"  />
</div><div class="form-group" app-field-wrapper="item_code"><input type="text" name="item_code" value="" id="item_code" class="form-control" placeholder="" autocomplete="off"  />
</div></td><td width="20%"><div class="form-group" app-field-wrapper="sku_code"><input type="text" name="sku_code" value="" id="sku_code" class="form-control" placeholder="default_lang.Make" autocomplete="off"  />
</div></td><td width="20%"><div class="form-group" app-field-wrapper="sku_name"><input type="text" name="sku_name" value="" id="sku_name" class="form-control" placeholder="default_lang.Model" autocomplete="off"  />
</div></td><td width="15%" class="quantities"><div class="form-group no-margin" app-field-wrapper="quantity"><input type="number" name="quantity" value="" id="quantity" class="form-control text-right" placeholder="" autocomplete="off" min="0.0" step="any"  />
</div></td><td width="15%"><div class="form-group" app-field-wrapper="unit_name"><input type="text" name="unit_name" value="" id="unit_name" class="form-control" placeholder="default_lang.Unit" autocomplete="off"  />
</div></td><td><button type="button" onclick="pur_add_item_to_table('undefined','undefined'); return false;" class="btn pull-right btn-info text-white"><i data-feather="plus-circle" class="icon-16"></i></button></td></tr>
CRITICAL - 2025-06-24 16:20:21 --> <tr class="main"><td></td><td width="30%"><div class="form-group" app-field-wrapper="item_text"><input type="text" name="item_text" value="" id="item_text" class="form-control" placeholder="Item Name" autocomplete="off"  />
</div><div class="form-group" app-field-wrapper="item_code"><input type="text" name="item_code" value="" id="item_code" class="form-control" placeholder="" autocomplete="off"  />
</div></td><td width="20%"><div class="form-group" app-field-wrapper="sku_code"><input type="text" name="sku_code" value="" id="sku_code" class="form-control" placeholder="default_lang.Make" autocomplete="off"  />
</div></td><td width="20%"><div class="form-group" app-field-wrapper="sku_name"><input type="text" name="sku_name" value="" id="sku_name" class="form-control" placeholder="default_lang.Model" autocomplete="off"  />
</div></td><td width="15%" class="quantities"><div class="form-group no-margin" app-field-wrapper="quantity"><input type="number" name="quantity" value="" id="quantity" class="form-control text-right" placeholder="" autocomplete="off" min="0.0" step="any"  />
</div></td><td width="15%"><div class="form-group" app-field-wrapper="unit_name"><input type="text" name="unit_name" value="" id="unit_name" class="form-control" placeholder="default_lang.Unit" autocomplete="off"  />
</div></td><td><button type="button" onclick="pur_add_item_to_table('undefined','undefined'); return false;" class="btn pull-right btn-info text-white"><i data-feather="plus-circle" class="icon-16"></i></button></td></tr>
CRITICAL - 2025-06-24 16:21:57 --> <tr class="main"><td></td><td width="30%"><div class="form-group" app-field-wrapper="item_text"><input type="text" name="item_text" value="" id="item_text" class="form-control" placeholder="Item Name" autocomplete="off"  />
</div><div class="form-group hide" app-field-wrapper="item_code"><input type="text" name="item_code" value="" id="item_code" class="form-control" placeholder="" autocomplete="off"  />
</div></td><td width="20%"><div class="form-group" app-field-wrapper="sku_code"><input type="text" name="sku_code" value="" id="sku_code" class="form-control" placeholder="default_lang.Make" autocomplete="off"  />
</div></td><td width="20%"><div class="form-group" app-field-wrapper="sku_name"><input type="text" name="sku_name" value="" id="sku_name" class="form-control" placeholder="default_lang.Model" autocomplete="off"  />
</div></td><td width="15%" class="quantities"><div class="form-group no-margin" app-field-wrapper="quantity"><input type="number" name="quantity" value="" id="quantity" class="form-control text-right" placeholder="" autocomplete="off" min="0.0" step="any"  />
</div></td><td width="15%"><div class="form-group" app-field-wrapper="unit_name"><input type="text" name="unit_name" value="" id="unit_name" class="form-control" placeholder="default_lang.Unit" autocomplete="off"  />
</div></td><td><button type="button" onclick="pur_add_item_to_table('undefined','undefined'); return false;" class="btn pull-right btn-info text-white"><i data-feather="plus-circle" class="icon-16"></i></button></td></tr>
CRITICAL - 2025-06-24 16:21:58 --> <tr class="main"><td></td><td width="30%"><div class="form-group" app-field-wrapper="item_text"><input type="text" name="item_text" value="" id="item_text" class="form-control" placeholder="Item Name" autocomplete="off"  />
</div><div class="form-group hide" app-field-wrapper="item_code"><input type="text" name="item_code" value="" id="item_code" class="form-control" placeholder="" autocomplete="off"  />
</div></td><td width="20%"><div class="form-group" app-field-wrapper="sku_code"><input type="text" name="sku_code" value="" id="sku_code" class="form-control" placeholder="default_lang.Make" autocomplete="off"  />
</div></td><td width="20%"><div class="form-group" app-field-wrapper="sku_name"><input type="text" name="sku_name" value="" id="sku_name" class="form-control" placeholder="default_lang.Model" autocomplete="off"  />
</div></td><td width="15%" class="quantities"><div class="form-group no-margin" app-field-wrapper="quantity"><input type="number" name="quantity" value="" id="quantity" class="form-control text-right" placeholder="" autocomplete="off" min="0.0" step="any"  />
</div></td><td width="15%"><div class="form-group" app-field-wrapper="unit_name"><input type="text" name="unit_name" value="" id="unit_name" class="form-control" placeholder="default_lang.Unit" autocomplete="off"  />
</div></td><td><button type="button" onclick="pur_add_item_to_table('undefined','undefined'); return false;" class="btn pull-right btn-info text-white"><i data-feather="plus-circle" class="icon-16"></i></button></td></tr>
CRITICAL - 2025-06-24 16:22:12 --> Purchase Request Row Input: {"name":"newitems[1]","item_text":"PLC","item_code":"13","sku_code":"AllenBradley","sku_name":"1000","quantity":"1","unit_name":"Pieces","item_key":"1"}
CRITICAL - 2025-06-24 16:22:12 --> <tr class="sortable item"><td class="dragger"><input type="hidden" class="order" name="newitems[1][order]"><input type="hidden" class="ids" name="newitems[1][id]" value="1"></td><td width="30%"><div class="form-group" app-field-wrapper="newitems[1][item_text]"><input type="text" name="newitems[1][item_text]" value="PLC" id="newitems[1][item_text]" class="form-control" placeholder="Item Name" autocomplete="off"  />
</div><div class="form-group hide" app-field-wrapper="newitems[1][item_code]"><input type="text" name="newitems[1][item_code]" value="1" id="newitems[1][item_code]" class="form-control" placeholder="" autocomplete="off"  />
</div></td><td width="20%"><div class="form-group" app-field-wrapper="newitems[1][sku_code]"><input type="text" name="newitems[1][sku_code]" value="AllenBradley" id="newitems[1][sku_code]" class="form-control" placeholder="default_lang.Make" autocomplete="off"  />
</div></td><td width="20%"><div class="form-group" app-field-wrapper="newitems[1][sku_name]"><input type="text" name="newitems[1][sku_name]" value="1000" id="newitems[1][sku_name]" class="form-control" placeholder="default_lang.Model" autocomplete="off"  />
</div></td><td width="15%" class="quantities"><div class="form-group no-margin" app-field-wrapper="newitems[1][quantity]"><input type="number" name="newitems[1][quantity]" value="1" id="newitems[1][quantity]" class="form-control text-right" placeholder="" autocomplete="off" min="0.0" step="any"  />
</div></td><td width="15%"><div class="form-group" app-field-wrapper="newitems[1][unit_name]"><input type="text" name="newitems[1][unit_name]" value="Pieces" id="newitems[1][unit_name]" class="form-control" placeholder="default_lang.Unit" autocomplete="off"  />
</div></td><td><a href="#" class="btn btn-danger pull-right" onclick="pur_delete_item(this,1,'.invoice-item'); return false;"><i data-feather="x" class="icon-16"></i></a></td></tr>
CRITICAL - 2025-06-24 16:22:12 --> Purchase Request Row Input: {"name":"newitems[1]","item_text":"PLC","item_code":"13","sku_code":"AllenBradley","sku_name":"1000","quantity":"1","unit_name":"Pieces","item_key":"1"}
CRITICAL - 2025-06-24 16:22:12 --> <tr class="sortable item"><td class="dragger"><input type="hidden" class="order" name="newitems[1][order]"><input type="hidden" class="ids" name="newitems[1][id]" value="1"></td><td width="30%"><div class="form-group" app-field-wrapper="newitems[1][item_text]"><input type="text" name="newitems[1][item_text]" value="PLC" id="newitems[1][item_text]" class="form-control" placeholder="Item Name" autocomplete="off"  />
</div><div class="form-group hide" app-field-wrapper="newitems[1][item_code]"><input type="text" name="newitems[1][item_code]" value="1" id="newitems[1][item_code]" class="form-control" placeholder="" autocomplete="off"  />
</div></td><td width="20%"><div class="form-group" app-field-wrapper="newitems[1][sku_code]"><input type="text" name="newitems[1][sku_code]" value="AllenBradley" id="newitems[1][sku_code]" class="form-control" placeholder="default_lang.Make" autocomplete="off"  />
</div></td><td width="20%"><div class="form-group" app-field-wrapper="newitems[1][sku_name]"><input type="text" name="newitems[1][sku_name]" value="1000" id="newitems[1][sku_name]" class="form-control" placeholder="default_lang.Model" autocomplete="off"  />
</div></td><td width="15%" class="quantities"><div class="form-group no-margin" app-field-wrapper="newitems[1][quantity]"><input type="number" name="newitems[1][quantity]" value="1" id="newitems[1][quantity]" class="form-control text-right" placeholder="" autocomplete="off" min="0.0" step="any"  />
</div></td><td width="15%"><div class="form-group" app-field-wrapper="newitems[1][unit_name]"><input type="text" name="newitems[1][unit_name]" value="Pieces" id="newitems[1][unit_name]" class="form-control" placeholder="default_lang.Unit" autocomplete="off"  />
</div></td><td><a href="#" class="btn btn-danger pull-right" onclick="pur_delete_item(this,1,'.invoice-item'); return false;"><i data-feather="x" class="icon-16"></i></a></td></tr>
CRITICAL - 2025-06-24 16:22:13 --> Purchase Request Row Input: {"name":"newitems[1]","item_text":"PLC","item_code":"13","sku_code":"AllenBradley","sku_name":"1000","quantity":"1","unit_name":"Pieces","item_key":"1"}
CRITICAL - 2025-06-24 16:22:13 --> <tr class="sortable item"><td class="dragger"><input type="hidden" class="order" name="newitems[1][order]"><input type="hidden" class="ids" name="newitems[1][id]" value="1"></td><td width="30%"><div class="form-group" app-field-wrapper="newitems[1][item_text]"><input type="text" name="newitems[1][item_text]" value="PLC" id="newitems[1][item_text]" class="form-control" placeholder="Item Name" autocomplete="off"  />
</div><div class="form-group hide" app-field-wrapper="newitems[1][item_code]"><input type="text" name="newitems[1][item_code]" value="1" id="newitems[1][item_code]" class="form-control" placeholder="" autocomplete="off"  />
</div></td><td width="20%"><div class="form-group" app-field-wrapper="newitems[1][sku_code]"><input type="text" name="newitems[1][sku_code]" value="AllenBradley" id="newitems[1][sku_code]" class="form-control" placeholder="default_lang.Make" autocomplete="off"  />
</div></td><td width="20%"><div class="form-group" app-field-wrapper="newitems[1][sku_name]"><input type="text" name="newitems[1][sku_name]" value="1000" id="newitems[1][sku_name]" class="form-control" placeholder="default_lang.Model" autocomplete="off"  />
</div></td><td width="15%" class="quantities"><div class="form-group no-margin" app-field-wrapper="newitems[1][quantity]"><input type="number" name="newitems[1][quantity]" value="1" id="newitems[1][quantity]" class="form-control text-right" placeholder="" autocomplete="off" min="0.0" step="any"  />
</div></td><td width="15%"><div class="form-group" app-field-wrapper="newitems[1][unit_name]"><input type="text" name="newitems[1][unit_name]" value="Pieces" id="newitems[1][unit_name]" class="form-control" placeholder="default_lang.Unit" autocomplete="off"  />
</div></td><td><a href="#" class="btn btn-danger pull-right" onclick="pur_delete_item(this,1,'.invoice-item'); return false;"><i data-feather="x" class="icon-16"></i></a></td></tr>
CRITICAL - 2025-06-24 16:22:22 --> Purchase Request Row Input: {"name":"newitems[2]","item_text":"Male Female Connector","item_code":"7","sku_code":"MFCONN","sku_name":"MFCONN","quantity":"1","unit_name":"Numbers","item_key":"2"}
CRITICAL - 2025-06-24 16:22:22 --> <tr class="sortable item"><td class="dragger"><input type="hidden" class="order" name="newitems[2][order]"><input type="hidden" class="ids" name="newitems[2][id]" value="2"></td><td width="30%"><div class="form-group" app-field-wrapper="newitems[2][item_text]"><input type="text" name="newitems[2][item_text]" value="Male Female Connector" id="newitems[2][item_text]" class="form-control" placeholder="Item Name" autocomplete="off"  />
</div><div class="form-group hide" app-field-wrapper="newitems[2][item_code]"><input type="text" name="newitems[2][item_code]" value="2" id="newitems[2][item_code]" class="form-control" placeholder="" autocomplete="off"  />
</div></td><td width="20%"><div class="form-group" app-field-wrapper="newitems[2][sku_code]"><input type="text" name="newitems[2][sku_code]" value="MFCONN" id="newitems[2][sku_code]" class="form-control" placeholder="default_lang.Make" autocomplete="off"  />
</div></td><td width="20%"><div class="form-group" app-field-wrapper="newitems[2][sku_name]"><input type="text" name="newitems[2][sku_name]" value="MFCONN" id="newitems[2][sku_name]" class="form-control" placeholder="default_lang.Model" autocomplete="off"  />
</div></td><td width="15%" class="quantities"><div class="form-group no-margin" app-field-wrapper="newitems[2][quantity]"><input type="number" name="newitems[2][quantity]" value="1" id="newitems[2][quantity]" class="form-control text-right" placeholder="" autocomplete="off" min="0.0" step="any"  />
</div></td><td width="15%"><div class="form-group" app-field-wrapper="newitems[2][unit_name]"><input type="text" name="newitems[2][unit_name]" value="Numbers" id="newitems[2][unit_name]" class="form-control" placeholder="default_lang.Unit" autocomplete="off"  />
</div></td><td><a href="#" class="btn btn-danger pull-right" onclick="pur_delete_item(this,2,'.invoice-item'); return false;"><i data-feather="x" class="icon-16"></i></a></td></tr>
CRITICAL - 2025-06-24 16:22:29 --> Purchase Request Row Input: {"name":"newitems[3]","item_text":"Cable Tie (100MM)","item_code":"8","sku_code":"CBLTY","sku_name":"CBLTY","quantity":"1","unit_name":"Packets","item_key":"3"}
CRITICAL - 2025-06-24 16:22:29 --> <tr class="sortable item"><td class="dragger"><input type="hidden" class="order" name="newitems[3][order]"><input type="hidden" class="ids" name="newitems[3][id]" value="3"></td><td width="30%"><div class="form-group" app-field-wrapper="newitems[3][item_text]"><input type="text" name="newitems[3][item_text]" value="Cable Tie (100MM)" id="newitems[3][item_text]" class="form-control" placeholder="Item Name" autocomplete="off"  />
</div><div class="form-group hide" app-field-wrapper="newitems[3][item_code]"><input type="text" name="newitems[3][item_code]" value="3" id="newitems[3][item_code]" class="form-control" placeholder="" autocomplete="off"  />
</div></td><td width="20%"><div class="form-group" app-field-wrapper="newitems[3][sku_code]"><input type="text" name="newitems[3][sku_code]" value="CBLTY" id="newitems[3][sku_code]" class="form-control" placeholder="default_lang.Make" autocomplete="off"  />
</div></td><td width="20%"><div class="form-group" app-field-wrapper="newitems[3][sku_name]"><input type="text" name="newitems[3][sku_name]" value="CBLTY" id="newitems[3][sku_name]" class="form-control" placeholder="default_lang.Model" autocomplete="off"  />
</div></td><td width="15%" class="quantities"><div class="form-group no-margin" app-field-wrapper="newitems[3][quantity]"><input type="number" name="newitems[3][quantity]" value="1" id="newitems[3][quantity]" class="form-control text-right" placeholder="" autocomplete="off" min="0.0" step="any"  />
</div></td><td width="15%"><div class="form-group" app-field-wrapper="newitems[3][unit_name]"><input type="text" name="newitems[3][unit_name]" value="Packets" id="newitems[3][unit_name]" class="form-control" placeholder="default_lang.Unit" autocomplete="off"  />
</div></td><td><a href="#" class="btn btn-danger pull-right" onclick="pur_delete_item(this,3,'.invoice-item'); return false;"><i data-feather="x" class="icon-16"></i></a></td></tr>
ERROR - 2025-06-24 16:22:38 --> DEBUG: $sGroupBy = 
ERROR - 2025-06-24 16:22:38 --> Array
(
    [rResult] => Array
        (
            [0] => Array
                (
                    [pur_rq_code] => #PRRSRA-00011-2025
                    [requester] => 1
                    [department] => 0
                    [request_date] => 2025-06-24 16:22:33
                    [status] => 1
                    [id] => 19
                    [title] => 
                    [first_name] => Sumit
                    [last_name] => Ranjan
                    [items] => Array
                        (
                            [0] => Array
                                (
                                    [title] => 
                                    [sku_code] => 
                                    [sku_name] => 
                                    [quantity] => 1.00
                                    [unit_price] => 
                                )

                            [1] => Array
                                (
                                    [title] => 
                                    [sku_code] => 
                                    [sku_name] => 
                                    [quantity] => 1.00
                                    [unit_price] => 
                                )

                            [2] => Array
                                (
                                    [title] => 
                                    [sku_code] => 
                                    [sku_name] => 
                                    [quantity] => 1.00
                                    [unit_price] => 
                                )

                        )

                )

            [1] => Array
                (
                    [pur_rq_code] => #PRRSRA-00010-2025
                    [requester] => 1
                    [department] => 2
                    [request_date] => 2025-06-24 15:41:59
                    [status] => 1
                    [id] => 18
                    [title] => Electrical
                    [first_name] => Sumit
                    [last_name] => Ranjan
                    [items] => Array
                        (
                            [0] => Array
                                (
                                    [title] => Polycab wires 10 mm
                                    [sku_code] => PCWR12
                                    [sku_name] => PCWR12
                                    [quantity] => 0.00
                                    [unit_price] => 
                                )

                            [1] => Array
                                (
                                    [title] => Test Product
                                    [sku_code] => TESTPROD
                                    [sku_name] => TESTPROD
                                    [quantity] => 1.00
                                    [unit_price] => 
                                )

                            [2] => Array
                                (
                                    [title] => Panel Square Light
                                    [sku_code] => PSQL
                                    [sku_name] => PSQL
                                    [quantity] => 1.00
                                    [unit_price] => 
                                )

                        )

                )

            [2] => Array
                (
                    [pur_rq_code] => #PRRSRA-00009-2025
                    [requester] => 1
                    [department] => 4
                    [request_date] => 2025-06-24 15:40:40
                    [status] => 1
                    [id] => 17
                    [title] => Purchase
                    [first_name] => Sumit
                    [last_name] => Ranjan
                    [items] => Array
                        (
                            [0] => Array
                                (
                                    [title] => Panel Square Light
                                    [sku_code] => PSQL
                                    [sku_name] => PSQL
                                    [quantity] => 1.00
                                    [unit_price] => 
                                )

                            [1] => Array
                                (
                                    [title] => Test Product
                                    [sku_code] => TESTPROD
                                    [sku_name] => TESTPROD
                                    [quantity] => 1.00
                                    [unit_price] => 
                                )

                            [2] => Array
                                (
                                    [title] => Test Product
                                    [sku_code] => TESTPROD
                                    [sku_name] => TESTPROD
                                    [quantity] => 1.00
                                    [unit_price] => 
                                )

                        )

                )

            [3] => Array
                (
                    [pur_rq_code] => #PRRSRA-00008-2025
                    [requester] => 1
                    [department] => 4
                    [request_date] => 2025-06-24 15:40:39
                    [status] => 1
                    [id] => 16
                    [title] => Purchase
                    [first_name] => Sumit
                    [last_name] => Ranjan
                    [items] => Array
                        (
                            [0] => Array
                                (
                                    [title] => Test Product
                                    [sku_code] => TESTPROD
                                    [sku_name] => TESTPROD
                                    [quantity] => 1.00
                                    [unit_price] => 
                                )

                            [1] => Array
                                (
                                    [title] => Panel Square Light
                                    [sku_code] => PSQL
                                    [sku_name] => PSQL
                                    [quantity] => 1.00
                                    [unit_price] => 
                                )

                            [2] => Array
                                (
                                    [title] => Sanwa-Denki -9WF0424S604B
                                    [sku_code] => 9WF0424S604B
                                    [sku_name] => 9WF0424S604B
                                    [quantity] => 1.00
                                    [unit_price] => 
                                )

                        )

                )

            [4] => Array
                (
                    [pur_rq_code] => #PRRSRA-00007-2025
                    [requester] => 1
                    [department] => 2
                    [request_date] => 2025-06-24 09:13:02
                    [status] => 1
                    [id] => 15
                    [title] => Electrical
                    [first_name] => Sumit
                    [last_name] => Ranjan
                    [items] => Array
                        (
                            [0] => Array
                                (
                                    [title] => Polycab wires 10 mm
                                    [sku_code] => PCWR12
                                    [sku_name] => PCWR12
                                    [quantity] => 2.00
                                    [unit_price] => 0.00
                                )

                            [1] => Array
                                (
                                    [title] => Test Product
                                    [sku_code] => TESTPROD
                                    [sku_name] => TESTPROD
                                    [quantity] => 1.00
                                    [unit_price] => 5000.00
                                )

                            [2] => Array
                                (
                                    [title] => Panel Square Light
                                    [sku_code] => PSQL
                                    [sku_name] => PSQL
                                    [quantity] => 1.00
                                    [unit_price] => 4000.00
                                )

                        )

                )

        )

    [output] => Array
        (
            [draw] => 1
            [iTotalRecords] => 5
            [iTotalDisplayRecords] => 3
            [aaData] => Array
                (
                )

        )

)

CRITICAL - 2025-06-24 16:22:38 --> Array
(
    [title] => 
    [sku_code] => 
    [sku_name] => 
    [quantity] => 1.00
    [unit_price] => 
)

CRITICAL - 2025-06-24 16:22:38 --> Array
(
    [title] => 
    [sku_code] => 
    [sku_name] => 
    [quantity] => 1.00
    [unit_price] => 
)

CRITICAL - 2025-06-24 16:22:38 --> Array
(
    [title] => 
    [sku_code] => 
    [sku_name] => 
    [quantity] => 1.00
    [unit_price] => 
)

CRITICAL - 2025-06-24 16:22:38 --> Array
(
    [title] => Polycab wires 10 mm
    [sku_code] => PCWR12
    [sku_name] => PCWR12
    [quantity] => 0.00
    [unit_price] => 
)

CRITICAL - 2025-06-24 16:22:38 --> Array
(
    [title] => Test Product
    [sku_code] => TESTPROD
    [sku_name] => TESTPROD
    [quantity] => 1.00
    [unit_price] => 
)

CRITICAL - 2025-06-24 16:22:38 --> Array
(
    [title] => Panel Square Light
    [sku_code] => PSQL
    [sku_name] => PSQL
    [quantity] => 1.00
    [unit_price] => 
)

CRITICAL - 2025-06-24 16:22:38 --> Array
(
    [title] => Panel Square Light
    [sku_code] => PSQL
    [sku_name] => PSQL
    [quantity] => 1.00
    [unit_price] => 
)

CRITICAL - 2025-06-24 16:22:38 --> Array
(
    [title] => Test Product
    [sku_code] => TESTPROD
    [sku_name] => TESTPROD
    [quantity] => 1.00
    [unit_price] => 
)

CRITICAL - 2025-06-24 16:22:38 --> Array
(
    [title] => Test Product
    [sku_code] => TESTPROD
    [sku_name] => TESTPROD
    [quantity] => 1.00
    [unit_price] => 
)

CRITICAL - 2025-06-24 16:22:38 --> Array
(
    [title] => Test Product
    [sku_code] => TESTPROD
    [sku_name] => TESTPROD
    [quantity] => 1.00
    [unit_price] => 
)

CRITICAL - 2025-06-24 16:22:38 --> Array
(
    [title] => Panel Square Light
    [sku_code] => PSQL
    [sku_name] => PSQL
    [quantity] => 1.00
    [unit_price] => 
)

CRITICAL - 2025-06-24 16:22:38 --> Array
(
    [title] => Sanwa-Denki -9WF0424S604B
    [sku_code] => 9WF0424S604B
    [sku_name] => 9WF0424S604B
    [quantity] => 1.00
    [unit_price] => 
)

CRITICAL - 2025-06-24 16:22:38 --> Array
(
    [title] => Polycab wires 10 mm
    [sku_code] => PCWR12
    [sku_name] => PCWR12
    [quantity] => 2.00
    [unit_price] => 0.00
)

CRITICAL - 2025-06-24 16:22:38 --> Array
(
    [title] => Test Product
    [sku_code] => TESTPROD
    [sku_name] => TESTPROD
    [quantity] => 1.00
    [unit_price] => 5000.00
)

CRITICAL - 2025-06-24 16:22:38 --> Array
(
    [title] => Panel Square Light
    [sku_code] => PSQL
    [sku_name] => PSQL
    [quantity] => 1.00
    [unit_price] => 4000.00
)

CRITICAL - 2025-06-24 16:23:47 --> <tr class="main"><td></td><td width="30%"><div class="form-group" app-field-wrapper="item_text"><input type="text" name="item_text" value="" id="item_text" class="form-control" placeholder="Item Name" autocomplete="off"  />
</div><div class="form-group hide" app-field-wrapper="item_code"><input type="text" name="item_code" value="" id="item_code" class="form-control" placeholder="" autocomplete="off"  />
</div></td><td width="20%"><div class="form-group" app-field-wrapper="sku_code"><input type="text" name="sku_code" value="" id="sku_code" class="form-control" placeholder="default_lang.Make" autocomplete="off"  />
</div></td><td width="20%"><div class="form-group" app-field-wrapper="sku_name"><input type="text" name="sku_name" value="" id="sku_name" class="form-control" placeholder="default_lang.Model" autocomplete="off"  />
</div></td><td width="15%" class="quantities"><div class="form-group no-margin" app-field-wrapper="quantity"><input type="number" name="quantity" value="" id="quantity" class="form-control text-right" placeholder="" autocomplete="off" min="0.0" step="any"  />
</div></td><td width="15%"><div class="form-group" app-field-wrapper="unit_name"><input type="text" name="unit_name" value="" id="unit_name" class="form-control" placeholder="default_lang.Unit" autocomplete="off"  />
</div></td><td><button type="button" onclick="pur_add_item_to_table('undefined','undefined'); return false;" class="btn pull-right btn-info text-white"><i data-feather="plus-circle" class="icon-16"></i></button></td></tr>
CRITICAL - 2025-06-24 16:23:55 --> <tr class="main"><td></td><td width="30%"><div class="form-group" app-field-wrapper="item_text"><input type="text" name="item_text" value="" id="item_text" class="form-control" placeholder="Item Name" autocomplete="off"  />
</div><div class="form-group hide" app-field-wrapper="item_code"><input type="text" name="item_code" value="" id="item_code" class="form-control" placeholder="" autocomplete="off"  />
</div></td><td width="20%"><div class="form-group" app-field-wrapper="sku_code"><input type="text" name="sku_code" value="" id="sku_code" class="form-control" placeholder="default_lang.Make" autocomplete="off"  />
</div></td><td width="20%"><div class="form-group" app-field-wrapper="sku_name"><input type="text" name="sku_name" value="" id="sku_name" class="form-control" placeholder="default_lang.Model" autocomplete="off"  />
</div></td><td width="15%" class="quantities"><div class="form-group no-margin" app-field-wrapper="quantity"><input type="number" name="quantity" value="" id="quantity" class="form-control text-right" placeholder="" autocomplete="off" min="0.0" step="any"  />
</div></td><td width="15%"><div class="form-group" app-field-wrapper="unit_name"><input type="text" name="unit_name" value="" id="unit_name" class="form-control" placeholder="default_lang.Unit" autocomplete="off"  />
</div></td><td><button type="button" onclick="pur_add_item_to_table('undefined','undefined'); return false;" class="btn pull-right btn-info text-white"><i data-feather="plus-circle" class="icon-16"></i></button></td></tr>
CRITICAL - 2025-06-24 16:23:55 --> <tr class="sortable item"><td class="dragger"><input type="hidden" class="order" name="newitems[1][order]"><input type="hidden" class="ids" name="newitems[1][id]" value="1"></td><td width="30%"><div class="form-group" app-field-wrapper="newitems[1][item_text]"><input type="text" name="newitems[1][item_text]" value="Alminium sheet" id="newitems[1][item_text]" class="form-control" placeholder="Item Name" autocomplete="off"  />
</div><div class="form-group hide" app-field-wrapper="newitems[1][item_code]"><input type="text" name="newitems[1][item_code]" value="" id="newitems[1][item_code]" class="form-control" placeholder="" autocomplete="off"  />
</div></td><td width="20%"><div class="form-group" app-field-wrapper="newitems[1][sku_code]"><input type="text" name="newitems[1][sku_code]" value="1200" id="newitems[1][sku_code]" class="form-control" placeholder="default_lang.Make" autocomplete="off"  />
</div></td><td width="20%"><div class="form-group" app-field-wrapper="newitems[1][sku_name]"><input type="text" name="newitems[1][sku_name]" value="20" id="newitems[1][sku_name]" class="form-control" placeholder="default_lang.Model" autocomplete="off"  />
</div></td><td width="15%" class="quantities"><div class="form-group no-margin" app-field-wrapper="newitems[1][quantity]"><input type="number" name="newitems[1][quantity]" value="80 GSM" id="newitems[1][quantity]" class="form-control text-right" placeholder="" autocomplete="off" min="0.0" step="any"  />
</div></td><td width="15%"><div class="form-group" app-field-wrapper="newitems[1][unit_name]"><input type="text" name="newitems[1][unit_name]" value="24000" id="newitems[1][unit_name]" class="form-control" placeholder="default_lang.Unit" autocomplete="off"  />
</div></td><td><a href="#" class="btn btn-danger pull-right" onclick="pur_delete_item(this,1,'.invoice-item'); return false;"><i data-feather="x" class="icon-16"></i></a></td></tr>
CRITICAL - 2025-06-24 16:24:02 --> <tr class="main"><td></td><td width="30%"><div class="form-group" app-field-wrapper="item_text"><input type="text" name="item_text" value="" id="item_text" class="form-control" placeholder="Item Name" autocomplete="off"  />
</div><div class="form-group hide" app-field-wrapper="item_code"><input type="text" name="item_code" value="" id="item_code" class="form-control" placeholder="" autocomplete="off"  />
</div></td><td width="20%"><div class="form-group" app-field-wrapper="sku_code"><input type="text" name="sku_code" value="" id="sku_code" class="form-control" placeholder="default_lang.Make" autocomplete="off"  />
</div></td><td width="20%"><div class="form-group" app-field-wrapper="sku_name"><input type="text" name="sku_name" value="" id="sku_name" class="form-control" placeholder="default_lang.Model" autocomplete="off"  />
</div></td><td width="15%" class="quantities"><div class="form-group no-margin" app-field-wrapper="quantity"><input type="number" name="quantity" value="" id="quantity" class="form-control text-right" placeholder="" autocomplete="off" min="0.0" step="any"  />
</div></td><td width="15%"><div class="form-group" app-field-wrapper="unit_name"><input type="text" name="unit_name" value="" id="unit_name" class="form-control" placeholder="default_lang.Unit" autocomplete="off"  />
</div></td><td><button type="button" onclick="pur_add_item_to_table('undefined','undefined'); return false;" class="btn pull-right btn-info text-white"><i data-feather="plus-circle" class="icon-16"></i></button></td></tr>
CRITICAL - 2025-06-24 16:24:14 --> Purchase Request Row Input: {"name":"newitems[1]","item_text":"Male Female Connector","item_code":"7","sku_code":"MFCONN","sku_name":"MFCONN","quantity":"1","unit_name":"Numbers","item_key":"1"}
CRITICAL - 2025-06-24 16:24:14 --> <tr class="sortable item"><td class="dragger"><input type="hidden" class="order" name="newitems[1][order]"><input type="hidden" class="ids" name="newitems[1][id]" value="1"></td><td width="30%"><div class="form-group" app-field-wrapper="newitems[1][item_text]"><input type="text" name="newitems[1][item_text]" value="Male Female Connector" id="newitems[1][item_text]" class="form-control" placeholder="Item Name" autocomplete="off"  />
</div><div class="form-group hide" app-field-wrapper="newitems[1][item_code]"><input type="text" name="newitems[1][item_code]" value="7" id="newitems[1][item_code]" class="form-control" placeholder="" autocomplete="off"  />
</div></td><td width="20%"><div class="form-group" app-field-wrapper="newitems[1][sku_code]"><input type="text" name="newitems[1][sku_code]" value="MFCONN" id="newitems[1][sku_code]" class="form-control" placeholder="default_lang.Make" autocomplete="off"  />
</div></td><td width="20%"><div class="form-group" app-field-wrapper="newitems[1][sku_name]"><input type="text" name="newitems[1][sku_name]" value="MFCONN" id="newitems[1][sku_name]" class="form-control" placeholder="default_lang.Model" autocomplete="off"  />
</div></td><td width="15%" class="quantities"><div class="form-group no-margin" app-field-wrapper="newitems[1][quantity]"><input type="number" name="newitems[1][quantity]" value="1" id="newitems[1][quantity]" class="form-control text-right" placeholder="" autocomplete="off" min="0.0" step="any"  />
</div></td><td width="15%"><div class="form-group" app-field-wrapper="newitems[1][unit_name]"><input type="text" name="newitems[1][unit_name]" value="Numbers" id="newitems[1][unit_name]" class="form-control" placeholder="default_lang.Unit" autocomplete="off"  />
</div></td><td><a href="#" class="btn btn-danger pull-right" onclick="pur_delete_item(this,1,'.invoice-item'); return false;"><i data-feather="x" class="icon-16"></i></a></td></tr>
CRITICAL - 2025-06-24 16:24:20 --> Purchase Request Row Input: {"name":"newitems[2]","item_text":"Test Product","item_code":"11","sku_code":"TESTPROD","sku_name":"TESTPROD","quantity":"1","unit_name":"Pieces","item_key":"2"}
CRITICAL - 2025-06-24 16:24:20 --> <tr class="sortable item"><td class="dragger"><input type="hidden" class="order" name="newitems[2][order]"><input type="hidden" class="ids" name="newitems[2][id]" value="2"></td><td width="30%"><div class="form-group" app-field-wrapper="newitems[2][item_text]"><input type="text" name="newitems[2][item_text]" value="Test Product" id="newitems[2][item_text]" class="form-control" placeholder="Item Name" autocomplete="off"  />
</div><div class="form-group hide" app-field-wrapper="newitems[2][item_code]"><input type="text" name="newitems[2][item_code]" value="11" id="newitems[2][item_code]" class="form-control" placeholder="" autocomplete="off"  />
</div></td><td width="20%"><div class="form-group" app-field-wrapper="newitems[2][sku_code]"><input type="text" name="newitems[2][sku_code]" value="TESTPROD" id="newitems[2][sku_code]" class="form-control" placeholder="default_lang.Make" autocomplete="off"  />
</div></td><td width="20%"><div class="form-group" app-field-wrapper="newitems[2][sku_name]"><input type="text" name="newitems[2][sku_name]" value="TESTPROD" id="newitems[2][sku_name]" class="form-control" placeholder="default_lang.Model" autocomplete="off"  />
</div></td><td width="15%" class="quantities"><div class="form-group no-margin" app-field-wrapper="newitems[2][quantity]"><input type="number" name="newitems[2][quantity]" value="1" id="newitems[2][quantity]" class="form-control text-right" placeholder="" autocomplete="off" min="0.0" step="any"  />
</div></td><td width="15%"><div class="form-group" app-field-wrapper="newitems[2][unit_name]"><input type="text" name="newitems[2][unit_name]" value="Pieces" id="newitems[2][unit_name]" class="form-control" placeholder="default_lang.Unit" autocomplete="off"  />
</div></td><td><a href="#" class="btn btn-danger pull-right" onclick="pur_delete_item(this,2,'.invoice-item'); return false;"><i data-feather="x" class="icon-16"></i></a></td></tr>
CRITICAL - 2025-06-24 16:24:27 --> Purchase Request Row Input: {"name":"newitems[3]","item_text":"Cable Tie (100MM)","item_code":"8","sku_code":"CBLTY","sku_name":"CBLTY","quantity":"1","unit_name":"Packets","item_key":"3"}
CRITICAL - 2025-06-24 16:24:27 --> <tr class="sortable item"><td class="dragger"><input type="hidden" class="order" name="newitems[3][order]"><input type="hidden" class="ids" name="newitems[3][id]" value="3"></td><td width="30%"><div class="form-group" app-field-wrapper="newitems[3][item_text]"><input type="text" name="newitems[3][item_text]" value="Cable Tie (100MM)" id="newitems[3][item_text]" class="form-control" placeholder="Item Name" autocomplete="off"  />
</div><div class="form-group hide" app-field-wrapper="newitems[3][item_code]"><input type="text" name="newitems[3][item_code]" value="8" id="newitems[3][item_code]" class="form-control" placeholder="" autocomplete="off"  />
</div></td><td width="20%"><div class="form-group" app-field-wrapper="newitems[3][sku_code]"><input type="text" name="newitems[3][sku_code]" value="CBLTY" id="newitems[3][sku_code]" class="form-control" placeholder="default_lang.Make" autocomplete="off"  />
</div></td><td width="20%"><div class="form-group" app-field-wrapper="newitems[3][sku_name]"><input type="text" name="newitems[3][sku_name]" value="CBLTY" id="newitems[3][sku_name]" class="form-control" placeholder="default_lang.Model" autocomplete="off"  />
</div></td><td width="15%" class="quantities"><div class="form-group no-margin" app-field-wrapper="newitems[3][quantity]"><input type="number" name="newitems[3][quantity]" value="1" id="newitems[3][quantity]" class="form-control text-right" placeholder="" autocomplete="off" min="0.0" step="any"  />
</div></td><td width="15%"><div class="form-group" app-field-wrapper="newitems[3][unit_name]"><input type="text" name="newitems[3][unit_name]" value="Packets" id="newitems[3][unit_name]" class="form-control" placeholder="default_lang.Unit" autocomplete="off"  />
</div></td><td><a href="#" class="btn btn-danger pull-right" onclick="pur_delete_item(this,3,'.invoice-item'); return false;"><i data-feather="x" class="icon-16"></i></a></td></tr>
ERROR - 2025-06-24 16:24:36 --> DEBUG: $sGroupBy = 
ERROR - 2025-06-24 16:24:36 --> Array
(
    [rResult] => Array
        (
            [0] => Array
                (
                    [pur_rq_code] => #PRRSRA-00012-2025
                    [requester] => 5
                    [department] => 4
                    [request_date] => 2025-06-24 16:24:30
                    [status] => 1
                    [id] => 20
                    [title] => Purchase
                    [first_name] => Rakesh
                    [last_name] => Sharma
                    [items] => Array
                        (
                            [0] => Array
                                (
                                    [title] => Male Female Connector
                                    [sku_code] => MFCONN
                                    [sku_name] => MFCONN
                                    [quantity] => 1.00
                                    [unit_price] => 
                                )

                            [1] => Array
                                (
                                    [title] => Test Product
                                    [sku_code] => TESTPROD
                                    [sku_name] => TESTPROD
                                    [quantity] => 1.00
                                    [unit_price] => 
                                )

                            [2] => Array
                                (
                                    [title] => Cable Tie (100MM)
                                    [sku_code] => CBLTY
                                    [sku_name] => CBLTY
                                    [quantity] => 1.00
                                    [unit_price] => 
                                )

                        )

                )

            [1] => Array
                (
                    [pur_rq_code] => #PRRSRA-00011-2025
                    [requester] => 1
                    [department] => 0
                    [request_date] => 2025-06-24 16:22:33
                    [status] => 1
                    [id] => 19
                    [title] => 
                    [first_name] => Sumit
                    [last_name] => Ranjan
                    [items] => Array
                        (
                            [0] => Array
                                (
                                    [title] => 
                                    [sku_code] => 
                                    [sku_name] => 
                                    [quantity] => 1.00
                                    [unit_price] => 
                                )

                            [1] => Array
                                (
                                    [title] => 
                                    [sku_code] => 
                                    [sku_name] => 
                                    [quantity] => 1.00
                                    [unit_price] => 
                                )

                            [2] => Array
                                (
                                    [title] => 
                                    [sku_code] => 
                                    [sku_name] => 
                                    [quantity] => 1.00
                                    [unit_price] => 
                                )

                        )

                )

            [2] => Array
                (
                    [pur_rq_code] => #PRRSRA-00010-2025
                    [requester] => 1
                    [department] => 2
                    [request_date] => 2025-06-24 15:41:59
                    [status] => 1
                    [id] => 18
                    [title] => Electrical
                    [first_name] => Sumit
                    [last_name] => Ranjan
                    [items] => Array
                        (
                            [0] => Array
                                (
                                    [title] => Polycab wires 10 mm
                                    [sku_code] => PCWR12
                                    [sku_name] => PCWR12
                                    [quantity] => 0.00
                                    [unit_price] => 
                                )

                            [1] => Array
                                (
                                    [title] => Test Product
                                    [sku_code] => TESTPROD
                                    [sku_name] => TESTPROD
                                    [quantity] => 1.00
                                    [unit_price] => 
                                )

                            [2] => Array
                                (
                                    [title] => Panel Square Light
                                    [sku_code] => PSQL
                                    [sku_name] => PSQL
                                    [quantity] => 1.00
                                    [unit_price] => 
                                )

                        )

                )

            [3] => Array
                (
                    [pur_rq_code] => #PRRSRA-00009-2025
                    [requester] => 1
                    [department] => 4
                    [request_date] => 2025-06-24 15:40:40
                    [status] => 1
                    [id] => 17
                    [title] => Purchase
                    [first_name] => Sumit
                    [last_name] => Ranjan
                    [items] => Array
                        (
                            [0] => Array
                                (
                                    [title] => Panel Square Light
                                    [sku_code] => PSQL
                                    [sku_name] => PSQL
                                    [quantity] => 1.00
                                    [unit_price] => 
                                )

                            [1] => Array
                                (
                                    [title] => Test Product
                                    [sku_code] => TESTPROD
                                    [sku_name] => TESTPROD
                                    [quantity] => 1.00
                                    [unit_price] => 
                                )

                            [2] => Array
                                (
                                    [title] => Test Product
                                    [sku_code] => TESTPROD
                                    [sku_name] => TESTPROD
                                    [quantity] => 1.00
                                    [unit_price] => 
                                )

                        )

                )

            [4] => Array
                (
                    [pur_rq_code] => #PRRSRA-00008-2025
                    [requester] => 1
                    [department] => 4
                    [request_date] => 2025-06-24 15:40:39
                    [status] => 1
                    [id] => 16
                    [title] => Purchase
                    [first_name] => Sumit
                    [last_name] => Ranjan
                    [items] => Array
                        (
                            [0] => Array
                                (
                                    [title] => Test Product
                                    [sku_code] => TESTPROD
                                    [sku_name] => TESTPROD
                                    [quantity] => 1.00
                                    [unit_price] => 
                                )

                            [1] => Array
                                (
                                    [title] => Panel Square Light
                                    [sku_code] => PSQL
                                    [sku_name] => PSQL
                                    [quantity] => 1.00
                                    [unit_price] => 
                                )

                            [2] => Array
                                (
                                    [title] => Sanwa-Denki -9WF0424S604B
                                    [sku_code] => 9WF0424S604B
                                    [sku_name] => 9WF0424S604B
                                    [quantity] => 1.00
                                    [unit_price] => 
                                )

                        )

                )

            [5] => Array
                (
                    [pur_rq_code] => #PRRSRA-00007-2025
                    [requester] => 1
                    [department] => 2
                    [request_date] => 2025-06-24 09:13:02
                    [status] => 1
                    [id] => 15
                    [title] => Electrical
                    [first_name] => Sumit
                    [last_name] => Ranjan
                    [items] => Array
                        (
                            [0] => Array
                                (
                                    [title] => Polycab wires 10 mm
                                    [sku_code] => PCWR12
                                    [sku_name] => PCWR12
                                    [quantity] => 2.00
                                    [unit_price] => 0.00
                                )

                            [1] => Array
                                (
                                    [title] => Test Product
                                    [sku_code] => TESTPROD
                                    [sku_name] => TESTPROD
                                    [quantity] => 1.00
                                    [unit_price] => 5000.00
                                )

                            [2] => Array
                                (
                                    [title] => Panel Square Light
                                    [sku_code] => PSQL
                                    [sku_name] => PSQL
                                    [quantity] => 1.00
                                    [unit_price] => 4000.00
                                )

                        )

                )

        )

    [output] => Array
        (
            [draw] => 1
            [iTotalRecords] => 6
            [iTotalDisplayRecords] => 3
            [aaData] => Array
                (
                )

        )

)

CRITICAL - 2025-06-24 16:24:36 --> Array
(
    [title] => Male Female Connector
    [sku_code] => MFCONN
    [sku_name] => MFCONN
    [quantity] => 1.00
    [unit_price] => 
)

CRITICAL - 2025-06-24 16:24:37 --> Array
(
    [title] => Test Product
    [sku_code] => TESTPROD
    [sku_name] => TESTPROD
    [quantity] => 1.00
    [unit_price] => 
)

CRITICAL - 2025-06-24 16:24:37 --> Array
(
    [title] => Cable Tie (100MM)
    [sku_code] => CBLTY
    [sku_name] => CBLTY
    [quantity] => 1.00
    [unit_price] => 
)

CRITICAL - 2025-06-24 16:24:37 --> Array
(
    [title] => 
    [sku_code] => 
    [sku_name] => 
    [quantity] => 1.00
    [unit_price] => 
)

CRITICAL - 2025-06-24 16:24:37 --> Array
(
    [title] => 
    [sku_code] => 
    [sku_name] => 
    [quantity] => 1.00
    [unit_price] => 
)

CRITICAL - 2025-06-24 16:24:37 --> Array
(
    [title] => 
    [sku_code] => 
    [sku_name] => 
    [quantity] => 1.00
    [unit_price] => 
)

CRITICAL - 2025-06-24 16:24:37 --> Array
(
    [title] => Polycab wires 10 mm
    [sku_code] => PCWR12
    [sku_name] => PCWR12
    [quantity] => 0.00
    [unit_price] => 
)

CRITICAL - 2025-06-24 16:24:37 --> Array
(
    [title] => Test Product
    [sku_code] => TESTPROD
    [sku_name] => TESTPROD
    [quantity] => 1.00
    [unit_price] => 
)

CRITICAL - 2025-06-24 16:24:37 --> Array
(
    [title] => Panel Square Light
    [sku_code] => PSQL
    [sku_name] => PSQL
    [quantity] => 1.00
    [unit_price] => 
)

CRITICAL - 2025-06-24 16:24:37 --> Array
(
    [title] => Panel Square Light
    [sku_code] => PSQL
    [sku_name] => PSQL
    [quantity] => 1.00
    [unit_price] => 
)

CRITICAL - 2025-06-24 16:24:37 --> Array
(
    [title] => Test Product
    [sku_code] => TESTPROD
    [sku_name] => TESTPROD
    [quantity] => 1.00
    [unit_price] => 
)

CRITICAL - 2025-06-24 16:24:37 --> Array
(
    [title] => Test Product
    [sku_code] => TESTPROD
    [sku_name] => TESTPROD
    [quantity] => 1.00
    [unit_price] => 
)

CRITICAL - 2025-06-24 16:24:37 --> Array
(
    [title] => Test Product
    [sku_code] => TESTPROD
    [sku_name] => TESTPROD
    [quantity] => 1.00
    [unit_price] => 
)

CRITICAL - 2025-06-24 16:24:37 --> Array
(
    [title] => Panel Square Light
    [sku_code] => PSQL
    [sku_name] => PSQL
    [quantity] => 1.00
    [unit_price] => 
)

CRITICAL - 2025-06-24 16:24:37 --> Array
(
    [title] => Sanwa-Denki -9WF0424S604B
    [sku_code] => 9WF0424S604B
    [sku_name] => 9WF0424S604B
    [quantity] => 1.00
    [unit_price] => 
)

CRITICAL - 2025-06-24 16:24:37 --> Array
(
    [title] => Polycab wires 10 mm
    [sku_code] => PCWR12
    [sku_name] => PCWR12
    [quantity] => 2.00
    [unit_price] => 0.00
)

CRITICAL - 2025-06-24 16:24:37 --> Array
(
    [title] => Test Product
    [sku_code] => TESTPROD
    [sku_name] => TESTPROD
    [quantity] => 1.00
    [unit_price] => 5000.00
)

CRITICAL - 2025-06-24 16:24:37 --> Array
(
    [title] => Panel Square Light
    [sku_code] => PSQL
    [sku_name] => PSQL
    [quantity] => 1.00
    [unit_price] => 4000.00
)

ERROR - 2025-06-24 16:24:53 --> DEBUG: $sGroupBy = 
ERROR - 2025-06-24 16:24:54 --> Array
(
    [rResult] => Array
        (
            [0] => Array
                (
                    [pur_rq_code] => #PRRSRA-00012-2025
                    [requester] => 5
                    [department] => 4
                    [request_date] => 2025-06-24 16:24:30
                    [status] => 1
                    [id] => 20
                    [title] => Purchase
                    [first_name] => Rakesh
                    [last_name] => Sharma
                    [items] => Array
                        (
                            [0] => Array
                                (
                                    [title] => Male Female Connector
                                    [sku_code] => MFCONN
                                    [sku_name] => MFCONN
                                    [quantity] => 1.00
                                    [unit_price] => 
                                )

                            [1] => Array
                                (
                                    [title] => Test Product
                                    [sku_code] => TESTPROD
                                    [sku_name] => TESTPROD
                                    [quantity] => 1.00
                                    [unit_price] => 
                                )

                            [2] => Array
                                (
                                    [title] => Cable Tie (100MM)
                                    [sku_code] => CBLTY
                                    [sku_name] => CBLTY
                                    [quantity] => 1.00
                                    [unit_price] => 
                                )

                        )

                )

            [1] => Array
                (
                    [pur_rq_code] => #PRRSRA-00010-2025
                    [requester] => 1
                    [department] => 2
                    [request_date] => 2025-06-24 15:41:59
                    [status] => 1
                    [id] => 18
                    [title] => Electrical
                    [first_name] => Sumit
                    [last_name] => Ranjan
                    [items] => Array
                        (
                            [0] => Array
                                (
                                    [title] => Polycab wires 10 mm
                                    [sku_code] => PCWR12
                                    [sku_name] => PCWR12
                                    [quantity] => 0.00
                                    [unit_price] => 
                                )

                            [1] => Array
                                (
                                    [title] => Test Product
                                    [sku_code] => TESTPROD
                                    [sku_name] => TESTPROD
                                    [quantity] => 1.00
                                    [unit_price] => 
                                )

                            [2] => Array
                                (
                                    [title] => Panel Square Light
                                    [sku_code] => PSQL
                                    [sku_name] => PSQL
                                    [quantity] => 1.00
                                    [unit_price] => 
                                )

                        )

                )

            [2] => Array
                (
                    [pur_rq_code] => #PRRSRA-00009-2025
                    [requester] => 1
                    [department] => 4
                    [request_date] => 2025-06-24 15:40:40
                    [status] => 1
                    [id] => 17
                    [title] => Purchase
                    [first_name] => Sumit
                    [last_name] => Ranjan
                    [items] => Array
                        (
                            [0] => Array
                                (
                                    [title] => Panel Square Light
                                    [sku_code] => PSQL
                                    [sku_name] => PSQL
                                    [quantity] => 1.00
                                    [unit_price] => 
                                )

                            [1] => Array
                                (
                                    [title] => Test Product
                                    [sku_code] => TESTPROD
                                    [sku_name] => TESTPROD
                                    [quantity] => 1.00
                                    [unit_price] => 
                                )

                            [2] => Array
                                (
                                    [title] => Test Product
                                    [sku_code] => TESTPROD
                                    [sku_name] => TESTPROD
                                    [quantity] => 1.00
                                    [unit_price] => 
                                )

                        )

                )

            [3] => Array
                (
                    [pur_rq_code] => #PRRSRA-00008-2025
                    [requester] => 1
                    [department] => 4
                    [request_date] => 2025-06-24 15:40:39
                    [status] => 1
                    [id] => 16
                    [title] => Purchase
                    [first_name] => Sumit
                    [last_name] => Ranjan
                    [items] => Array
                        (
                            [0] => Array
                                (
                                    [title] => Test Product
                                    [sku_code] => TESTPROD
                                    [sku_name] => TESTPROD
                                    [quantity] => 1.00
                                    [unit_price] => 
                                )

                            [1] => Array
                                (
                                    [title] => Panel Square Light
                                    [sku_code] => PSQL
                                    [sku_name] => PSQL
                                    [quantity] => 1.00
                                    [unit_price] => 
                                )

                            [2] => Array
                                (
                                    [title] => Sanwa-Denki -9WF0424S604B
                                    [sku_code] => 9WF0424S604B
                                    [sku_name] => 9WF0424S604B
                                    [quantity] => 1.00
                                    [unit_price] => 
                                )

                        )

                )

            [4] => Array
                (
                    [pur_rq_code] => #PRRSRA-00007-2025
                    [requester] => 1
                    [department] => 2
                    [request_date] => 2025-06-24 09:13:02
                    [status] => 1
                    [id] => 15
                    [title] => Electrical
                    [first_name] => Sumit
                    [last_name] => Ranjan
                    [items] => Array
                        (
                            [0] => Array
                                (
                                    [title] => Polycab wires 10 mm
                                    [sku_code] => PCWR12
                                    [sku_name] => PCWR12
                                    [quantity] => 2.00
                                    [unit_price] => 0.00
                                )

                            [1] => Array
                                (
                                    [title] => Test Product
                                    [sku_code] => TESTPROD
                                    [sku_name] => TESTPROD
                                    [quantity] => 1.00
                                    [unit_price] => 5000.00
                                )

                            [2] => Array
                                (
                                    [title] => Panel Square Light
                                    [sku_code] => PSQL
                                    [sku_name] => PSQL
                                    [quantity] => 1.00
                                    [unit_price] => 4000.00
                                )

                        )

                )

        )

    [output] => Array
        (
            [draw] => 1
            [iTotalRecords] => 5
            [iTotalDisplayRecords] => 3
            [aaData] => Array
                (
                )

        )

)

CRITICAL - 2025-06-24 16:24:54 --> Array
(
    [title] => Male Female Connector
    [sku_code] => MFCONN
    [sku_name] => MFCONN
    [quantity] => 1.00
    [unit_price] => 
)

CRITICAL - 2025-06-24 16:24:54 --> Array
(
    [title] => Test Product
    [sku_code] => TESTPROD
    [sku_name] => TESTPROD
    [quantity] => 1.00
    [unit_price] => 
)

CRITICAL - 2025-06-24 16:24:54 --> Array
(
    [title] => Cable Tie (100MM)
    [sku_code] => CBLTY
    [sku_name] => CBLTY
    [quantity] => 1.00
    [unit_price] => 
)

CRITICAL - 2025-06-24 16:24:54 --> Array
(
    [title] => Polycab wires 10 mm
    [sku_code] => PCWR12
    [sku_name] => PCWR12
    [quantity] => 0.00
    [unit_price] => 
)

CRITICAL - 2025-06-24 16:24:54 --> Array
(
    [title] => Test Product
    [sku_code] => TESTPROD
    [sku_name] => TESTPROD
    [quantity] => 1.00
    [unit_price] => 
)

CRITICAL - 2025-06-24 16:24:54 --> Array
(
    [title] => Panel Square Light
    [sku_code] => PSQL
    [sku_name] => PSQL
    [quantity] => 1.00
    [unit_price] => 
)

CRITICAL - 2025-06-24 16:24:54 --> Array
(
    [title] => Panel Square Light
    [sku_code] => PSQL
    [sku_name] => PSQL
    [quantity] => 1.00
    [unit_price] => 
)

CRITICAL - 2025-06-24 16:24:54 --> Array
(
    [title] => Test Product
    [sku_code] => TESTPROD
    [sku_name] => TESTPROD
    [quantity] => 1.00
    [unit_price] => 
)

CRITICAL - 2025-06-24 16:24:54 --> Array
(
    [title] => Test Product
    [sku_code] => TESTPROD
    [sku_name] => TESTPROD
    [quantity] => 1.00
    [unit_price] => 
)

CRITICAL - 2025-06-24 16:24:54 --> Array
(
    [title] => Test Product
    [sku_code] => TESTPROD
    [sku_name] => TESTPROD
    [quantity] => 1.00
    [unit_price] => 
)

CRITICAL - 2025-06-24 16:24:54 --> Array
(
    [title] => Panel Square Light
    [sku_code] => PSQL
    [sku_name] => PSQL
    [quantity] => 1.00
    [unit_price] => 
)

CRITICAL - 2025-06-24 16:24:54 --> Array
(
    [title] => Sanwa-Denki -9WF0424S604B
    [sku_code] => 9WF0424S604B
    [sku_name] => 9WF0424S604B
    [quantity] => 1.00
    [unit_price] => 
)

CRITICAL - 2025-06-24 16:24:54 --> Array
(
    [title] => Polycab wires 10 mm
    [sku_code] => PCWR12
    [sku_name] => PCWR12
    [quantity] => 2.00
    [unit_price] => 0.00
)

CRITICAL - 2025-06-24 16:24:54 --> Array
(
    [title] => Test Product
    [sku_code] => TESTPROD
    [sku_name] => TESTPROD
    [quantity] => 1.00
    [unit_price] => 5000.00
)

CRITICAL - 2025-06-24 16:24:54 --> Array
(
    [title] => Panel Square Light
    [sku_code] => PSQL
    [sku_name] => PSQL
    [quantity] => 1.00
    [unit_price] => 4000.00
)

ERROR - 2025-06-24 16:28:13 --> DEBUG: $sGroupBy = 
ERROR - 2025-06-24 16:28:14 --> Array
(
    [rResult] => Array
        (
            [0] => Array
                (
                    [pur_rq_code] => #PRRSRA-00012-2025
                    [requester] => 5
                    [department] => 4
                    [request_date] => 2025-06-24 16:24:30
                    [status] => 1
                    [id] => 20
                    [title] => Purchase
                    [first_name] => Rakesh
                    [last_name] => Sharma
                    [items] => Array
                        (
                            [0] => Array
                                (
                                    [title] => Male Female Connector
                                    [sku_code] => MFCONN
                                    [sku_name] => MFCONN
                                    [quantity] => 1.00
                                    [unit_price] => 
                                )

                            [1] => Array
                                (
                                    [title] => Test Product
                                    [sku_code] => TESTPROD
                                    [sku_name] => TESTPROD
                                    [quantity] => 1.00
                                    [unit_price] => 
                                )

                            [2] => Array
                                (
                                    [title] => Cable Tie (100MM)
                                    [sku_code] => CBLTY
                                    [sku_name] => CBLTY
                                    [quantity] => 1.00
                                    [unit_price] => 
                                )

                        )

                )

            [1] => Array
                (
                    [pur_rq_code] => #PRRSRA-00010-2025
                    [requester] => 1
                    [department] => 2
                    [request_date] => 2025-06-24 15:41:59
                    [status] => 1
                    [id] => 18
                    [title] => Electrical
                    [first_name] => Sumit
                    [last_name] => Ranjan
                    [items] => Array
                        (
                            [0] => Array
                                (
                                    [title] => Polycab wires 10 mm
                                    [sku_code] => PCWR12
                                    [sku_name] => PCWR12
                                    [quantity] => 0.00
                                    [unit_price] => 
                                )

                            [1] => Array
                                (
                                    [title] => Test Product
                                    [sku_code] => TESTPROD
                                    [sku_name] => TESTPROD
                                    [quantity] => 1.00
                                    [unit_price] => 
                                )

                            [2] => Array
                                (
                                    [title] => Panel Square Light
                                    [sku_code] => PSQL
                                    [sku_name] => PSQL
                                    [quantity] => 1.00
                                    [unit_price] => 
                                )

                        )

                )

            [2] => Array
                (
                    [pur_rq_code] => #PRRSRA-00009-2025
                    [requester] => 1
                    [department] => 4
                    [request_date] => 2025-06-24 15:40:40
                    [status] => 1
                    [id] => 17
                    [title] => Purchase
                    [first_name] => Sumit
                    [last_name] => Ranjan
                    [items] => Array
                        (
                            [0] => Array
                                (
                                    [title] => Panel Square Light
                                    [sku_code] => PSQL
                                    [sku_name] => PSQL
                                    [quantity] => 1.00
                                    [unit_price] => 
                                )

                            [1] => Array
                                (
                                    [title] => Test Product
                                    [sku_code] => TESTPROD
                                    [sku_name] => TESTPROD
                                    [quantity] => 1.00
                                    [unit_price] => 
                                )

                            [2] => Array
                                (
                                    [title] => Test Product
                                    [sku_code] => TESTPROD
                                    [sku_name] => TESTPROD
                                    [quantity] => 1.00
                                    [unit_price] => 
                                )

                        )

                )

            [3] => Array
                (
                    [pur_rq_code] => #PRRSRA-00008-2025
                    [requester] => 1
                    [department] => 4
                    [request_date] => 2025-06-24 15:40:39
                    [status] => 1
                    [id] => 16
                    [title] => Purchase
                    [first_name] => Sumit
                    [last_name] => Ranjan
                    [items] => Array
                        (
                            [0] => Array
                                (
                                    [title] => Test Product
                                    [sku_code] => TESTPROD
                                    [sku_name] => TESTPROD
                                    [quantity] => 1.00
                                    [unit_price] => 
                                )

                            [1] => Array
                                (
                                    [title] => Panel Square Light
                                    [sku_code] => PSQL
                                    [sku_name] => PSQL
                                    [quantity] => 1.00
                                    [unit_price] => 
                                )

                            [2] => Array
                                (
                                    [title] => Sanwa-Denki -9WF0424S604B
                                    [sku_code] => 9WF0424S604B
                                    [sku_name] => 9WF0424S604B
                                    [quantity] => 1.00
                                    [unit_price] => 
                                )

                        )

                )

            [4] => Array
                (
                    [pur_rq_code] => #PRRSRA-00007-2025
                    [requester] => 1
                    [department] => 2
                    [request_date] => 2025-06-24 09:13:02
                    [status] => 1
                    [id] => 15
                    [title] => Electrical
                    [first_name] => Sumit
                    [last_name] => Ranjan
                    [items] => Array
                        (
                            [0] => Array
                                (
                                    [title] => Polycab wires 10 mm
                                    [sku_code] => PCWR12
                                    [sku_name] => PCWR12
                                    [quantity] => 2.00
                                    [unit_price] => 0.00
                                )

                            [1] => Array
                                (
                                    [title] => Test Product
                                    [sku_code] => TESTPROD
                                    [sku_name] => TESTPROD
                                    [quantity] => 1.00
                                    [unit_price] => 5000.00
                                )

                            [2] => Array
                                (
                                    [title] => Panel Square Light
                                    [sku_code] => PSQL
                                    [sku_name] => PSQL
                                    [quantity] => 1.00
                                    [unit_price] => 4000.00
                                )

                        )

                )

        )

    [output] => Array
        (
            [draw] => 1
            [iTotalRecords] => 5
            [iTotalDisplayRecords] => 3
            [aaData] => Array
                (
                )

        )

)

CRITICAL - 2025-06-24 16:28:14 --> Array
(
    [title] => Male Female Connector
    [sku_code] => MFCONN
    [sku_name] => MFCONN
    [quantity] => 1.00
    [unit_price] => 
)

CRITICAL - 2025-06-24 16:28:14 --> Array
(
    [title] => Test Product
    [sku_code] => TESTPROD
    [sku_name] => TESTPROD
    [quantity] => 1.00
    [unit_price] => 
)

CRITICAL - 2025-06-24 16:28:14 --> Array
(
    [title] => Cable Tie (100MM)
    [sku_code] => CBLTY
    [sku_name] => CBLTY
    [quantity] => 1.00
    [unit_price] => 
)

CRITICAL - 2025-06-24 16:28:14 --> Array
(
    [title] => Polycab wires 10 mm
    [sku_code] => PCWR12
    [sku_name] => PCWR12
    [quantity] => 0.00
    [unit_price] => 
)

CRITICAL - 2025-06-24 16:28:14 --> Array
(
    [title] => Test Product
    [sku_code] => TESTPROD
    [sku_name] => TESTPROD
    [quantity] => 1.00
    [unit_price] => 
)

CRITICAL - 2025-06-24 16:28:14 --> Array
(
    [title] => Panel Square Light
    [sku_code] => PSQL
    [sku_name] => PSQL
    [quantity] => 1.00
    [unit_price] => 
)

CRITICAL - 2025-06-24 16:28:14 --> Array
(
    [title] => Panel Square Light
    [sku_code] => PSQL
    [sku_name] => PSQL
    [quantity] => 1.00
    [unit_price] => 
)

CRITICAL - 2025-06-24 16:28:14 --> Array
(
    [title] => Test Product
    [sku_code] => TESTPROD
    [sku_name] => TESTPROD
    [quantity] => 1.00
    [unit_price] => 
)

CRITICAL - 2025-06-24 16:28:14 --> Array
(
    [title] => Test Product
    [sku_code] => TESTPROD
    [sku_name] => TESTPROD
    [quantity] => 1.00
    [unit_price] => 
)

CRITICAL - 2025-06-24 16:28:14 --> Array
(
    [title] => Test Product
    [sku_code] => TESTPROD
    [sku_name] => TESTPROD
    [quantity] => 1.00
    [unit_price] => 
)

CRITICAL - 2025-06-24 16:28:14 --> Array
(
    [title] => Panel Square Light
    [sku_code] => PSQL
    [sku_name] => PSQL
    [quantity] => 1.00
    [unit_price] => 
)

CRITICAL - 2025-06-24 16:28:14 --> Array
(
    [title] => Sanwa-Denki -9WF0424S604B
    [sku_code] => 9WF0424S604B
    [sku_name] => 9WF0424S604B
    [quantity] => 1.00
    [unit_price] => 
)

CRITICAL - 2025-06-24 16:28:14 --> Array
(
    [title] => Polycab wires 10 mm
    [sku_code] => PCWR12
    [sku_name] => PCWR12
    [quantity] => 2.00
    [unit_price] => 0.00
)

CRITICAL - 2025-06-24 16:28:14 --> Array
(
    [title] => Test Product
    [sku_code] => TESTPROD
    [sku_name] => TESTPROD
    [quantity] => 1.00
    [unit_price] => 5000.00
)

CRITICAL - 2025-06-24 16:28:14 --> Array
(
    [title] => Panel Square Light
    [sku_code] => PSQL
    [sku_name] => PSQL
    [quantity] => 1.00
    [unit_price] => 4000.00
)

ERROR - 2025-06-24 16:28:15 --> DEBUG: $sGroupBy = 
ERROR - 2025-06-24 16:28:15 --> Array
(
    [rResult] => Array
        (
            [0] => Array
                (
                    [pur_rq_code] => #PRRSRA-00012-2025
                    [requester] => 5
                    [department] => 4
                    [request_date] => 2025-06-24 16:24:30
                    [status] => 1
                    [id] => 20
                    [title] => Purchase
                    [first_name] => Rakesh
                    [last_name] => Sharma
                    [items] => Array
                        (
                            [0] => Array
                                (
                                    [title] => Male Female Connector
                                    [sku_code] => MFCONN
                                    [sku_name] => MFCONN
                                    [quantity] => 1.00
                                    [unit_price] => 
                                )

                            [1] => Array
                                (
                                    [title] => Test Product
                                    [sku_code] => TESTPROD
                                    [sku_name] => TESTPROD
                                    [quantity] => 1.00
                                    [unit_price] => 
                                )

                            [2] => Array
                                (
                                    [title] => Cable Tie (100MM)
                                    [sku_code] => CBLTY
                                    [sku_name] => CBLTY
                                    [quantity] => 1.00
                                    [unit_price] => 
                                )

                        )

                )

            [1] => Array
                (
                    [pur_rq_code] => #PRRSRA-00010-2025
                    [requester] => 1
                    [department] => 2
                    [request_date] => 2025-06-24 15:41:59
                    [status] => 1
                    [id] => 18
                    [title] => Electrical
                    [first_name] => Sumit
                    [last_name] => Ranjan
                    [items] => Array
                        (
                            [0] => Array
                                (
                                    [title] => Polycab wires 10 mm
                                    [sku_code] => PCWR12
                                    [sku_name] => PCWR12
                                    [quantity] => 0.00
                                    [unit_price] => 
                                )

                            [1] => Array
                                (
                                    [title] => Test Product
                                    [sku_code] => TESTPROD
                                    [sku_name] => TESTPROD
                                    [quantity] => 1.00
                                    [unit_price] => 
                                )

                            [2] => Array
                                (
                                    [title] => Panel Square Light
                                    [sku_code] => PSQL
                                    [sku_name] => PSQL
                                    [quantity] => 1.00
                                    [unit_price] => 
                                )

                        )

                )

            [2] => Array
                (
                    [pur_rq_code] => #PRRSRA-00009-2025
                    [requester] => 1
                    [department] => 4
                    [request_date] => 2025-06-24 15:40:40
                    [status] => 1
                    [id] => 17
                    [title] => Purchase
                    [first_name] => Sumit
                    [last_name] => Ranjan
                    [items] => Array
                        (
                            [0] => Array
                                (
                                    [title] => Panel Square Light
                                    [sku_code] => PSQL
                                    [sku_name] => PSQL
                                    [quantity] => 1.00
                                    [unit_price] => 
                                )

                            [1] => Array
                                (
                                    [title] => Test Product
                                    [sku_code] => TESTPROD
                                    [sku_name] => TESTPROD
                                    [quantity] => 1.00
                                    [unit_price] => 
                                )

                            [2] => Array
                                (
                                    [title] => Test Product
                                    [sku_code] => TESTPROD
                                    [sku_name] => TESTPROD
                                    [quantity] => 1.00
                                    [unit_price] => 
                                )

                        )

                )

            [3] => Array
                (
                    [pur_rq_code] => #PRRSRA-00008-2025
                    [requester] => 1
                    [department] => 4
                    [request_date] => 2025-06-24 15:40:39
                    [status] => 1
                    [id] => 16
                    [title] => Purchase
                    [first_name] => Sumit
                    [last_name] => Ranjan
                    [items] => Array
                        (
                            [0] => Array
                                (
                                    [title] => Test Product
                                    [sku_code] => TESTPROD
                                    [sku_name] => TESTPROD
                                    [quantity] => 1.00
                                    [unit_price] => 
                                )

                            [1] => Array
                                (
                                    [title] => Panel Square Light
                                    [sku_code] => PSQL
                                    [sku_name] => PSQL
                                    [quantity] => 1.00
                                    [unit_price] => 
                                )

                            [2] => Array
                                (
                                    [title] => Sanwa-Denki -9WF0424S604B
                                    [sku_code] => 9WF0424S604B
                                    [sku_name] => 9WF0424S604B
                                    [quantity] => 1.00
                                    [unit_price] => 
                                )

                        )

                )

            [4] => Array
                (
                    [pur_rq_code] => #PRRSRA-00007-2025
                    [requester] => 1
                    [department] => 2
                    [request_date] => 2025-06-24 09:13:02
                    [status] => 1
                    [id] => 15
                    [title] => Electrical
                    [first_name] => Sumit
                    [last_name] => Ranjan
                    [items] => Array
                        (
                            [0] => Array
                                (
                                    [title] => Polycab wires 10 mm
                                    [sku_code] => PCWR12
                                    [sku_name] => PCWR12
                                    [quantity] => 2.00
                                    [unit_price] => 0.00
                                )

                            [1] => Array
                                (
                                    [title] => Test Product
                                    [sku_code] => TESTPROD
                                    [sku_name] => TESTPROD
                                    [quantity] => 1.00
                                    [unit_price] => 5000.00
                                )

                            [2] => Array
                                (
                                    [title] => Panel Square Light
                                    [sku_code] => PSQL
                                    [sku_name] => PSQL
                                    [quantity] => 1.00
                                    [unit_price] => 4000.00
                                )

                        )

                )

        )

    [output] => Array
        (
            [draw] => 1
            [iTotalRecords] => 5
            [iTotalDisplayRecords] => 3
            [aaData] => Array
                (
                )

        )

)

CRITICAL - 2025-06-24 16:28:15 --> Array
(
    [title] => Male Female Connector
    [sku_code] => MFCONN
    [sku_name] => MFCONN
    [quantity] => 1.00
    [unit_price] => 
)

CRITICAL - 2025-06-24 16:28:15 --> Array
(
    [title] => Test Product
    [sku_code] => TESTPROD
    [sku_name] => TESTPROD
    [quantity] => 1.00
    [unit_price] => 
)

CRITICAL - 2025-06-24 16:28:15 --> Array
(
    [title] => Cable Tie (100MM)
    [sku_code] => CBLTY
    [sku_name] => CBLTY
    [quantity] => 1.00
    [unit_price] => 
)

CRITICAL - 2025-06-24 16:28:15 --> Array
(
    [title] => Polycab wires 10 mm
    [sku_code] => PCWR12
    [sku_name] => PCWR12
    [quantity] => 0.00
    [unit_price] => 
)

CRITICAL - 2025-06-24 16:28:15 --> Array
(
    [title] => Test Product
    [sku_code] => TESTPROD
    [sku_name] => TESTPROD
    [quantity] => 1.00
    [unit_price] => 
)

CRITICAL - 2025-06-24 16:28:15 --> Array
(
    [title] => Panel Square Light
    [sku_code] => PSQL
    [sku_name] => PSQL
    [quantity] => 1.00
    [unit_price] => 
)

CRITICAL - 2025-06-24 16:28:15 --> Array
(
    [title] => Panel Square Light
    [sku_code] => PSQL
    [sku_name] => PSQL
    [quantity] => 1.00
    [unit_price] => 
)

CRITICAL - 2025-06-24 16:28:15 --> Array
(
    [title] => Test Product
    [sku_code] => TESTPROD
    [sku_name] => TESTPROD
    [quantity] => 1.00
    [unit_price] => 
)

CRITICAL - 2025-06-24 16:28:15 --> Array
(
    [title] => Test Product
    [sku_code] => TESTPROD
    [sku_name] => TESTPROD
    [quantity] => 1.00
    [unit_price] => 
)

CRITICAL - 2025-06-24 16:28:15 --> Array
(
    [title] => Test Product
    [sku_code] => TESTPROD
    [sku_name] => TESTPROD
    [quantity] => 1.00
    [unit_price] => 
)

CRITICAL - 2025-06-24 16:28:15 --> Array
(
    [title] => Panel Square Light
    [sku_code] => PSQL
    [sku_name] => PSQL
    [quantity] => 1.00
    [unit_price] => 
)

CRITICAL - 2025-06-24 16:28:15 --> Array
(
    [title] => Sanwa-Denki -9WF0424S604B
    [sku_code] => 9WF0424S604B
    [sku_name] => 9WF0424S604B
    [quantity] => 1.00
    [unit_price] => 
)

CRITICAL - 2025-06-24 16:28:15 --> Array
(
    [title] => Polycab wires 10 mm
    [sku_code] => PCWR12
    [sku_name] => PCWR12
    [quantity] => 2.00
    [unit_price] => 0.00
)

CRITICAL - 2025-06-24 16:28:15 --> Array
(
    [title] => Test Product
    [sku_code] => TESTPROD
    [sku_name] => TESTPROD
    [quantity] => 1.00
    [unit_price] => 5000.00
)

CRITICAL - 2025-06-24 16:28:15 --> Array
(
    [title] => Panel Square Light
    [sku_code] => PSQL
    [sku_name] => PSQL
    [quantity] => 1.00
    [unit_price] => 4000.00
)

ERROR - 2025-06-24 16:29:36 --> DEBUG: $sGroupBy = 
ERROR - 2025-06-24 16:29:36 --> Array
(
    [rResult] => Array
        (
            [0] => Array
                (
                    [pur_rq_code] => #PRRSRA-00012-2025
                    [requester] => 5
                    [department] => 4
                    [request_date] => 2025-06-24 16:24:30
                    [status] => 1
                    [id] => 20
                    [title] => Purchase
                    [first_name] => Rakesh
                    [last_name] => Sharma
                    [items] => Array
                        (
                            [0] => Array
                                (
                                    [title] => Male Female Connector
                                    [sku_code] => MFCONN
                                    [sku_name] => MFCONN
                                    [quantity] => 1.00
                                    [unit_price] => 
                                )

                            [1] => Array
                                (
                                    [title] => Test Product
                                    [sku_code] => TESTPROD
                                    [sku_name] => TESTPROD
                                    [quantity] => 1.00
                                    [unit_price] => 
                                )

                            [2] => Array
                                (
                                    [title] => Cable Tie (100MM)
                                    [sku_code] => CBLTY
                                    [sku_name] => CBLTY
                                    [quantity] => 1.00
                                    [unit_price] => 
                                )

                        )

                )

            [1] => Array
                (
                    [pur_rq_code] => #PRRSRA-00010-2025
                    [requester] => 1
                    [department] => 2
                    [request_date] => 2025-06-24 15:41:59
                    [status] => 1
                    [id] => 18
                    [title] => Electrical
                    [first_name] => Sumit
                    [last_name] => Ranjan
                    [items] => Array
                        (
                            [0] => Array
                                (
                                    [title] => Polycab wires 10 mm
                                    [sku_code] => PCWR12
                                    [sku_name] => PCWR12
                                    [quantity] => 0.00
                                    [unit_price] => 
                                )

                            [1] => Array
                                (
                                    [title] => Test Product
                                    [sku_code] => TESTPROD
                                    [sku_name] => TESTPROD
                                    [quantity] => 1.00
                                    [unit_price] => 
                                )

                            [2] => Array
                                (
                                    [title] => Panel Square Light
                                    [sku_code] => PSQL
                                    [sku_name] => PSQL
                                    [quantity] => 1.00
                                    [unit_price] => 
                                )

                        )

                )

            [2] => Array
                (
                    [pur_rq_code] => #PRRSRA-00009-2025
                    [requester] => 1
                    [department] => 4
                    [request_date] => 2025-06-24 15:40:40
                    [status] => 1
                    [id] => 17
                    [title] => Purchase
                    [first_name] => Sumit
                    [last_name] => Ranjan
                    [items] => Array
                        (
                            [0] => Array
                                (
                                    [title] => Panel Square Light
                                    [sku_code] => PSQL
                                    [sku_name] => PSQL
                                    [quantity] => 1.00
                                    [unit_price] => 
                                )

                            [1] => Array
                                (
                                    [title] => Test Product
                                    [sku_code] => TESTPROD
                                    [sku_name] => TESTPROD
                                    [quantity] => 1.00
                                    [unit_price] => 
                                )

                            [2] => Array
                                (
                                    [title] => Test Product
                                    [sku_code] => TESTPROD
                                    [sku_name] => TESTPROD
                                    [quantity] => 1.00
                                    [unit_price] => 
                                )

                        )

                )

            [3] => Array
                (
                    [pur_rq_code] => #PRRSRA-00008-2025
                    [requester] => 1
                    [department] => 4
                    [request_date] => 2025-06-24 15:40:39
                    [status] => 1
                    [id] => 16
                    [title] => Purchase
                    [first_name] => Sumit
                    [last_name] => Ranjan
                    [items] => Array
                        (
                            [0] => Array
                                (
                                    [title] => Test Product
                                    [sku_code] => TESTPROD
                                    [sku_name] => TESTPROD
                                    [quantity] => 1.00
                                    [unit_price] => 
                                )

                            [1] => Array
                                (
                                    [title] => Panel Square Light
                                    [sku_code] => PSQL
                                    [sku_name] => PSQL
                                    [quantity] => 1.00
                                    [unit_price] => 
                                )

                            [2] => Array
                                (
                                    [title] => Sanwa-Denki -9WF0424S604B
                                    [sku_code] => 9WF0424S604B
                                    [sku_name] => 9WF0424S604B
                                    [quantity] => 1.00
                                    [unit_price] => 
                                )

                        )

                )

            [4] => Array
                (
                    [pur_rq_code] => #PRRSRA-00007-2025
                    [requester] => 1
                    [department] => 2
                    [request_date] => 2025-06-24 09:13:02
                    [status] => 1
                    [id] => 15
                    [title] => Electrical
                    [first_name] => Sumit
                    [last_name] => Ranjan
                    [items] => Array
                        (
                            [0] => Array
                                (
                                    [title] => Polycab wires 10 mm
                                    [sku_code] => PCWR12
                                    [sku_name] => PCWR12
                                    [quantity] => 2.00
                                    [unit_price] => 0.00
                                )

                            [1] => Array
                                (
                                    [title] => Test Product
                                    [sku_code] => TESTPROD
                                    [sku_name] => TESTPROD
                                    [quantity] => 1.00
                                    [unit_price] => 5000.00
                                )

                            [2] => Array
                                (
                                    [title] => Panel Square Light
                                    [sku_code] => PSQL
                                    [sku_name] => PSQL
                                    [quantity] => 1.00
                                    [unit_price] => 4000.00
                                )

                        )

                )

        )

    [output] => Array
        (
            [draw] => 1
            [iTotalRecords] => 5
            [iTotalDisplayRecords] => 3
            [aaData] => Array
                (
                )

        )

)

CRITICAL - 2025-06-24 16:29:36 --> Array
(
    [title] => Male Female Connector
    [sku_code] => MFCONN
    [sku_name] => MFCONN
    [quantity] => 1.00
    [unit_price] => 
)

CRITICAL - 2025-06-24 16:29:36 --> Array
(
    [title] => Test Product
    [sku_code] => TESTPROD
    [sku_name] => TESTPROD
    [quantity] => 1.00
    [unit_price] => 
)

CRITICAL - 2025-06-24 16:29:36 --> Array
(
    [title] => Cable Tie (100MM)
    [sku_code] => CBLTY
    [sku_name] => CBLTY
    [quantity] => 1.00
    [unit_price] => 
)

CRITICAL - 2025-06-24 16:29:36 --> Array
(
    [title] => Polycab wires 10 mm
    [sku_code] => PCWR12
    [sku_name] => PCWR12
    [quantity] => 0.00
    [unit_price] => 
)

CRITICAL - 2025-06-24 16:29:36 --> Array
(
    [title] => Test Product
    [sku_code] => TESTPROD
    [sku_name] => TESTPROD
    [quantity] => 1.00
    [unit_price] => 
)

CRITICAL - 2025-06-24 16:29:36 --> Array
(
    [title] => Panel Square Light
    [sku_code] => PSQL
    [sku_name] => PSQL
    [quantity] => 1.00
    [unit_price] => 
)

CRITICAL - 2025-06-24 16:29:36 --> Array
(
    [title] => Panel Square Light
    [sku_code] => PSQL
    [sku_name] => PSQL
    [quantity] => 1.00
    [unit_price] => 
)

CRITICAL - 2025-06-24 16:29:36 --> Array
(
    [title] => Test Product
    [sku_code] => TESTPROD
    [sku_name] => TESTPROD
    [quantity] => 1.00
    [unit_price] => 
)

CRITICAL - 2025-06-24 16:29:36 --> Array
(
    [title] => Test Product
    [sku_code] => TESTPROD
    [sku_name] => TESTPROD
    [quantity] => 1.00
    [unit_price] => 
)

CRITICAL - 2025-06-24 16:29:36 --> Array
(
    [title] => Test Product
    [sku_code] => TESTPROD
    [sku_name] => TESTPROD
    [quantity] => 1.00
    [unit_price] => 
)

CRITICAL - 2025-06-24 16:29:36 --> Array
(
    [title] => Panel Square Light
    [sku_code] => PSQL
    [sku_name] => PSQL
    [quantity] => 1.00
    [unit_price] => 
)

CRITICAL - 2025-06-24 16:29:36 --> Array
(
    [title] => Sanwa-Denki -9WF0424S604B
    [sku_code] => 9WF0424S604B
    [sku_name] => 9WF0424S604B
    [quantity] => 1.00
    [unit_price] => 
)

CRITICAL - 2025-06-24 16:29:36 --> Array
(
    [title] => Polycab wires 10 mm
    [sku_code] => PCWR12
    [sku_name] => PCWR12
    [quantity] => 2.00
    [unit_price] => 0.00
)

CRITICAL - 2025-06-24 16:29:36 --> Array
(
    [title] => Test Product
    [sku_code] => TESTPROD
    [sku_name] => TESTPROD
    [quantity] => 1.00
    [unit_price] => 5000.00
)

CRITICAL - 2025-06-24 16:29:36 --> Array
(
    [title] => Panel Square Light
    [sku_code] => PSQL
    [sku_name] => PSQL
    [quantity] => 1.00
    [unit_price] => 4000.00
)

ERROR - 2025-06-24 16:29:37 --> DEBUG: $sGroupBy = 
ERROR - 2025-06-24 16:29:37 --> Array
(
    [rResult] => Array
        (
            [0] => Array
                (
                    [pur_rq_code] => #PRRSRA-00012-2025
                    [requester] => 5
                    [department] => 4
                    [request_date] => 2025-06-24 16:24:30
                    [status] => 1
                    [id] => 20
                    [title] => Purchase
                    [first_name] => Rakesh
                    [last_name] => Sharma
                    [items] => Array
                        (
                            [0] => Array
                                (
                                    [title] => Male Female Connector
                                    [sku_code] => MFCONN
                                    [sku_name] => MFCONN
                                    [quantity] => 1.00
                                    [unit_price] => 
                                )

                            [1] => Array
                                (
                                    [title] => Test Product
                                    [sku_code] => TESTPROD
                                    [sku_name] => TESTPROD
                                    [quantity] => 1.00
                                    [unit_price] => 
                                )

                            [2] => Array
                                (
                                    [title] => Cable Tie (100MM)
                                    [sku_code] => CBLTY
                                    [sku_name] => CBLTY
                                    [quantity] => 1.00
                                    [unit_price] => 
                                )

                        )

                )

            [1] => Array
                (
                    [pur_rq_code] => #PRRSRA-00010-2025
                    [requester] => 1
                    [department] => 2
                    [request_date] => 2025-06-24 15:41:59
                    [status] => 1
                    [id] => 18
                    [title] => Electrical
                    [first_name] => Sumit
                    [last_name] => Ranjan
                    [items] => Array
                        (
                            [0] => Array
                                (
                                    [title] => Polycab wires 10 mm
                                    [sku_code] => PCWR12
                                    [sku_name] => PCWR12
                                    [quantity] => 0.00
                                    [unit_price] => 
                                )

                            [1] => Array
                                (
                                    [title] => Test Product
                                    [sku_code] => TESTPROD
                                    [sku_name] => TESTPROD
                                    [quantity] => 1.00
                                    [unit_price] => 
                                )

                            [2] => Array
                                (
                                    [title] => Panel Square Light
                                    [sku_code] => PSQL
                                    [sku_name] => PSQL
                                    [quantity] => 1.00
                                    [unit_price] => 
                                )

                        )

                )

            [2] => Array
                (
                    [pur_rq_code] => #PRRSRA-00009-2025
                    [requester] => 1
                    [department] => 4
                    [request_date] => 2025-06-24 15:40:40
                    [status] => 1
                    [id] => 17
                    [title] => Purchase
                    [first_name] => Sumit
                    [last_name] => Ranjan
                    [items] => Array
                        (
                            [0] => Array
                                (
                                    [title] => Panel Square Light
                                    [sku_code] => PSQL
                                    [sku_name] => PSQL
                                    [quantity] => 1.00
                                    [unit_price] => 
                                )

                            [1] => Array
                                (
                                    [title] => Test Product
                                    [sku_code] => TESTPROD
                                    [sku_name] => TESTPROD
                                    [quantity] => 1.00
                                    [unit_price] => 
                                )

                            [2] => Array
                                (
                                    [title] => Test Product
                                    [sku_code] => TESTPROD
                                    [sku_name] => TESTPROD
                                    [quantity] => 1.00
                                    [unit_price] => 
                                )

                        )

                )

            [3] => Array
                (
                    [pur_rq_code] => #PRRSRA-00008-2025
                    [requester] => 1
                    [department] => 4
                    [request_date] => 2025-06-24 15:40:39
                    [status] => 1
                    [id] => 16
                    [title] => Purchase
                    [first_name] => Sumit
                    [last_name] => Ranjan
                    [items] => Array
                        (
                            [0] => Array
                                (
                                    [title] => Test Product
                                    [sku_code] => TESTPROD
                                    [sku_name] => TESTPROD
                                    [quantity] => 1.00
                                    [unit_price] => 
                                )

                            [1] => Array
                                (
                                    [title] => Panel Square Light
                                    [sku_code] => PSQL
                                    [sku_name] => PSQL
                                    [quantity] => 1.00
                                    [unit_price] => 
                                )

                            [2] => Array
                                (
                                    [title] => Sanwa-Denki -9WF0424S604B
                                    [sku_code] => 9WF0424S604B
                                    [sku_name] => 9WF0424S604B
                                    [quantity] => 1.00
                                    [unit_price] => 
                                )

                        )

                )

            [4] => Array
                (
                    [pur_rq_code] => #PRRSRA-00007-2025
                    [requester] => 1
                    [department] => 2
                    [request_date] => 2025-06-24 09:13:02
                    [status] => 1
                    [id] => 15
                    [title] => Electrical
                    [first_name] => Sumit
                    [last_name] => Ranjan
                    [items] => Array
                        (
                            [0] => Array
                                (
                                    [title] => Polycab wires 10 mm
                                    [sku_code] => PCWR12
                                    [sku_name] => PCWR12
                                    [quantity] => 2.00
                                    [unit_price] => 0.00
                                )

                            [1] => Array
                                (
                                    [title] => Test Product
                                    [sku_code] => TESTPROD
                                    [sku_name] => TESTPROD
                                    [quantity] => 1.00
                                    [unit_price] => 5000.00
                                )

                            [2] => Array
                                (
                                    [title] => Panel Square Light
                                    [sku_code] => PSQL
                                    [sku_name] => PSQL
                                    [quantity] => 1.00
                                    [unit_price] => 4000.00
                                )

                        )

                )

        )

    [output] => Array
        (
            [draw] => 1
            [iTotalRecords] => 5
            [iTotalDisplayRecords] => 3
            [aaData] => Array
                (
                )

        )

)

CRITICAL - 2025-06-24 16:29:37 --> Array
(
    [title] => Male Female Connector
    [sku_code] => MFCONN
    [sku_name] => MFCONN
    [quantity] => 1.00
    [unit_price] => 
)

CRITICAL - 2025-06-24 16:29:37 --> Array
(
    [title] => Test Product
    [sku_code] => TESTPROD
    [sku_name] => TESTPROD
    [quantity] => 1.00
    [unit_price] => 
)

CRITICAL - 2025-06-24 16:29:37 --> Array
(
    [title] => Cable Tie (100MM)
    [sku_code] => CBLTY
    [sku_name] => CBLTY
    [quantity] => 1.00
    [unit_price] => 
)

CRITICAL - 2025-06-24 16:29:37 --> Array
(
    [title] => Polycab wires 10 mm
    [sku_code] => PCWR12
    [sku_name] => PCWR12
    [quantity] => 0.00
    [unit_price] => 
)

CRITICAL - 2025-06-24 16:29:37 --> Array
(
    [title] => Test Product
    [sku_code] => TESTPROD
    [sku_name] => TESTPROD
    [quantity] => 1.00
    [unit_price] => 
)

CRITICAL - 2025-06-24 16:29:37 --> Array
(
    [title] => Panel Square Light
    [sku_code] => PSQL
    [sku_name] => PSQL
    [quantity] => 1.00
    [unit_price] => 
)

CRITICAL - 2025-06-24 16:29:37 --> Array
(
    [title] => Panel Square Light
    [sku_code] => PSQL
    [sku_name] => PSQL
    [quantity] => 1.00
    [unit_price] => 
)

CRITICAL - 2025-06-24 16:29:37 --> Array
(
    [title] => Test Product
    [sku_code] => TESTPROD
    [sku_name] => TESTPROD
    [quantity] => 1.00
    [unit_price] => 
)

CRITICAL - 2025-06-24 16:29:37 --> Array
(
    [title] => Test Product
    [sku_code] => TESTPROD
    [sku_name] => TESTPROD
    [quantity] => 1.00
    [unit_price] => 
)

CRITICAL - 2025-06-24 16:29:37 --> Array
(
    [title] => Test Product
    [sku_code] => TESTPROD
    [sku_name] => TESTPROD
    [quantity] => 1.00
    [unit_price] => 
)

CRITICAL - 2025-06-24 16:29:37 --> Array
(
    [title] => Panel Square Light
    [sku_code] => PSQL
    [sku_name] => PSQL
    [quantity] => 1.00
    [unit_price] => 
)

CRITICAL - 2025-06-24 16:29:37 --> Array
(
    [title] => Sanwa-Denki -9WF0424S604B
    [sku_code] => 9WF0424S604B
    [sku_name] => 9WF0424S604B
    [quantity] => 1.00
    [unit_price] => 
)

CRITICAL - 2025-06-24 16:29:37 --> Array
(
    [title] => Polycab wires 10 mm
    [sku_code] => PCWR12
    [sku_name] => PCWR12
    [quantity] => 2.00
    [unit_price] => 0.00
)

CRITICAL - 2025-06-24 16:29:37 --> Array
(
    [title] => Test Product
    [sku_code] => TESTPROD
    [sku_name] => TESTPROD
    [quantity] => 1.00
    [unit_price] => 5000.00
)

CRITICAL - 2025-06-24 16:29:37 --> Array
(
    [title] => Panel Square Light
    [sku_code] => PSQL
    [sku_name] => PSQL
    [quantity] => 1.00
    [unit_price] => 4000.00
)

ERROR - 2025-06-24 16:30:37 --> DEBUG: $sGroupBy = 
ERROR - 2025-06-24 16:30:37 --> Array
(
    [rResult] => Array
        (
            [0] => Array
                (
                    [pur_rq_code] => #PRRSRA-00012-2025
                    [requester] => 5
                    [department] => 4
                    [request_date] => 2025-06-24 16:24:30
                    [status] => 1
                    [id] => 20
                    [title] => Purchase
                    [first_name] => Rakesh
                    [last_name] => Sharma
                    [items] => Array
                        (
                            [0] => Array
                                (
                                    [title] => Male Female Connector
                                    [sku_code] => MFCONN
                                    [sku_name] => MFCONN
                                    [quantity] => 1.00
                                    [unit_price] => 
                                )

                            [1] => Array
                                (
                                    [title] => Test Product
                                    [sku_code] => TESTPROD
                                    [sku_name] => TESTPROD
                                    [quantity] => 1.00
                                    [unit_price] => 
                                )

                            [2] => Array
                                (
                                    [title] => Cable Tie (100MM)
                                    [sku_code] => CBLTY
                                    [sku_name] => CBLTY
                                    [quantity] => 1.00
                                    [unit_price] => 
                                )

                        )

                )

            [1] => Array
                (
                    [pur_rq_code] => #PRRSRA-00010-2025
                    [requester] => 1
                    [department] => 2
                    [request_date] => 2025-06-24 15:41:59
                    [status] => 1
                    [id] => 18
                    [title] => Electrical
                    [first_name] => Sumit
                    [last_name] => Ranjan
                    [items] => Array
                        (
                            [0] => Array
                                (
                                    [title] => Polycab wires 10 mm
                                    [sku_code] => PCWR12
                                    [sku_name] => PCWR12
                                    [quantity] => 0.00
                                    [unit_price] => 
                                )

                            [1] => Array
                                (
                                    [title] => Test Product
                                    [sku_code] => TESTPROD
                                    [sku_name] => TESTPROD
                                    [quantity] => 1.00
                                    [unit_price] => 
                                )

                            [2] => Array
                                (
                                    [title] => Panel Square Light
                                    [sku_code] => PSQL
                                    [sku_name] => PSQL
                                    [quantity] => 1.00
                                    [unit_price] => 
                                )

                        )

                )

            [2] => Array
                (
                    [pur_rq_code] => #PRRSRA-00009-2025
                    [requester] => 1
                    [department] => 4
                    [request_date] => 2025-06-24 15:40:40
                    [status] => 1
                    [id] => 17
                    [title] => Purchase
                    [first_name] => Sumit
                    [last_name] => Ranjan
                    [items] => Array
                        (
                            [0] => Array
                                (
                                    [title] => Panel Square Light
                                    [sku_code] => PSQL
                                    [sku_name] => PSQL
                                    [quantity] => 1.00
                                    [unit_price] => 
                                )

                            [1] => Array
                                (
                                    [title] => Test Product
                                    [sku_code] => TESTPROD
                                    [sku_name] => TESTPROD
                                    [quantity] => 1.00
                                    [unit_price] => 
                                )

                            [2] => Array
                                (
                                    [title] => Test Product
                                    [sku_code] => TESTPROD
                                    [sku_name] => TESTPROD
                                    [quantity] => 1.00
                                    [unit_price] => 
                                )

                        )

                )

            [3] => Array
                (
                    [pur_rq_code] => #PRRSRA-00008-2025
                    [requester] => 1
                    [department] => 4
                    [request_date] => 2025-06-24 15:40:39
                    [status] => 1
                    [id] => 16
                    [title] => Purchase
                    [first_name] => Sumit
                    [last_name] => Ranjan
                    [items] => Array
                        (
                            [0] => Array
                                (
                                    [title] => Test Product
                                    [sku_code] => TESTPROD
                                    [sku_name] => TESTPROD
                                    [quantity] => 1.00
                                    [unit_price] => 
                                )

                            [1] => Array
                                (
                                    [title] => Panel Square Light
                                    [sku_code] => PSQL
                                    [sku_name] => PSQL
                                    [quantity] => 1.00
                                    [unit_price] => 
                                )

                            [2] => Array
                                (
                                    [title] => Sanwa-Denki -9WF0424S604B
                                    [sku_code] => 9WF0424S604B
                                    [sku_name] => 9WF0424S604B
                                    [quantity] => 1.00
                                    [unit_price] => 
                                )

                        )

                )

            [4] => Array
                (
                    [pur_rq_code] => #PRRSRA-00007-2025
                    [requester] => 1
                    [department] => 2
                    [request_date] => 2025-06-24 09:13:02
                    [status] => 1
                    [id] => 15
                    [title] => Electrical
                    [first_name] => Sumit
                    [last_name] => Ranjan
                    [items] => Array
                        (
                            [0] => Array
                                (
                                    [title] => Polycab wires 10 mm
                                    [sku_code] => PCWR12
                                    [sku_name] => PCWR12
                                    [quantity] => 2.00
                                    [unit_price] => 0.00
                                )

                            [1] => Array
                                (
                                    [title] => Test Product
                                    [sku_code] => TESTPROD
                                    [sku_name] => TESTPROD
                                    [quantity] => 1.00
                                    [unit_price] => 5000.00
                                )

                            [2] => Array
                                (
                                    [title] => Panel Square Light
                                    [sku_code] => PSQL
                                    [sku_name] => PSQL
                                    [quantity] => 1.00
                                    [unit_price] => 4000.00
                                )

                        )

                )

        )

    [output] => Array
        (
            [draw] => 1
            [iTotalRecords] => 5
            [iTotalDisplayRecords] => 3
            [aaData] => Array
                (
                )

        )

)

CRITICAL - 2025-06-24 16:30:37 --> Array
(
    [title] => Male Female Connector
    [sku_code] => MFCONN
    [sku_name] => MFCONN
    [quantity] => 1.00
    [unit_price] => 
)

CRITICAL - 2025-06-24 16:30:37 --> Array
(
    [title] => Test Product
    [sku_code] => TESTPROD
    [sku_name] => TESTPROD
    [quantity] => 1.00
    [unit_price] => 
)

CRITICAL - 2025-06-24 16:30:37 --> Array
(
    [title] => Cable Tie (100MM)
    [sku_code] => CBLTY
    [sku_name] => CBLTY
    [quantity] => 1.00
    [unit_price] => 
)

CRITICAL - 2025-06-24 16:30:37 --> Array
(
    [title] => Polycab wires 10 mm
    [sku_code] => PCWR12
    [sku_name] => PCWR12
    [quantity] => 0.00
    [unit_price] => 
)

CRITICAL - 2025-06-24 16:30:37 --> Array
(
    [title] => Test Product
    [sku_code] => TESTPROD
    [sku_name] => TESTPROD
    [quantity] => 1.00
    [unit_price] => 
)

CRITICAL - 2025-06-24 16:30:37 --> Array
(
    [title] => Panel Square Light
    [sku_code] => PSQL
    [sku_name] => PSQL
    [quantity] => 1.00
    [unit_price] => 
)

CRITICAL - 2025-06-24 16:30:37 --> Array
(
    [title] => Panel Square Light
    [sku_code] => PSQL
    [sku_name] => PSQL
    [quantity] => 1.00
    [unit_price] => 
)

CRITICAL - 2025-06-24 16:30:37 --> Array
(
    [title] => Test Product
    [sku_code] => TESTPROD
    [sku_name] => TESTPROD
    [quantity] => 1.00
    [unit_price] => 
)

CRITICAL - 2025-06-24 16:30:37 --> Array
(
    [title] => Test Product
    [sku_code] => TESTPROD
    [sku_name] => TESTPROD
    [quantity] => 1.00
    [unit_price] => 
)

CRITICAL - 2025-06-24 16:30:37 --> Array
(
    [title] => Test Product
    [sku_code] => TESTPROD
    [sku_name] => TESTPROD
    [quantity] => 1.00
    [unit_price] => 
)

CRITICAL - 2025-06-24 16:30:37 --> Array
(
    [title] => Panel Square Light
    [sku_code] => PSQL
    [sku_name] => PSQL
    [quantity] => 1.00
    [unit_price] => 
)

CRITICAL - 2025-06-24 16:30:37 --> Array
(
    [title] => Sanwa-Denki -9WF0424S604B
    [sku_code] => 9WF0424S604B
    [sku_name] => 9WF0424S604B
    [quantity] => 1.00
    [unit_price] => 
)

CRITICAL - 2025-06-24 16:30:37 --> Array
(
    [title] => Polycab wires 10 mm
    [sku_code] => PCWR12
    [sku_name] => PCWR12
    [quantity] => 2.00
    [unit_price] => 0.00
)

CRITICAL - 2025-06-24 16:30:37 --> Array
(
    [title] => Test Product
    [sku_code] => TESTPROD
    [sku_name] => TESTPROD
    [quantity] => 1.00
    [unit_price] => 5000.00
)

CRITICAL - 2025-06-24 16:30:37 --> Array
(
    [title] => Panel Square Light
    [sku_code] => PSQL
    [sku_name] => PSQL
    [quantity] => 1.00
    [unit_price] => 4000.00
)

ERROR - 2025-06-24 16:36:59 --> DEBUG: $sGroupBy = 
ERROR - 2025-06-24 16:36:59 --> Array
(
    [rResult] => Array
        (
            [0] => Array
                (
                    [pur_rq_code] => #PRRSRA-00012-2025
                    [requester] => 5
                    [department] => 4
                    [request_date] => 2025-06-24 16:24:30
                    [status] => 1
                    [id] => 20
                    [title] => Purchase
                    [first_name] => Rakesh
                    [last_name] => Sharma
                    [items] => Array
                        (
                            [0] => Array
                                (
                                    [title] => Male Female Connector
                                    [sku_code] => MFCONN
                                    [sku_name] => MFCONN
                                    [quantity] => 1.00
                                    [unit_price] => 
                                )

                            [1] => Array
                                (
                                    [title] => Test Product
                                    [sku_code] => TESTPROD
                                    [sku_name] => TESTPROD
                                    [quantity] => 1.00
                                    [unit_price] => 
                                )

                            [2] => Array
                                (
                                    [title] => Cable Tie (100MM)
                                    [sku_code] => CBLTY
                                    [sku_name] => CBLTY
                                    [quantity] => 1.00
                                    [unit_price] => 
                                )

                        )

                )

            [1] => Array
                (
                    [pur_rq_code] => #PRRSRA-00010-2025
                    [requester] => 1
                    [department] => 2
                    [request_date] => 2025-06-24 15:41:59
                    [status] => 1
                    [id] => 18
                    [title] => Electrical
                    [first_name] => Sumit
                    [last_name] => Ranjan
                    [items] => Array
                        (
                            [0] => Array
                                (
                                    [title] => Polycab wires 10 mm
                                    [sku_code] => PCWR12
                                    [sku_name] => PCWR12
                                    [quantity] => 0.00
                                    [unit_price] => 
                                )

                            [1] => Array
                                (
                                    [title] => Test Product
                                    [sku_code] => TESTPROD
                                    [sku_name] => TESTPROD
                                    [quantity] => 1.00
                                    [unit_price] => 
                                )

                            [2] => Array
                                (
                                    [title] => Panel Square Light
                                    [sku_code] => PSQL
                                    [sku_name] => PSQL
                                    [quantity] => 1.00
                                    [unit_price] => 
                                )

                        )

                )

            [2] => Array
                (
                    [pur_rq_code] => #PRRSRA-00009-2025
                    [requester] => 1
                    [department] => 4
                    [request_date] => 2025-06-24 15:40:40
                    [status] => 1
                    [id] => 17
                    [title] => Purchase
                    [first_name] => Sumit
                    [last_name] => Ranjan
                    [items] => Array
                        (
                            [0] => Array
                                (
                                    [title] => Panel Square Light
                                    [sku_code] => PSQL
                                    [sku_name] => PSQL
                                    [quantity] => 1.00
                                    [unit_price] => 
                                )

                            [1] => Array
                                (
                                    [title] => Test Product
                                    [sku_code] => TESTPROD
                                    [sku_name] => TESTPROD
                                    [quantity] => 1.00
                                    [unit_price] => 
                                )

                            [2] => Array
                                (
                                    [title] => Test Product
                                    [sku_code] => TESTPROD
                                    [sku_name] => TESTPROD
                                    [quantity] => 1.00
                                    [unit_price] => 
                                )

                        )

                )

            [3] => Array
                (
                    [pur_rq_code] => #PRRSRA-00008-2025
                    [requester] => 1
                    [department] => 4
                    [request_date] => 2025-06-24 15:40:39
                    [status] => 1
                    [id] => 16
                    [title] => Purchase
                    [first_name] => Sumit
                    [last_name] => Ranjan
                    [items] => Array
                        (
                            [0] => Array
                                (
                                    [title] => Test Product
                                    [sku_code] => TESTPROD
                                    [sku_name] => TESTPROD
                                    [quantity] => 1.00
                                    [unit_price] => 
                                )

                            [1] => Array
                                (
                                    [title] => Panel Square Light
                                    [sku_code] => PSQL
                                    [sku_name] => PSQL
                                    [quantity] => 1.00
                                    [unit_price] => 
                                )

                            [2] => Array
                                (
                                    [title] => Sanwa-Denki -9WF0424S604B
                                    [sku_code] => 9WF0424S604B
                                    [sku_name] => 9WF0424S604B
                                    [quantity] => 1.00
                                    [unit_price] => 
                                )

                        )

                )

            [4] => Array
                (
                    [pur_rq_code] => #PRRSRA-00007-2025
                    [requester] => 1
                    [department] => 2
                    [request_date] => 2025-06-24 09:13:02
                    [status] => 1
                    [id] => 15
                    [title] => Electrical
                    [first_name] => Sumit
                    [last_name] => Ranjan
                    [items] => Array
                        (
                            [0] => Array
                                (
                                    [title] => Polycab wires 10 mm
                                    [sku_code] => PCWR12
                                    [sku_name] => PCWR12
                                    [quantity] => 2.00
                                    [unit_price] => 0.00
                                )

                            [1] => Array
                                (
                                    [title] => Test Product
                                    [sku_code] => TESTPROD
                                    [sku_name] => TESTPROD
                                    [quantity] => 1.00
                                    [unit_price] => 5000.00
                                )

                            [2] => Array
                                (
                                    [title] => Panel Square Light
                                    [sku_code] => PSQL
                                    [sku_name] => PSQL
                                    [quantity] => 1.00
                                    [unit_price] => 4000.00
                                )

                        )

                )

        )

    [output] => Array
        (
            [draw] => 1
            [iTotalRecords] => 5
            [iTotalDisplayRecords] => 3
            [aaData] => Array
                (
                )

        )

)

CRITICAL - 2025-06-24 16:36:59 --> Array
(
    [title] => Male Female Connector
    [sku_code] => MFCONN
    [sku_name] => MFCONN
    [quantity] => 1.00
    [unit_price] => 
)

CRITICAL - 2025-06-24 16:36:59 --> Array
(
    [title] => Test Product
    [sku_code] => TESTPROD
    [sku_name] => TESTPROD
    [quantity] => 1.00
    [unit_price] => 
)

CRITICAL - 2025-06-24 16:36:59 --> Array
(
    [title] => Cable Tie (100MM)
    [sku_code] => CBLTY
    [sku_name] => CBLTY
    [quantity] => 1.00
    [unit_price] => 
)

CRITICAL - 2025-06-24 16:36:59 --> Array
(
    [title] => Polycab wires 10 mm
    [sku_code] => PCWR12
    [sku_name] => PCWR12
    [quantity] => 0.00
    [unit_price] => 
)

CRITICAL - 2025-06-24 16:36:59 --> Array
(
    [title] => Test Product
    [sku_code] => TESTPROD
    [sku_name] => TESTPROD
    [quantity] => 1.00
    [unit_price] => 
)

CRITICAL - 2025-06-24 16:36:59 --> Array
(
    [title] => Panel Square Light
    [sku_code] => PSQL
    [sku_name] => PSQL
    [quantity] => 1.00
    [unit_price] => 
)

CRITICAL - 2025-06-24 16:36:59 --> Array
(
    [title] => Panel Square Light
    [sku_code] => PSQL
    [sku_name] => PSQL
    [quantity] => 1.00
    [unit_price] => 
)

CRITICAL - 2025-06-24 16:36:59 --> Array
(
    [title] => Test Product
    [sku_code] => TESTPROD
    [sku_name] => TESTPROD
    [quantity] => 1.00
    [unit_price] => 
)

CRITICAL - 2025-06-24 16:36:59 --> Array
(
    [title] => Test Product
    [sku_code] => TESTPROD
    [sku_name] => TESTPROD
    [quantity] => 1.00
    [unit_price] => 
)

CRITICAL - 2025-06-24 16:36:59 --> Array
(
    [title] => Test Product
    [sku_code] => TESTPROD
    [sku_name] => TESTPROD
    [quantity] => 1.00
    [unit_price] => 
)

CRITICAL - 2025-06-24 16:36:59 --> Array
(
    [title] => Panel Square Light
    [sku_code] => PSQL
    [sku_name] => PSQL
    [quantity] => 1.00
    [unit_price] => 
)

CRITICAL - 2025-06-24 16:36:59 --> Array
(
    [title] => Sanwa-Denki -9WF0424S604B
    [sku_code] => 9WF0424S604B
    [sku_name] => 9WF0424S604B
    [quantity] => 1.00
    [unit_price] => 
)

CRITICAL - 2025-06-24 16:36:59 --> Array
(
    [title] => Polycab wires 10 mm
    [sku_code] => PCWR12
    [sku_name] => PCWR12
    [quantity] => 2.00
    [unit_price] => 0.00
)

CRITICAL - 2025-06-24 16:36:59 --> Array
(
    [title] => Test Product
    [sku_code] => TESTPROD
    [sku_name] => TESTPROD
    [quantity] => 1.00
    [unit_price] => 5000.00
)

CRITICAL - 2025-06-24 16:36:59 --> Array
(
    [title] => Panel Square Light
    [sku_code] => PSQL
    [sku_name] => PSQL
    [quantity] => 1.00
    [unit_price] => 4000.00
)

CRITICAL - 2025-06-24 16:37:39 --> <tr class="main"><td></td><td width="30%"><div class="form-group" app-field-wrapper="item_text"><input type="text" name="item_text" value="" id="item_text" class="form-control" placeholder="Item Name" autocomplete="off"  />
</div><div class="form-group hide" app-field-wrapper="item_code"><input type="text" name="item_code" value="" id="item_code" class="form-control" placeholder="" autocomplete="off"  />
</div></td><td width="20%"><div class="form-group" app-field-wrapper="sku_code"><input type="text" name="sku_code" value="" id="sku_code" class="form-control" placeholder="default_lang.Make" autocomplete="off"  />
</div></td><td width="20%"><div class="form-group" app-field-wrapper="sku_name"><input type="text" name="sku_name" value="" id="sku_name" class="form-control" placeholder="default_lang.Model" autocomplete="off"  />
</div></td><td width="15%" class="quantities"><div class="form-group no-margin" app-field-wrapper="quantity"><input type="number" name="quantity" value="" id="quantity" class="form-control text-right" placeholder="" autocomplete="off" min="0.0" step="any"  />
</div></td><td width="15%"><div class="form-group" app-field-wrapper="unit_name"><input type="text" name="unit_name" value="" id="unit_name" class="form-control" placeholder="default_lang.Unit" autocomplete="off"  />
</div></td><td><button type="button" onclick="pur_add_item_to_table('undefined','undefined'); return false;" class="btn pull-right btn-info text-white"><i data-feather="plus-circle" class="icon-16"></i></button></td></tr>
ERROR - 2025-06-24 16:44:03 --> DEBUG: $sGroupBy = 
ERROR - 2025-06-24 16:44:03 --> Array
(
    [rResult] => Array
        (
            [0] => Array
                (
                    [pur_rq_code] => #PRRSRA-00012-2025
                    [requester] => 5
                    [department] => 4
                    [request_date] => 2025-06-24 16:24:30
                    [status] => 1
                    [id] => 20
                    [title] => Purchase
                    [first_name] => Rakesh
                    [last_name] => Sharma
                    [items] => Array
                        (
                            [0] => Array
                                (
                                    [title] => Male Female Connector
                                    [sku_code] => MFCONN
                                    [sku_name] => MFCONN
                                    [quantity] => 1.00
                                    [unit_price] => 
                                )

                            [1] => Array
                                (
                                    [title] => Test Product
                                    [sku_code] => TESTPROD
                                    [sku_name] => TESTPROD
                                    [quantity] => 1.00
                                    [unit_price] => 
                                )

                            [2] => Array
                                (
                                    [title] => Cable Tie (100MM)
                                    [sku_code] => CBLTY
                                    [sku_name] => CBLTY
                                    [quantity] => 1.00
                                    [unit_price] => 
                                )

                        )

                )

            [1] => Array
                (
                    [pur_rq_code] => #PRRSRA-00010-2025
                    [requester] => 1
                    [department] => 2
                    [request_date] => 2025-06-24 15:41:59
                    [status] => 1
                    [id] => 18
                    [title] => Electrical
                    [first_name] => Sumit
                    [last_name] => Ranjan
                    [items] => Array
                        (
                            [0] => Array
                                (
                                    [title] => Polycab wires 10 mm
                                    [sku_code] => PCWR12
                                    [sku_name] => PCWR12
                                    [quantity] => 0.00
                                    [unit_price] => 
                                )

                            [1] => Array
                                (
                                    [title] => Test Product
                                    [sku_code] => TESTPROD
                                    [sku_name] => TESTPROD
                                    [quantity] => 1.00
                                    [unit_price] => 
                                )

                            [2] => Array
                                (
                                    [title] => Panel Square Light
                                    [sku_code] => PSQL
                                    [sku_name] => PSQL
                                    [quantity] => 1.00
                                    [unit_price] => 
                                )

                        )

                )

            [2] => Array
                (
                    [pur_rq_code] => #PRRSRA-00009-2025
                    [requester] => 1
                    [department] => 4
                    [request_date] => 2025-06-24 15:40:40
                    [status] => 1
                    [id] => 17
                    [title] => Purchase
                    [first_name] => Sumit
                    [last_name] => Ranjan
                    [items] => Array
                        (
                            [0] => Array
                                (
                                    [title] => Panel Square Light
                                    [sku_code] => PSQL
                                    [sku_name] => PSQL
                                    [quantity] => 1.00
                                    [unit_price] => 
                                )

                            [1] => Array
                                (
                                    [title] => Test Product
                                    [sku_code] => TESTPROD
                                    [sku_name] => TESTPROD
                                    [quantity] => 1.00
                                    [unit_price] => 
                                )

                            [2] => Array
                                (
                                    [title] => Test Product
                                    [sku_code] => TESTPROD
                                    [sku_name] => TESTPROD
                                    [quantity] => 1.00
                                    [unit_price] => 
                                )

                        )

                )

            [3] => Array
                (
                    [pur_rq_code] => #PRRSRA-00008-2025
                    [requester] => 1
                    [department] => 4
                    [request_date] => 2025-06-24 15:40:39
                    [status] => 1
                    [id] => 16
                    [title] => Purchase
                    [first_name] => Sumit
                    [last_name] => Ranjan
                    [items] => Array
                        (
                            [0] => Array
                                (
                                    [title] => Test Product
                                    [sku_code] => TESTPROD
                                    [sku_name] => TESTPROD
                                    [quantity] => 1.00
                                    [unit_price] => 
                                )

                            [1] => Array
                                (
                                    [title] => Panel Square Light
                                    [sku_code] => PSQL
                                    [sku_name] => PSQL
                                    [quantity] => 1.00
                                    [unit_price] => 
                                )

                            [2] => Array
                                (
                                    [title] => Sanwa-Denki -9WF0424S604B
                                    [sku_code] => 9WF0424S604B
                                    [sku_name] => 9WF0424S604B
                                    [quantity] => 1.00
                                    [unit_price] => 
                                )

                        )

                )

            [4] => Array
                (
                    [pur_rq_code] => #PRRSRA-00007-2025
                    [requester] => 1
                    [department] => 2
                    [request_date] => 2025-06-24 09:13:02
                    [status] => 1
                    [id] => 15
                    [title] => Electrical
                    [first_name] => Sumit
                    [last_name] => Ranjan
                    [items] => Array
                        (
                            [0] => Array
                                (
                                    [title] => Polycab wires 10 mm
                                    [sku_code] => PCWR12
                                    [sku_name] => PCWR12
                                    [quantity] => 2.00
                                    [unit_price] => 0.00
                                )

                            [1] => Array
                                (
                                    [title] => Test Product
                                    [sku_code] => TESTPROD
                                    [sku_name] => TESTPROD
                                    [quantity] => 1.00
                                    [unit_price] => 5000.00
                                )

                            [2] => Array
                                (
                                    [title] => Panel Square Light
                                    [sku_code] => PSQL
                                    [sku_name] => PSQL
                                    [quantity] => 1.00
                                    [unit_price] => 4000.00
                                )

                        )

                )

        )

    [output] => Array
        (
            [draw] => 1
            [iTotalRecords] => 5
            [iTotalDisplayRecords] => 3
            [aaData] => Array
                (
                )

        )

)

CRITICAL - 2025-06-24 16:44:03 --> Array
(
    [title] => Male Female Connector
    [sku_code] => MFCONN
    [sku_name] => MFCONN
    [quantity] => 1.00
    [unit_price] => 
)

CRITICAL - 2025-06-24 16:44:04 --> Array
(
    [title] => Test Product
    [sku_code] => TESTPROD
    [sku_name] => TESTPROD
    [quantity] => 1.00
    [unit_price] => 
)

CRITICAL - 2025-06-24 16:44:04 --> Array
(
    [title] => Cable Tie (100MM)
    [sku_code] => CBLTY
    [sku_name] => CBLTY
    [quantity] => 1.00
    [unit_price] => 
)

CRITICAL - 2025-06-24 16:44:04 --> Array
(
    [title] => Polycab wires 10 mm
    [sku_code] => PCWR12
    [sku_name] => PCWR12
    [quantity] => 0.00
    [unit_price] => 
)

CRITICAL - 2025-06-24 16:44:04 --> Array
(
    [title] => Test Product
    [sku_code] => TESTPROD
    [sku_name] => TESTPROD
    [quantity] => 1.00
    [unit_price] => 
)

CRITICAL - 2025-06-24 16:44:04 --> Array
(
    [title] => Panel Square Light
    [sku_code] => PSQL
    [sku_name] => PSQL
    [quantity] => 1.00
    [unit_price] => 
)

CRITICAL - 2025-06-24 16:44:04 --> Array
(
    [title] => Panel Square Light
    [sku_code] => PSQL
    [sku_name] => PSQL
    [quantity] => 1.00
    [unit_price] => 
)

CRITICAL - 2025-06-24 16:44:04 --> Array
(
    [title] => Test Product
    [sku_code] => TESTPROD
    [sku_name] => TESTPROD
    [quantity] => 1.00
    [unit_price] => 
)

CRITICAL - 2025-06-24 16:44:04 --> Array
(
    [title] => Test Product
    [sku_code] => TESTPROD
    [sku_name] => TESTPROD
    [quantity] => 1.00
    [unit_price] => 
)

CRITICAL - 2025-06-24 16:44:04 --> Array
(
    [title] => Test Product
    [sku_code] => TESTPROD
    [sku_name] => TESTPROD
    [quantity] => 1.00
    [unit_price] => 
)

CRITICAL - 2025-06-24 16:44:04 --> Array
(
    [title] => Panel Square Light
    [sku_code] => PSQL
    [sku_name] => PSQL
    [quantity] => 1.00
    [unit_price] => 
)

CRITICAL - 2025-06-24 16:44:04 --> Array
(
    [title] => Sanwa-Denki -9WF0424S604B
    [sku_code] => 9WF0424S604B
    [sku_name] => 9WF0424S604B
    [quantity] => 1.00
    [unit_price] => 
)

CRITICAL - 2025-06-24 16:44:04 --> Array
(
    [title] => Polycab wires 10 mm
    [sku_code] => PCWR12
    [sku_name] => PCWR12
    [quantity] => 2.00
    [unit_price] => 0.00
)

CRITICAL - 2025-06-24 16:44:04 --> Array
(
    [title] => Test Product
    [sku_code] => TESTPROD
    [sku_name] => TESTPROD
    [quantity] => 1.00
    [unit_price] => 5000.00
)

CRITICAL - 2025-06-24 16:44:04 --> Array
(
    [title] => Panel Square Light
    [sku_code] => PSQL
    [sku_name] => PSQL
    [quantity] => 1.00
    [unit_price] => 4000.00
)

CRITICAL - 2025-06-24 16:44:07 --> <tr class="main"><td></td><td width="30%"><div class="form-group" app-field-wrapper="item_text"><input type="text" name="item_text" value="" id="item_text" class="form-control" placeholder="Item Name" autocomplete="off"  />
</div><div class="form-group hide" app-field-wrapper="item_code"><input type="text" name="item_code" value="" id="item_code" class="form-control" placeholder="" autocomplete="off"  />
</div></td><td width="20%"><div class="form-group" app-field-wrapper="sku_code"><input type="text" name="sku_code" value="" id="sku_code" class="form-control" placeholder="default_lang.Make" autocomplete="off"  />
</div></td><td width="20%"><div class="form-group" app-field-wrapper="sku_name"><input type="text" name="sku_name" value="" id="sku_name" class="form-control" placeholder="default_lang.Model" autocomplete="off"  />
</div></td><td width="15%" class="quantities"><div class="form-group no-margin" app-field-wrapper="quantity"><input type="number" name="quantity" value="" id="quantity" class="form-control text-right" placeholder="" autocomplete="off" min="0.0" step="any"  />
</div></td><td width="15%"><div class="form-group" app-field-wrapper="unit_name"><input type="text" name="unit_name" value="" id="unit_name" class="form-control" placeholder="default_lang.Unit" autocomplete="off"  />
</div></td><td><button type="button" onclick="pur_add_item_to_table('undefined','undefined'); return false;" class="btn pull-right btn-info text-white"><i data-feather="plus-circle" class="icon-16"></i></button></td></tr>
ERROR - 2025-06-24 16:44:12 --> DEBUG: $sGroupBy = 
ERROR - 2025-06-24 16:44:12 --> Array
(
    [rResult] => Array
        (
            [0] => Array
                (
                    [pur_rq_code] => #PRRSRA-00012-2025
                    [requester] => 5
                    [department] => 4
                    [request_date] => 2025-06-24 16:24:30
                    [status] => 1
                    [id] => 20
                    [title] => Purchase
                    [first_name] => Rakesh
                    [last_name] => Sharma
                    [items] => Array
                        (
                            [0] => Array
                                (
                                    [title] => Male Female Connector
                                    [sku_code] => MFCONN
                                    [sku_name] => MFCONN
                                    [quantity] => 1.00
                                    [unit_price] => 
                                )

                            [1] => Array
                                (
                                    [title] => Test Product
                                    [sku_code] => TESTPROD
                                    [sku_name] => TESTPROD
                                    [quantity] => 1.00
                                    [unit_price] => 
                                )

                            [2] => Array
                                (
                                    [title] => Cable Tie (100MM)
                                    [sku_code] => CBLTY
                                    [sku_name] => CBLTY
                                    [quantity] => 1.00
                                    [unit_price] => 
                                )

                        )

                )

            [1] => Array
                (
                    [pur_rq_code] => #PRRSRA-00010-2025
                    [requester] => 1
                    [department] => 2
                    [request_date] => 2025-06-24 15:41:59
                    [status] => 1
                    [id] => 18
                    [title] => Electrical
                    [first_name] => Sumit
                    [last_name] => Ranjan
                    [items] => Array
                        (
                            [0] => Array
                                (
                                    [title] => Polycab wires 10 mm
                                    [sku_code] => PCWR12
                                    [sku_name] => PCWR12
                                    [quantity] => 0.00
                                    [unit_price] => 
                                )

                            [1] => Array
                                (
                                    [title] => Test Product
                                    [sku_code] => TESTPROD
                                    [sku_name] => TESTPROD
                                    [quantity] => 1.00
                                    [unit_price] => 
                                )

                            [2] => Array
                                (
                                    [title] => Panel Square Light
                                    [sku_code] => PSQL
                                    [sku_name] => PSQL
                                    [quantity] => 1.00
                                    [unit_price] => 
                                )

                        )

                )

            [2] => Array
                (
                    [pur_rq_code] => #PRRSRA-00009-2025
                    [requester] => 1
                    [department] => 4
                    [request_date] => 2025-06-24 15:40:40
                    [status] => 1
                    [id] => 17
                    [title] => Purchase
                    [first_name] => Sumit
                    [last_name] => Ranjan
                    [items] => Array
                        (
                            [0] => Array
                                (
                                    [title] => Panel Square Light
                                    [sku_code] => PSQL
                                    [sku_name] => PSQL
                                    [quantity] => 1.00
                                    [unit_price] => 
                                )

                            [1] => Array
                                (
                                    [title] => Test Product
                                    [sku_code] => TESTPROD
                                    [sku_name] => TESTPROD
                                    [quantity] => 1.00
                                    [unit_price] => 
                                )

                            [2] => Array
                                (
                                    [title] => Test Product
                                    [sku_code] => TESTPROD
                                    [sku_name] => TESTPROD
                                    [quantity] => 1.00
                                    [unit_price] => 
                                )

                        )

                )

            [3] => Array
                (
                    [pur_rq_code] => #PRRSRA-00008-2025
                    [requester] => 1
                    [department] => 4
                    [request_date] => 2025-06-24 15:40:39
                    [status] => 1
                    [id] => 16
                    [title] => Purchase
                    [first_name] => Sumit
                    [last_name] => Ranjan
                    [items] => Array
                        (
                            [0] => Array
                                (
                                    [title] => Test Product
                                    [sku_code] => TESTPROD
                                    [sku_name] => TESTPROD
                                    [quantity] => 1.00
                                    [unit_price] => 
                                )

                            [1] => Array
                                (
                                    [title] => Panel Square Light
                                    [sku_code] => PSQL
                                    [sku_name] => PSQL
                                    [quantity] => 1.00
                                    [unit_price] => 
                                )

                            [2] => Array
                                (
                                    [title] => Sanwa-Denki -9WF0424S604B
                                    [sku_code] => 9WF0424S604B
                                    [sku_name] => 9WF0424S604B
                                    [quantity] => 1.00
                                    [unit_price] => 
                                )

                        )

                )

            [4] => Array
                (
                    [pur_rq_code] => #PRRSRA-00007-2025
                    [requester] => 1
                    [department] => 2
                    [request_date] => 2025-06-24 09:13:02
                    [status] => 1
                    [id] => 15
                    [title] => Electrical
                    [first_name] => Sumit
                    [last_name] => Ranjan
                    [items] => Array
                        (
                            [0] => Array
                                (
                                    [title] => Polycab wires 10 mm
                                    [sku_code] => PCWR12
                                    [sku_name] => PCWR12
                                    [quantity] => 2.00
                                    [unit_price] => 0.00
                                )

                            [1] => Array
                                (
                                    [title] => Test Product
                                    [sku_code] => TESTPROD
                                    [sku_name] => TESTPROD
                                    [quantity] => 1.00
                                    [unit_price] => 5000.00
                                )

                            [2] => Array
                                (
                                    [title] => Panel Square Light
                                    [sku_code] => PSQL
                                    [sku_name] => PSQL
                                    [quantity] => 1.00
                                    [unit_price] => 4000.00
                                )

                        )

                )

        )

    [output] => Array
        (
            [draw] => 1
            [iTotalRecords] => 5
            [iTotalDisplayRecords] => 3
            [aaData] => Array
                (
                )

        )

)

CRITICAL - 2025-06-24 16:44:12 --> Array
(
    [title] => Male Female Connector
    [sku_code] => MFCONN
    [sku_name] => MFCONN
    [quantity] => 1.00
    [unit_price] => 
)

CRITICAL - 2025-06-24 16:44:12 --> Array
(
    [title] => Test Product
    [sku_code] => TESTPROD
    [sku_name] => TESTPROD
    [quantity] => 1.00
    [unit_price] => 
)

CRITICAL - 2025-06-24 16:44:12 --> Array
(
    [title] => Cable Tie (100MM)
    [sku_code] => CBLTY
    [sku_name] => CBLTY
    [quantity] => 1.00
    [unit_price] => 
)

CRITICAL - 2025-06-24 16:44:12 --> Array
(
    [title] => Polycab wires 10 mm
    [sku_code] => PCWR12
    [sku_name] => PCWR12
    [quantity] => 0.00
    [unit_price] => 
)

CRITICAL - 2025-06-24 16:44:12 --> Array
(
    [title] => Test Product
    [sku_code] => TESTPROD
    [sku_name] => TESTPROD
    [quantity] => 1.00
    [unit_price] => 
)

CRITICAL - 2025-06-24 16:44:12 --> Array
(
    [title] => Panel Square Light
    [sku_code] => PSQL
    [sku_name] => PSQL
    [quantity] => 1.00
    [unit_price] => 
)

CRITICAL - 2025-06-24 16:44:12 --> Array
(
    [title] => Panel Square Light
    [sku_code] => PSQL
    [sku_name] => PSQL
    [quantity] => 1.00
    [unit_price] => 
)

CRITICAL - 2025-06-24 16:44:12 --> Array
(
    [title] => Test Product
    [sku_code] => TESTPROD
    [sku_name] => TESTPROD
    [quantity] => 1.00
    [unit_price] => 
)

CRITICAL - 2025-06-24 16:44:12 --> Array
(
    [title] => Test Product
    [sku_code] => TESTPROD
    [sku_name] => TESTPROD
    [quantity] => 1.00
    [unit_price] => 
)

CRITICAL - 2025-06-24 16:44:12 --> Array
(
    [title] => Test Product
    [sku_code] => TESTPROD
    [sku_name] => TESTPROD
    [quantity] => 1.00
    [unit_price] => 
)

CRITICAL - 2025-06-24 16:44:12 --> Array
(
    [title] => Panel Square Light
    [sku_code] => PSQL
    [sku_name] => PSQL
    [quantity] => 1.00
    [unit_price] => 
)

CRITICAL - 2025-06-24 16:44:12 --> Array
(
    [title] => Sanwa-Denki -9WF0424S604B
    [sku_code] => 9WF0424S604B
    [sku_name] => 9WF0424S604B
    [quantity] => 1.00
    [unit_price] => 
)

CRITICAL - 2025-06-24 16:44:12 --> Array
(
    [title] => Polycab wires 10 mm
    [sku_code] => PCWR12
    [sku_name] => PCWR12
    [quantity] => 2.00
    [unit_price] => 0.00
)

CRITICAL - 2025-06-24 16:44:12 --> Array
(
    [title] => Test Product
    [sku_code] => TESTPROD
    [sku_name] => TESTPROD
    [quantity] => 1.00
    [unit_price] => 5000.00
)

CRITICAL - 2025-06-24 16:44:12 --> Array
(
    [title] => Panel Square Light
    [sku_code] => PSQL
    [sku_name] => PSQL
    [quantity] => 1.00
    [unit_price] => 4000.00
)

CRITICAL - 2025-06-24 16:44:23 --> Hitting the api
CRITICAL - 2025-06-24 16:44:23 --> CodeIgniter\Database\MySQLi\Builder Object
(
    [resetDeleteData:protected] => 
    [QBSelect:protected] => Array
        (
        )

    [QBDistinct:protected] => 
    [QBFrom:protected] => Array
        (
            [0] => `rise_pur_approval_details`
        )

    [QBJoin:protected] => Array
        (
        )

    [QBWhere:protected] => Array
        (
        )

    [QBGroupBy] => Array
        (
        )

    [QBHaving:protected] => Array
        (
        )

    [QBKeys:protected] => Array
        (
        )

    [QBLimit:protected] => 
    [QBOffset:protected] => 
    [QBOrderBy] => Array
        (
        )

    [QBUnion:protected] => Array
        (
        )

    [QBNoEscape] => Array
        (
        )

    [QBSet:protected] => Array
        (
        )

    [QBWhereGroupStarted:protected] => 
    [QBWhereGroupCount:protected] => 0
    [QBIgnore:protected] => 
    [db:protected] => CodeIgniter\Database\MySQLi\Connection Object
        (
            [DSN:protected] => 
            [port:protected] => 3306
            [hostname:protected] => localhost
            [username:protected] => root
            [password:protected] => 
            [database:protected] => rsra_crm
            [DBDriver] => MySQLi
            [subdriver:protected] => 
            [DBPrefix:protected] => rise_
            [pConnect:protected] => 
            [DBDebug:protected] => 1
            [charset:protected] => utf8
            [DBCollat:protected] => utf8_general_ci
            [swapPre:protected] => 
            [encrypt:protected] => 
            [compress:protected] => 
            [strictOn:protected] => 
            [failover:protected] => Array
                (
                )

            [lastQuery:protected] => CodeIgniter\Database\Query Object
                (
                    [originalQueryString:protected] => INSERT INTO `rise_pur_approval_details` (`action`, `staffid`, `date_send`, `rel_id`, `rel_type`, `sender`) VALUES (:action:, :staffid:, :date_send:, :rel_id:, :rel_type:, :sender:)
                    [finalQueryString:protected] => INSERT INTO `rise_pur_approval_details` (`action`, `staffid`, `date_send`, `rel_id`, `rel_type`, `sender`) VALUES ('approve', '9', '2025-06-24 16:44:23', '18', 'pur_request', '1')
                    [binds:protected] => Array
                        (
                            [action] => Array
                                (
                                    [0] => approve
                                    [1] => 1
                                )

                            [staffid] => Array
                                (
                                    [0] => 9
                                    [1] => 1
                                )

                            [date_send] => Array
                                (
                                    [0] => 2025-06-24 16:44:23
                                    [1] => 1
                                )

                            [rel_id] => Array
                                (
                                    [0] => 18
                                    [1] => 1
                                )

                            [rel_type] => Array
                                (
                                    [0] => pur_request
                                    [1] => 1
                                )

                            [sender] => Array
                                (
                                    [0] => 1
                                    [1] => 1
                                )

                        )

                    [bindMarker:protected] => ?
                    [startTime:protected] => 1750801463.2675
                    [endTime:protected] => 1750801463.5451
                    [errorCode:protected] => 
                    [errorString:protected] => 
                    [db] => CodeIgniter\Database\MySQLi\Connection Object
 *RECURSION*
                )

            [connID] => mysqli Object
                (
                    [affected_rows] => 1
                    [client_info] => mysqlnd 8.1.25
                    [client_version] => 80125
                    [connect_errno] => 0
                    [connect_error] => 
                    [errno] => 0
                    [error] => 
                    [error_list] => Array
                        (
                        )

                    [field_count] => 0
                    [host_info] => localhost via TCP/IP
                    [info] => 
                    [insert_id] => 19
                    [server_info] => 10.4.32-MariaDB
                    [server_version] => 100432
                    [sqlstate] => 00000
                    [protocol_version] => 10
                    [thread_id] => 6335
                    [warning_count] => 0
                )

            [resultID] => 1
            [protectIdentifiers] => 1
            [reservedIdentifiers:protected] => Array
                (
                    [0] => *
                )

            [escapeChar] => `
            [likeEscapeStr] =>  ESCAPE '%s' 
            [likeEscapeChar] => !
            [pregEscapeChar:protected] => Array
                (
                    [1] => `
                    [0] => `
                    [3] => `
                    [2] => `
                )

            [dataCache] => Array
                (
                )

            [connectTime:protected] => 1750801463.1656
            [connectDuration:protected] => 0.011901140213013
            [pretend:protected] => 
            [transEnabled] => 1
            [transStrict] => 1
            [transDepth:protected] => 0
            [transStatus:protected] => 1
            [transFailure:protected] => 
            [aliasedTables:protected] => Array
                (
                )

            [queryClass:protected] => CodeIgniter\Database\Query
            [deleteHack] => 1
            [mysqli] => mysqli Object
                (
                    [affected_rows] => 1
                    [client_info] => mysqlnd 8.1.25
                    [client_version] => 80125
                    [connect_errno] => 0
                    [connect_error] => 
                    [errno] => 0
                    [error] => 
                    [error_list] => Array
                        (
                        )

                    [field_count] => 0
                    [host_info] => localhost via TCP/IP
                    [info] => 
                    [insert_id] => 19
                    [server_info] => 10.4.32-MariaDB
                    [server_version] => 100432
                    [sqlstate] => 00000
                    [protocol_version] => 10
                    [thread_id] => 6335
                    [warning_count] => 0
                )

            [resultMode] => 0
        )

    [tableName:protected] => rise_pur_approval_details
    [randomKeyword:protected] => Array
        (
            [0] => RAND()
            [1] => RAND(%d)
        )

    [countString:protected] => SELECT COUNT(*) AS 
    [binds:protected] => Array
        (
        )

    [bindsKeyCount:protected] => Array
        (
        )

    [canLimitDeletes:protected] => 1
    [canLimitWhereUpdates:protected] => 1
    [supportedIgnoreStatements:protected] => Array
        (
            [update] => IGNORE
            [insert] => IGNORE
            [delete] => IGNORE
        )

    [testMode:protected] => 
    [joinTypes:protected] => Array
        (
            [0] => LEFT
            [1] => RIGHT
            [2] => OUTER
            [3] => INNER
            [4] => LEFT OUTER
            [5] => RIGHT OUTER
        )

    [isLiteralStr:protected] => Array
        (
        )

    [pregOperators:protected] => Array
        (
        )

    [escapeChar:protected] => `
)

CRITICAL - 2025-06-24 16:44:23 --> CodeIgniter\Database\MySQLi\Builder Object
(
    [resetDeleteData:protected] => 
    [QBSelect:protected] => Array
        (
        )

    [QBDistinct:protected] => 
    [QBFrom:protected] => Array
        (
            [0] => `rise_pur_approval_details`
        )

    [QBJoin:protected] => Array
        (
        )

    [QBWhere:protected] => Array
        (
        )

    [QBGroupBy] => Array
        (
        )

    [QBHaving:protected] => Array
        (
        )

    [QBKeys:protected] => Array
        (
        )

    [QBLimit:protected] => 
    [QBOffset:protected] => 
    [QBOrderBy] => Array
        (
        )

    [QBUnion:protected] => Array
        (
        )

    [QBNoEscape] => Array
        (
        )

    [QBSet:protected] => Array
        (
        )

    [QBWhereGroupStarted:protected] => 
    [QBWhereGroupCount:protected] => 0
    [QBIgnore:protected] => 
    [db:protected] => CodeIgniter\Database\MySQLi\Connection Object
        (
            [DSN:protected] => 
            [port:protected] => 3306
            [hostname:protected] => localhost
            [username:protected] => root
            [password:protected] => 
            [database:protected] => rsra_crm
            [DBDriver] => MySQLi
            [subdriver:protected] => 
            [DBPrefix:protected] => rise_
            [pConnect:protected] => 
            [DBDebug:protected] => 1
            [charset:protected] => utf8
            [DBCollat:protected] => utf8_general_ci
            [swapPre:protected] => 
            [encrypt:protected] => 
            [compress:protected] => 
            [strictOn:protected] => 
            [failover:protected] => Array
                (
                )

            [lastQuery:protected] => CodeIgniter\Database\Query Object
                (
                    [originalQueryString:protected] => INSERT INTO `rise_pur_approval_details` (`action`, `staffid`, `date_send`, `rel_id`, `rel_type`, `sender`) VALUES (:action:, :staffid:, :date_send:, :rel_id:, :rel_type:, :sender:)
                    [finalQueryString:protected] => INSERT INTO `rise_pur_approval_details` (`action`, `staffid`, `date_send`, `rel_id`, `rel_type`, `sender`) VALUES ('approve', '8', '2025-06-24 16:44:23', '18', 'pur_request', '1')
                    [binds:protected] => Array
                        (
                            [action] => Array
                                (
                                    [0] => approve
                                    [1] => 1
                                )

                            [staffid] => Array
                                (
                                    [0] => 8
                                    [1] => 1
                                )

                            [date_send] => Array
                                (
                                    [0] => 2025-06-24 16:44:23
                                    [1] => 1
                                )

                            [rel_id] => Array
                                (
                                    [0] => 18
                                    [1] => 1
                                )

                            [rel_type] => Array
                                (
                                    [0] => pur_request
                                    [1] => 1
                                )

                            [sender] => Array
                                (
                                    [0] => 1
                                    [1] => 1
                                )

                        )

                    [bindMarker:protected] => ?
                    [startTime:protected] => 1750801463.5466
                    [endTime:protected] => 1750801463.7244
                    [errorCode:protected] => 
                    [errorString:protected] => 
                    [db] => CodeIgniter\Database\MySQLi\Connection Object
 *RECURSION*
                )

            [connID] => mysqli Object
                (
                    [affected_rows] => 1
                    [client_info] => mysqlnd 8.1.25
                    [client_version] => 80125
                    [connect_errno] => 0
                    [connect_error] => 
                    [errno] => 0
                    [error] => 
                    [error_list] => Array
                        (
                        )

                    [field_count] => 0
                    [host_info] => localhost via TCP/IP
                    [info] => 
                    [insert_id] => 20
                    [server_info] => 10.4.32-MariaDB
                    [server_version] => 100432
                    [sqlstate] => 00000
                    [protocol_version] => 10
                    [thread_id] => 6335
                    [warning_count] => 0
                )

            [resultID] => 1
            [protectIdentifiers] => 1
            [reservedIdentifiers:protected] => Array
                (
                    [0] => *
                )

            [escapeChar] => `
            [likeEscapeStr] =>  ESCAPE '%s' 
            [likeEscapeChar] => !
            [pregEscapeChar:protected] => Array
                (
                    [1] => `
                    [0] => `
                    [3] => `
                    [2] => `
                )

            [dataCache] => Array
                (
                )

            [connectTime:protected] => 1750801463.1656
            [connectDuration:protected] => 0.011901140213013
            [pretend:protected] => 
            [transEnabled] => 1
            [transStrict] => 1
            [transDepth:protected] => 0
            [transStatus:protected] => 1
            [transFailure:protected] => 
            [aliasedTables:protected] => Array
                (
                )

            [queryClass:protected] => CodeIgniter\Database\Query
            [deleteHack] => 1
            [mysqli] => mysqli Object
                (
                    [affected_rows] => 1
                    [client_info] => mysqlnd 8.1.25
                    [client_version] => 80125
                    [connect_errno] => 0
                    [connect_error] => 
                    [errno] => 0
                    [error] => 
                    [error_list] => Array
                        (
                        )

                    [field_count] => 0
                    [host_info] => localhost via TCP/IP
                    [info] => 
                    [insert_id] => 20
                    [server_info] => 10.4.32-MariaDB
                    [server_version] => 100432
                    [sqlstate] => 00000
                    [protocol_version] => 10
                    [thread_id] => 6335
                    [warning_count] => 0
                )

            [resultMode] => 0
        )

    [tableName:protected] => rise_pur_approval_details
    [randomKeyword:protected] => Array
        (
            [0] => RAND()
            [1] => RAND(%d)
        )

    [countString:protected] => SELECT COUNT(*) AS 
    [binds:protected] => Array
        (
        )

    [bindsKeyCount:protected] => Array
        (
        )

    [canLimitDeletes:protected] => 1
    [canLimitWhereUpdates:protected] => 1
    [supportedIgnoreStatements:protected] => Array
        (
            [update] => IGNORE
            [insert] => IGNORE
            [delete] => IGNORE
        )

    [testMode:protected] => 
    [joinTypes:protected] => Array
        (
            [0] => LEFT
            [1] => RIGHT
            [2] => OUTER
            [3] => INNER
            [4] => LEFT OUTER
            [5] => RIGHT OUTER
        )

    [isLiteralStr:protected] => Array
        (
        )

    [pregOperators:protected] => Array
        (
        )

    [escapeChar:protected] => `
)

CRITICAL - 2025-06-24 16:44:23 --> 1
CRITICAL - 2025-06-24 16:44:39 --> Unable to send email using PHP mail(). Your server might not be configured to send mail using this method.<br /><pre>Date: Tue, 24 Jun 2025 16:44:29 -0500
From: &lt;&gt;
Return-Path: &lt;&gt;
Reply-To: &lt;&gt;
User-Agent: CodeIgniter
X-Mailer: CodeIgniter
X-Priority: 3 (Normal)
Message-ID: &lt;685b1c3db8d3e2.06392815&gt;
Mime-Version: 1.0
Content-Type: multipart/alternative; boundary=&quot;B_ALT_685b1c3db8d5d1.04302728&quot;
=?UTF-8?Q?default=5Flang.request=5Fapproval?=
This is a multi-part message in MIME format.
Your email application may not support this format.

--B_ALT_685b1c3db8d5d1.04302728
Content-Type: text/plain; charset=UTF-8
Content-Transfer-Encoding: 8bit

You receive an approval request Purchase Request
http://localhost/rsra/index.php/purchase/view_pur_request/18 from Sumit
Ranjan


--B_ALT_685b1c3db8d5d1.04302728
Content-Type: text/html; charset=UTF-8
Content-Transfer-Encoding: quoted-printable

You receive an approval request Purchase Request &lt;a href=3D&quot;http://localhos=
t/rsra/index.php/purchase/view_pur_request/18&quot;&gt;http://localhost/rsra/index.=
php/purchase/view_pur_request/18&lt;/a&gt; from Sumit Ranjan

--B_ALT_685b1c3db8d5d1.04302728--</pre>
in APPPATH\Helpers\general_helper.php on line 662.
 1 FCPATH\plugins\Purchase\Models\Purchase_model.php(3563): send_app_mail('ananddhariwalrs@gmail.com', 'default_lang.request_approval', 'You receive an approval request Purchase Request <a href="http://localhost/rsra/index.php/purchase/view_pur_request/18">http://localhost/rsra/index.php/purchase/view_pur_request/18</a> from Sumit Ranjan')
 2 FCPATH\plugins\Purchase\Controllers\Purchase.php(2682): Purchase\Models\Purchase_model->send_mail([...])
 3 SYSTEMPATH\CodeIgniter.php(896): Purchase\Controllers\Purchase->send_mail()
 4 SYSTEMPATH\CodeIgniter.php(466): CodeIgniter\CodeIgniter->runController(Object(Purchase\Controllers\Purchase))
 5 SYSTEMPATH\CodeIgniter.php(349): CodeIgniter\CodeIgniter->handleRequest(null, Object(Config\Cache), false)
 6 FCPATH\index.php(80): CodeIgniter\CodeIgniter->run()
ERROR - 2025-06-24 16:44:56 --> DEBUG: $sGroupBy = 
ERROR - 2025-06-24 16:44:57 --> Got row asArray
(
    [number] => 1
    [total] => 5500.00
    [total_tax] => 0.00
    [vendor] => 1
    [pur_request] => 13
    [date] => 2025-06-08
    [expirydate] => 2025-06-08
    [status] => 2
    [id] => 1
    [invoiceid] => 
    [deleted_vendor_name] => 
    [currency] => 
    [company] => Surya Infotech
    [pur_rq_name] => 
    [pur_rq_code] => 
    [items] => Array
        (
        )

)

ERROR - 2025-06-24 16:44:57 --> Got row asArray
(
    [number] => 2
    [total] => 0.00
    [total_tax] => 0.00
    [vendor] => 1
    [pur_request] => 9
    [date] => 2025-06-18
    [expirydate] => 2025-06-18
    [status] => 1
    [id] => 2
    [invoiceid] => 
    [deleted_vendor_name] => 
    [currency] => 
    [company] => Surya Infotech
    [pur_rq_name] => 
    [pur_rq_code] => 
    [items] => Array
        (
        )

)

